gowin_pack -d GW5AST-138C -o big-shift-tangmega138k.fs big-shift-tangmega138k.json
gowin_pack -d GW5AST-138C -o attosoc-tangmega138k.fs attosoc-tangmega138k.json
gowin_pack -d GW5AST-138C -o uart-message-tangmega138k.fs uart-message-tangmega138k.json
gowin_pack -d GW5AST-138C -o ae350-emb-tcm-tangmega138k.fs ae350-emb-tcm-tangmega138k.json
gowin_pack --jtag_as_gpio --sspi_as_gpio --mspi_as_gpio --ready_as_gpio --done_as_gpio -d GW5AST-138C -o dualpin-tangmega138k.fs dualpin-tangmega138k.json
yosys -D INV_BTN=0 -p "read_verilog iddr-boardclk.v; synth_gowin -json iddr-boardclk-tangmega138k-synth.json -family gw5a -setundef"
yosys -p "read_verilog oddr-io.v; synth_gowin -json oddr-io-tangmega138k-synth.json -family gw5a -setundef"
yosys -p "read_verilog iddr-io.v; synth_gowin -json iddr-io-tangmega138k-synth.json -family gw5a -setundef"

 /----------------------------------------------------------------------------\
 |  yosys -- Yosys Open SYnthesis Suite                                       |
 |  Copyright (C) 2012 - 2026  Claire Xenia Wolf <claire@yosyshq.com>         |
 |  Distributed under an ISC-like license, type "license" to see terms        |
 \----------------------------------------------------------------------------/
 Yosys 0.63 (git sha1 70a11c6bf0e8dd669f56c7da3587f78b405138e2, clang++ 17.0.0 -fPIC -O3)

-- Running command `read_verilog iddr-io.v; synth_gowin -json iddr-io-tangmega138k-synth.json -family gw5a -setundef' --

1. Executing Verilog-2005 frontend: iddr-io.v

 /----------------------------------------------------------------------------\
 |  yosys -- Yosys Open SYnthesis Suite                                       |
 |  Copyright (C) 2012 - 2026  Claire Xenia Wolf <claire@yosyshq.com>         |
 |  Distributed under an ISC-like license, type "license" to see terms        |
 \----------------------------------------------------------------------------/
 Yosys 0.63 (git sha1 70a11c6bf0e8dd669f56c7da3587f78b405138e2, clang++ 17.0.0 -fPIC -O3)

-- Running command `read_verilog oddr-io.v; synth_gowin -json oddr-io-tangmega138k-synth.json -family gw5a -setundef' --

1. Executing Verilog-2005 frontend: oddr-io.v

 /----------------------------------------------------------------------------\
 |  yosys -- Yosys Open SYnthesis Suite                                       |
 |  Copyright (C) 2012 - 2026  Claire Xenia Wolf <claire@yosyshq.com>         |
 |  Distributed under an ISC-like license, type "license" to see terms        |
 \----------------------------------------------------------------------------/
 Yosys 0.63 (git sha1 70a11c6bf0e8dd669f56c7da3587f78b405138e2, clang++ 17.0.0 -fPIC -O3)

-- Running command `read -define INV_BTN=0' --

-- Running command `read_verilog iddr-boardclk.v; synth_gowin -json iddr-boardclk-tangmega138k-synth.json -family gw5a -setundef' --

1. Executing Verilog-2005 frontend: iddr-boardclk.v
Parsing Verilog input from `iddr-io.v' to AST representation.
Generating RTLIL representation for module `\top'.
Successfully finished Verilog frontend.

2. Executing SYNTH_GOWIN pass.

2.1. Executing Verilog-2005 frontend: /opt/homebrew/bin/../share/yosys/gowin/cells_sim.v
Parsing Verilog input from `iddr-boardclk.v' to AST representation.
Generating RTLIL representation for module `\top'.
Successfully finished Verilog frontend.

2. Executing SYNTH_GOWIN pass.
Parsing Verilog input from `oddr-io.v' to AST representation.
Generating RTLIL representation for module `\top'.
Successfully finished Verilog frontend.

2. Executing SYNTH_GOWIN pass.

2.1. Executing Verilog-2005 frontend: /opt/homebrew/bin/../share/yosys/gowin/cells_sim.v

2.1. Executing Verilog-2005 frontend: /opt/homebrew/bin/../share/yosys/gowin/cells_sim.v
Parsing Verilog input from `/opt/homebrew/bin/../share/yosys/gowin/cells_sim.v' to AST representation.
Generating RTLIL representation for module `\LUT1'.
Generating RTLIL representation for module `\LUT2'.
Generating RTLIL representation for module `\LUT3'.
Generating RTLIL representation for module `\LUT4'.
Generating RTLIL representation for module `\__APICULA_LUT5'.
Generating RTLIL representation for module `\__APICULA_LUT6'.
Generating RTLIL representation for module `\__APICULA_LUT7'.
Generating RTLIL representation for module `\__APICULA_LUT8'.
Generating RTLIL representation for module `\MUX2'.
Generating RTLIL representation for module `\MUX2_LUT5'.
Generating RTLIL representation for module `\MUX2_LUT6'.
Generating RTLIL representation for module `\MUX2_LUT7'.
Generating RTLIL representation for module `\MUX2_LUT8'.
Generating RTLIL representation for module `\DFF'.
Generating RTLIL representation for module `\DFFE'.
Generating RTLIL representation for module `\DFFS'.
Generating RTLIL representation for module `\DFFSE'.
Generating RTLIL representation for module `\DFFR'.
Generating RTLIL representation for module `\DFFRE'.
Generating RTLIL representation for module `\DFFP'.
Generating RTLIL representation for module `\DFFPE'.
Generating RTLIL representation for module `\DFFC'.
Generating RTLIL representation for module `\DFFCE'.
Generating RTLIL representation for module `\DFFN'.
Generating RTLIL representation for module `\DFFNE'.
Generating RTLIL representation for module `\DFFNS'.
Generating RTLIL representation for module `\DFFNSE'.
Generating RTLIL representation for module `\DFFNR'.
Generating RTLIL representation for module `\DFFNRE'.
Generating RTLIL representation for module `\DFFNP'.
Generating RTLIL representation for module `\DFFNPE'.
Generating RTLIL representation for module `\DFFNC'.
Generating RTLIL representation for module `\DFFNCE'.
Generating RTLIL representation for module `\VCC'.
Generating RTLIL representation for module `\GND'.
Generating RTLIL representation for module `\IBUF'.
Generating RTLIL representation for module `\OBUF'.
Generating RTLIL representation for module `\TBUF'.
Generating RTLIL representation for module `\IOBUF'.
Generating RTLIL representation for module `\ELVDS_OBUF'.
Generating RTLIL representation for module `\TLVDS_OBUF'.
Generating RTLIL representation for module `\OSER4'.
Generating RTLIL representation for module `\OSER4_MEM'.
Generating RTLIL representation for module `\OSER8'.
Generating RTLIL representation for module `\OSER10'.
Generating RTLIL representation for module `\OVIDEO'.
Generating RTLIL representation for module `\OSER16'.
Generating RTLIL representation for module `\IDES4'.
Generating RTLIL representation for module `\IDES4_MEM'.
Generating RTLIL representation for module `\IDES8'.
Generating RTLIL representation for module `\IDES10'.
Generating RTLIL representation for module `\IVIDEO'.
Generating RTLIL representation for module `\IDES16'.
Generating RTLIL representation for module `\IDDR'.
Generating RTLIL representation for module `\IDDRC'.
Generating RTLIL representation for module `\DQS'.
Generating RTLIL representation for module `\ODDR'.
Generating RTLIL representation for module `\ODDRC'.
Generating RTLIL representation for module `\GSR'.
Generating RTLIL representation for module `\BANDGAP'.
Generating RTLIL representation for module `\ALU'.
Generating RTLIL representation for module `\RAM16S1'.
Generating RTLIL representation for module `\RAM16S2'.
Generating RTLIL representation for module `\RAM16S4'.
Generating RTLIL representation for module `\RAM16SDP1'.
Generating RTLIL representation for module `\RAM16SDP2'.
Generating RTLIL representation for module `\RAM16SDP4'.
Generating RTLIL representation for module `\SP'.
Generating RTLIL representation for module `\SPX9'.
Generating RTLIL representation for module `\SDP'.
Generating RTLIL representation for module `\SDPX9'.
Generating RTLIL representation for module `\DP'.
Generating RTLIL representation for module `\DPX9'.
Generating RTLIL representation for module `\rPLL'.
Generating RTLIL representation for module `\PLLVR'.
Generating RTLIL representation for module `\OSC'.
Generating RTLIL representation for module `\OSCZ'.
Generating RTLIL representation for module `\OSCF'.
Generating RTLIL representation for module `\OSCH'.
Generating RTLIL representation for module `\OSCW'.
Generating RTLIL representation for module `\OSCO'.
Generating RTLIL representation for module `\EMCU'.
Successfully finished Verilog frontend.

2.2. Executing Verilog-2005 frontend: /opt/homebrew/bin/../share/yosys/gowin/cells_xtra_gw5a.v
Parsing Verilog input from `/opt/homebrew/bin/../share/yosys/gowin/cells_sim.v' to AST representation.
Generating RTLIL representation for module `\LUT1'.
Generating RTLIL representation for module `\LUT2'.
Generating RTLIL representation for module `\LUT3'.
Generating RTLIL representation for module `\LUT4'.
Generating RTLIL representation for module `\__APICULA_LUT5'.
Generating RTLIL representation for module `\__APICULA_LUT6'.
Generating RTLIL representation for module `\__APICULA_LUT7'.
Generating RTLIL representation for module `\__APICULA_LUT8'.
Generating RTLIL representation for module `\MUX2'.
Generating RTLIL representation for module `\MUX2_LUT5'.
Generating RTLIL representation for module `\MUX2_LUT6'.
Generating RTLIL representation for module `\MUX2_LUT7'.
Generating RTLIL representation for module `\MUX2_LUT8'.
Generating RTLIL representation for module `\DFF'.
Generating RTLIL representation for module `\DFFE'.
Generating RTLIL representation for module `\DFFS'.
Generating RTLIL representation for module `\DFFSE'.
Generating RTLIL representation for module `\DFFR'.
Generating RTLIL representation for module `\DFFRE'.
Generating RTLIL representation for module `\DFFP'.
Generating RTLIL representation for module `\DFFPE'.
Generating RTLIL representation for module `\DFFC'.
Generating RTLIL representation for module `\DFFCE'.
Generating RTLIL representation for module `\DFFN'.
Generating RTLIL representation for module `\DFFNE'.
Generating RTLIL representation for module `\DFFNS'.
Generating RTLIL representation for module `\DFFNSE'.
Generating RTLIL representation for module `\DFFNR'.
Generating RTLIL representation for module `\DFFNRE'.
Generating RTLIL representation for module `\DFFNP'.
Generating RTLIL representation for module `\DFFNPE'.
Generating RTLIL representation for module `\DFFNC'.
Generating RTLIL representation for module `\DFFNCE'.
Generating RTLIL representation for module `\VCC'.
Generating RTLIL representation for module `\GND'.
Generating RTLIL representation for module `\IBUF'.
Generating RTLIL representation for module `\OBUF'.
Generating RTLIL representation for module `\TBUF'.
Generating RTLIL representation for module `\IOBUF'.
Generating RTLIL representation for module `\ELVDS_OBUF'.
Generating RTLIL representation for module `\TLVDS_OBUF'.
Generating RTLIL representation for module `\OSER4'.
Generating RTLIL representation for module `\OSER4_MEM'.
Generating RTLIL representation for module `\OSER8'.
Generating RTLIL representation for module `\OSER10'.
Generating RTLIL representation for module `\OVIDEO'.
Generating RTLIL representation for module `\OSER16'.
Generating RTLIL representation for module `\IDES4'.
Generating RTLIL representation for module `\IDES4_MEM'.
Generating RTLIL representation for module `\IDES8'.
Generating RTLIL representation for module `\IDES10'.
Generating RTLIL representation for module `\IVIDEO'.
Generating RTLIL representation for module `\IDES16'.
Generating RTLIL representation for module `\IDDR'.
Generating RTLIL representation for module `\IDDRC'.
Generating RTLIL representation for module `\DQS'.
Generating RTLIL representation for module `\ODDR'.
Generating RTLIL representation for module `\ODDRC'.
Generating RTLIL representation for module `\GSR'.
Generating RTLIL representation for module `\BANDGAP'.
Generating RTLIL representation for module `\ALU'.
Generating RTLIL representation for module `\RAM16S1'.
Generating RTLIL representation for module `\RAM16S2'.
Generating RTLIL representation for module `\RAM16S4'.
Generating RTLIL representation for module `\RAM16SDP1'.
Generating RTLIL representation for module `\RAM16SDP2'.
Generating RTLIL representation for module `\RAM16SDP4'.
Generating RTLIL representation for module `\SP'.
Generating RTLIL representation for module `\SPX9'.
Generating RTLIL representation for module `\SDP'.
Generating RTLIL representation for module `\SDPX9'.
Generating RTLIL representation for module `\DP'.
Generating RTLIL representation for module `\DPX9'.
Generating RTLIL representation for module `\rPLL'.
Generating RTLIL representation for module `\PLLVR'.
Generating RTLIL representation for module `\OSC'.
Generating RTLIL representation for module `\OSCZ'.
Generating RTLIL representation for module `\OSCF'.
Generating RTLIL representation for module `\OSCH'.
Generating RTLIL representation for module `\OSCW'.
Generating RTLIL representation for module `\OSCO'.
Generating RTLIL representation for module `\EMCU'.
Successfully finished Verilog frontend.

2.2. Executing Verilog-2005 frontend: /opt/homebrew/bin/../share/yosys/gowin/cells_xtra_gw5a.v
Parsing Verilog input from `/opt/homebrew/bin/../share/yosys/gowin/cells_sim.v' to AST representation.
Generating RTLIL representation for module `\LUT1'.
Generating RTLIL representation for module `\LUT2'.
Generating RTLIL representation for module `\LUT3'.
Generating RTLIL representation for module `\LUT4'.
Generating RTLIL representation for module `\__APICULA_LUT5'.
Generating RTLIL representation for module `\__APICULA_LUT6'.
Generating RTLIL representation for module `\__APICULA_LUT7'.
Generating RTLIL representation for module `\__APICULA_LUT8'.
Generating RTLIL representation for module `\MUX2'.
Generating RTLIL representation for module `\MUX2_LUT5'.
Generating RTLIL representation for module `\MUX2_LUT6'.
Generating RTLIL representation for module `\MUX2_LUT7'.
Generating RTLIL representation for module `\MUX2_LUT8'.
Generating RTLIL representation for module `\DFF'.
Generating RTLIL representation for module `\DFFE'.
Generating RTLIL representation for module `\DFFS'.
Generating RTLIL representation for module `\DFFSE'.
Generating RTLIL representation for module `\DFFR'.
Generating RTLIL representation for module `\DFFRE'.
Generating RTLIL representation for module `\DFFP'.
Generating RTLIL representation for module `\DFFPE'.
Generating RTLIL representation for module `\DFFC'.
Generating RTLIL representation for module `\DFFCE'.
Generating RTLIL representation for module `\DFFN'.
Generating RTLIL representation for module `\DFFNE'.
Generating RTLIL representation for module `\DFFNS'.
Generating RTLIL representation for module `\DFFNSE'.
Generating RTLIL representation for module `\DFFNR'.
Generating RTLIL representation for module `\DFFNRE'.
Generating RTLIL representation for module `\DFFNP'.
Generating RTLIL representation for module `\DFFNPE'.
Generating RTLIL representation for module `\DFFNC'.
Generating RTLIL representation for module `\DFFNCE'.
Generating RTLIL representation for module `\VCC'.
Generating RTLIL representation for module `\GND'.
Generating RTLIL representation for module `\IBUF'.
Generating RTLIL representation for module `\OBUF'.
Generating RTLIL representation for module `\TBUF'.
Generating RTLIL representation for module `\IOBUF'.
Generating RTLIL representation for module `\ELVDS_OBUF'.
Generating RTLIL representation for module `\TLVDS_OBUF'.
Generating RTLIL representation for module `\OSER4'.
Generating RTLIL representation for module `\OSER4_MEM'.
Generating RTLIL representation for module `\OSER8'.
Generating RTLIL representation for module `\OSER10'.
Generating RTLIL representation for module `\OVIDEO'.
Generating RTLIL representation for module `\OSER16'.
Generating RTLIL representation for module `\IDES4'.
Generating RTLIL representation for module `\IDES4_MEM'.
Generating RTLIL representation for module `\IDES8'.
Generating RTLIL representation for module `\IDES10'.
Generating RTLIL representation for module `\IVIDEO'.
Generating RTLIL representation for module `\IDES16'.
Generating RTLIL representation for module `\IDDR'.
Generating RTLIL representation for module `\IDDRC'.
Generating RTLIL representation for module `\DQS'.
Generating RTLIL representation for module `\ODDR'.
Generating RTLIL representation for module `\ODDRC'.
Generating RTLIL representation for module `\GSR'.
Generating RTLIL representation for module `\BANDGAP'.
Generating RTLIL representation for module `\ALU'.
Generating RTLIL representation for module `\RAM16S1'.
Generating RTLIL representation for module `\RAM16S2'.
Generating RTLIL representation for module `\RAM16S4'.
Generating RTLIL representation for module `\RAM16SDP1'.
Generating RTLIL representation for module `\RAM16SDP2'.
Generating RTLIL representation for module `\RAM16SDP4'.
Generating RTLIL representation for module `\SP'.
Generating RTLIL representation for module `\SPX9'.
Generating RTLIL representation for module `\SDP'.
Generating RTLIL representation for module `\SDPX9'.
Generating RTLIL representation for module `\DP'.
Generating RTLIL representation for module `\DPX9'.
Generating RTLIL representation for module `\rPLL'.
Generating RTLIL representation for module `\PLLVR'.
Generating RTLIL representation for module `\OSC'.
Generating RTLIL representation for module `\OSCZ'.
Generating RTLIL representation for module `\OSCF'.
Generating RTLIL representation for module `\OSCH'.
Generating RTLIL representation for module `\OSCW'.
Generating RTLIL representation for module `\OSCO'.
Generating RTLIL representation for module `\EMCU'.
Successfully finished Verilog frontend.

2.2. Executing Verilog-2005 frontend: /opt/homebrew/bin/../share/yosys/gowin/cells_xtra_gw5a.v
Parsing Verilog input from `/opt/homebrew/bin/../share/yosys/gowin/cells_xtra_gw5a.v' to AST representation.
Generating RTLIL representation for module `\LUT5'.
Generating RTLIL representation for module `\LUT6'.
Generating RTLIL representation for module `\LUT7'.
Generating RTLIL representation for module `\LUT8'.
Generating RTLIL representation for module `\ROM16'.
Generating RTLIL representation for module `\INV'.
Generating RTLIL representation for module `\TLVDS_IBUF'.
Generating RTLIL representation for module `\TLVDS_TBUF'.
Generating RTLIL representation for module `\TLVDS_IOBUF'.
Generating RTLIL representation for module `\ELVDS_TBUF'.
Generating RTLIL representation for module `\ELVDS_IOBUF'.
Generating RTLIL representation for module `\MIPI_IBUF'.
Generating RTLIL representation for module `\MIPI_OBUF_A'.
Generating RTLIL representation for module `\ELVDS_IOBUF_R'.
Generating RTLIL representation for module `\I3C_IOBUF'.
Generating RTLIL representation for module `\TLVDS_IBUF_ADC'.
Generating RTLIL representation for module `\MIPI_CPHY_IBUF'.
Generating RTLIL representation for module `\MIPI_CPHY_OBUF'.
Generating RTLIL representation for module `\SDPB'.
Generating RTLIL representation for module `\SDPX9B'.
Generating RTLIL representation for module `\DPB'.
Generating RTLIL representation for module `\DPX9B'.
Generating RTLIL representation for module `\pROM'.
Generating RTLIL representation for module `\pROMX9'.
Generating RTLIL representation for module `\SDP36KE'.
Generating RTLIL representation for module `\SDP136K'.
Generating RTLIL representation for module `\MULTADDALU12X12'.
Generating RTLIL representation for module `\MULTALU27X18'.
Generating RTLIL representation for module `\MULT12X12'.
Generating RTLIL representation for module `\MULT27X36'.
Generating RTLIL representation for module `\MULTACC'.
Generating RTLIL representation for module `\IDDR_MEM'.
Generating RTLIL representation for module `\ODDR_MEM'.
Replacing existing blackbox module `\IDES4_MEM' at /opt/homebrew/bin/../share/yosys/gowin/cells_xtra_gw5a.v:1033.1-1038.10.
Generating RTLIL representation for module `\IDES4_MEM'.
Generating RTLIL representation for module `\IDES8_MEM'.
Generating RTLIL representation for module `\IDES14'.
Generating RTLIL representation for module `\IDES32'.
Replacing existing blackbox module `\OSER4_MEM' at /opt/homebrew/bin/../share/yosys/gowin/cells_xtra_gw5a.v:1062.1-1070.10.
Generating RTLIL representation for module `\OSER4_MEM'.
Generating RTLIL representation for module `\OSER8_MEM'.
Generating RTLIL representation for module `\OSER14'.
Generating RTLIL representation for module `\IODELAY'.
Generating RTLIL representation for module `\OSIDES32'.
Generating RTLIL representation for module `\OSIDES64'.
Generating RTLIL representation for module `\DCE'.
Generating RTLIL representation for module `\DCS'.
Generating RTLIL representation for module `\DDRDLL'.
Generating RTLIL representation for module `\DLLDLY'.
Generating RTLIL representation for module `\CLKDIV'.
Generating RTLIL representation for module `\CLKDIV2'.
Generating RTLIL representation for module `\DHCE'.
Generating RTLIL representation for module `\OSCA'.
Generating RTLIL representation for module `\OSCB'.
Generating RTLIL representation for module `\PLL'.
Generating RTLIL representation for module `\PLLA'.
Generating RTLIL representation for module `\AE350_SOC'.
Generating RTLIL representation for module `\AE350_RAM'.
Generating RTLIL representation for module `\SAMB'.
Generating RTLIL representation for module `\OTP'.
Generating RTLIL representation for module `\CMSER'.
Generating RTLIL representation for module `\CMSERA'.
Generating RTLIL representation for module `\CMSERB'.
Generating RTLIL representation for module `\SAMBA'.
Generating RTLIL representation for module `\LICD'.
Generating RTLIL representation for module `\MIPI_DPHY'.
Generating RTLIL representation for module `\MIPI_DPHYA'.
Generating RTLIL representation for module `\MIPI_CPHY'.
Generating RTLIL representation for module `\GTR12_QUAD'.
Generating RTLIL representation for module `\GTR12_UPAR'.
Generating RTLIL representation for module `\GTR12_PMAC'.
Generating RTLIL representation for module `\GTR12_QUADA'.
Generating RTLIL representation for module `\GTR12_UPARA'.
Generating RTLIL representation for module `\GTR12_PMACA'.
Generating RTLIL representation for module `\GTR12_QUADB'.
Replacing existing blackbox module `\DQS' at /opt/homebrew/bin/../share/yosys/gowin/cells_xtra_gw5a.v:2512.1-2527.10.
Generating RTLIL representation for module `\DQS'.
Generating RTLIL representation for module `\ADCLRC'.
Generating RTLIL representation for module `\ADCULC'.
Generating RTLIL representation for module `\ADC'.
Generating RTLIL representation for module `\ADC_SAR'.
Generating RTLIL representation for module `\ADCA'.
Successfully finished Verilog frontend.

2.3. Executing HIERARCHY pass (managing design hierarchy).

2.3.1. Finding top of design hierarchy..
root of   1 design levels: top                 
Automatically selected top as design top module.

2.3.2. Analyzing design hierarchy..
Top module:  \top

2.3.3. Analyzing design hierarchy..
Top module:  \top
Removed 0 unused modules.

2.4. Executing PROC pass (convert processes to netlists).

2.4.1. Executing PROC_CLEAN pass (remove empty switches from decision trees).
Cleaned up 0 empty switches.

2.4.2. Executing PROC_RMDEAD pass (remove dead branches from decision trees).
Removed a total of 0 dead cases.

2.4.3. Executing PROC_PRUNE pass (remove redundant assignments in processes).
Removed 0 redundant assignments.
Promoted 0 assignments to connections.

2.4.4. Executing PROC_INIT pass (extract init attributes).

2.4.5. Executing PROC_ARST pass (detect async resets in processes).

2.4.6. Executing PROC_ROM pass (convert switches to ROMs).
Converted 0 switches.

2.4.7. Executing PROC_MUX pass (convert decision trees to multiplexers).

2.4.8. Executing PROC_DLATCH pass (convert process syncs to latches).

2.4.9. Executing PROC_DFF pass (convert process syncs to FFs).

2.4.10. Executing PROC_MEMWR pass (convert process memory writes to cells).

2.4.11. Executing PROC_CLEAN pass (remove empty switches from decision trees).
Cleaned up 0 empty switches.

2.4.12. Executing OPT_EXPR pass (perform const folding).
Optimizing module top.

2.5. Executing FLATTEN pass (flatten design).

2.6. Executing TRIBUF pass.

2.7. Executing DEMINOUT pass (demote inout ports to input or output).

2.8. Executing OPT_EXPR pass (perform const folding).
Optimizing module top.

2.9. Executing OPT_CLEAN pass (remove unused cells and wires).
Finding unused cells or wires in module \top..

2.10. Executing CHECK pass (checking for obvious problems).
Checking module top...
Found and reported 0 problems.

2.11. Executing OPT pass (performing simple optimizations).

2.11.1. Executing OPT_EXPR pass (perform const folding).
Optimizing module top.

2.11.2. Executing OPT_MERGE pass (detect identical cells).
Finding identical cells in module `\top'.
Computing hashes of 1 cells of `\top'.
Finding duplicate cells in `\top'.
Removed a total of 0 cells.

2.11.3. Executing OPT_MUXTREE pass (detect dead branches in mux trees).
Running muxtree optimizer on module \top..
  Creating internal representation of mux trees.
  No muxes found in this module.
Removed 0 multiplexer ports.

2.11.4. Executing OPT_REDUCE pass (consolidate $*mux and $reduce_* inputs).
  Optimizing cells in module \top.
Performed a total of 0 changes.

2.11.5. Executing OPT_MERGE pass (detect identical cells).
Finding identical cells in module `\top'.
Computing hashes of 1 cells of `\top'.
Finding duplicate cells in `\top'.
Removed a total of 0 cells.

2.11.6. Executing OPT_DFF pass (perform DFF optimizations).
Parsing Verilog input from `/opt/homebrew/bin/../share/yosys/gowin/cells_xtra_gw5a.v' to AST representation.
Generating RTLIL representation for module `\LUT5'.
Generating RTLIL representation for module `\LUT6'.
Generating RTLIL representation for module `\LUT7'.
Generating RTLIL representation for module `\LUT8'.
Generating RTLIL representation for module `\ROM16'.
Generating RTLIL representation for module `\INV'.
Generating RTLIL representation for module `\TLVDS_IBUF'.
Generating RTLIL representation for module `\TLVDS_TBUF'.
Generating RTLIL representation for module `\TLVDS_IOBUF'.
Generating RTLIL representation for module `\ELVDS_TBUF'.
Generating RTLIL representation for module `\ELVDS_IOBUF'.
Generating RTLIL representation for module `\MIPI_IBUF'.
Generating RTLIL representation for module `\MIPI_OBUF_A'.
Generating RTLIL representation for module `\ELVDS_IOBUF_R'.
Generating RTLIL representation for module `\I3C_IOBUF'.
Generating RTLIL representation for module `\TLVDS_IBUF_ADC'.
Generating RTLIL representation for module `\MIPI_CPHY_IBUF'.
Generating RTLIL representation for module `\MIPI_CPHY_OBUF'.
Generating RTLIL representation for module `\SDPB'.
Generating RTLIL representation for module `\SDPX9B'.
Generating RTLIL representation for module `\DPB'.
Generating RTLIL representation for module `\DPX9B'.
Generating RTLIL representation for module `\pROM'.
Generating RTLIL representation for module `\pROMX9'.
Generating RTLIL representation for module `\SDP36KE'.
Generating RTLIL representation for module `\SDP136K'.
Generating RTLIL representation for module `\MULTADDALU12X12'.
Generating RTLIL representation for module `\MULTALU27X18'.
Generating RTLIL representation for module `\MULT12X12'.
Generating RTLIL representation for module `\MULT27X36'.
Generating RTLIL representation for module `\MULTACC'.
Generating RTLIL representation for module `\IDDR_MEM'.
Generating RTLIL representation for module `\ODDR_MEM'.
Replacing existing blackbox module `\IDES4_MEM' at /opt/homebrew/bin/../share/yosys/gowin/cells_xtra_gw5a.v:1033.1-1038.10.
Generating RTLIL representation for module `\IDES4_MEM'.
Generating RTLIL representation for module `\IDES8_MEM'.
Generating RTLIL representation for module `\IDES14'.
Generating RTLIL representation for module `\IDES32'.
Replacing existing blackbox module `\OSER4_MEM' at /opt/homebrew/bin/../share/yosys/gowin/cells_xtra_gw5a.v:1062.1-1070.10.
Generating RTLIL representation for module `\OSER4_MEM'.
Generating RTLIL representation for module `\OSER8_MEM'.
Generating RTLIL representation for module `\OSER14'.
Generating RTLIL representation for module `\IODELAY'.
Generating RTLIL representation for module `\OSIDES32'.
Generating RTLIL representation for module `\OSIDES64'.
Generating RTLIL representation for module `\DCE'.
Generating RTLIL representation for module `\DCS'.
Generating RTLIL representation for module `\DDRDLL'.
Generating RTLIL representation for module `\DLLDLY'.
Generating RTLIL representation for module `\CLKDIV'.
Generating RTLIL representation for module `\CLKDIV2'.
Generating RTLIL representation for module `\DHCE'.
Generating RTLIL representation for module `\OSCA'.
Generating RTLIL representation for module `\OSCB'.
Generating RTLIL representation for module `\PLL'.
Generating RTLIL representation for module `\PLLA'.
Generating RTLIL representation for module `\AE350_SOC'.
Generating RTLIL representation for module `\AE350_RAM'.
Generating RTLIL representation for module `\SAMB'.
Generating RTLIL representation for module `\OTP'.
Generating RTLIL representation for module `\CMSER'.
Generating RTLIL representation for module `\CMSERA'.
Generating RTLIL representation for module `\CMSERB'.
Generating RTLIL representation for module `\SAMBA'.
Generating RTLIL representation for module `\LICD'.
Generating RTLIL representation for module `\MIPI_DPHY'.
Generating RTLIL representation for module `\MIPI_DPHYA'.
Generating RTLIL representation for module `\MIPI_CPHY'.
Generating RTLIL representation for module `\GTR12_QUAD'.
Generating RTLIL representation for m
2.11.7. Executing OPT_CLEAN pass (remove unused cells and wires).
Finding unused cells or wires in module \top..

2.11.8. Executing OPT_EXPR pass (perform const folding).
Optimizing module top.

2.11.9. Finished fast OPT passes. (There is nothing left to do.)

2.12. Executing FSM pass (extract and optimize FSM).

2.12.1. Executing FSM_DETECT pass (finding FSMs in design).

2.12.2. Executing FSM_EXTRACT pass (extracting FSM from design).

2.12.3. Executing FSM_OPT pass (simple optimizations of FSMs).

2.12.4. Executing OPT_CLEAN pass (remove unused cells and wires).
Finding unused cells or wires in module \top..

2.12.5. Executing FSM_OPT pass (simple optimizations of FSMs).

2.12.6. Executing FSM_RECODE pass (re-assigning FSM state encoding).

2.12.7. Executing FSM_INFO pass (dumping all available information on FSM cells).

2.12.8. Executing FSM_MAP pass (mapping FSMs to basic logic).

2.13. Executing OPT pass (performing simple optimizations).

2.13.1. Executing OPT_EXPR pass (perform const folding).
Optimizing module top.

2.13.2. Executing OPT_MERGE pass (detect identical cells).
Finding identical cells in module `\top'.
Computing hashes of 1 cells of `\top'.
Finding duplicate cells in `\top'.
Removed a total of 0 cells.

2.13.3. Executing OPT_MUXTREE pass (detect dead branches in mux trees).
Running muxtree optimizer on module \top..
  Creating internal representation of mux trees.
  No muxes found in this module.
Removed 0 multiplexer ports.

2.13.4. Executing OPT_REDUCE pass (consolidate $*mux and $reduce_* inputs).
  Optimizing cells in module \top.
Performed a total of 0 changes.

2.13.5. Executing OPT_MERGE pass (detect identical cells).
Finding identical cells in module `\top'.
Computing hashes of 1 cells of `\top'.
Finding duplicate cells in `\top'.
Removed a total of 0 cells.

2.13.6. Executing OPT_DFF pass (perform DFF optimizations).

2.13.7. Executing OPT_CLEAN pass (remove unused cells and wires).
Finding unused cells or wires in module \top..

2.13.8. Executing OPT_EXPR pass (perform const folding).
Optimizing module top.

2.13.9. Finished fast OPT passes. (There is nothing left to do.)
Parsing Verilog input from `/opt/homebrew/bin/../share/yosys/gowin/cells_xtra_gw5a.v' to AST representation.
Generating RTLIL representation for module `\LUT5'.
Generating RTLIL representation for module `\LUT6'.
Generating RTLIL representation for module `\LUT7'.
Generating RTLIL representation for module `\LUT8'.
Generating RTLIL representation for module `\ROM16'.
Generating RTLIL representation for module `\INV'.
Generating RTLIL representation for module `\TLVDS_IBUF'.
Generating RTLIL representation for module `\TLVDS_TBUF'.
Generating RTLIL representation for module `\TLVDS_IOBUF'.
Generating RTLIL representation for module `\ELVDS_TBUF'.
Generating RTLIL representation for module `\ELVDS_IOBUF'.
Generating RTLIL representation for module `\MIPI_IBUF'.
Generating RTLIL representation for module `\MIPI_OBUF_A'.
Generating RTLIL representation for module `\ELVDS_IOBUF_R'.
Generating RTLIL representation for module `\I3C_IOBUF'.
Generating RTLIL representation for module `\TLVDS_IBUF_ADC'.
Generating RTLIL representation for module `\MIPI_CPHY_IBUF'.
Generating RTLIL representation for module `\MIPI_CPHY_OBUF'.
Generating RTLIL representation for module `\SDPB'.
Generating RTLIL representation for module `\SDPX9B'.
Generating RTLIL representation for module `\DPB'.
Generating RTLIL representation for module `\DPX9B'.
Generating RTLIL representation for module `\pROM'.
Generating RTLIL representation for module `\pROMX9'.
Generating RTLIL representation for module `\SDP36KE'.
Generating RTLIL representation for module `\SDP136K'.
Generating RTLIL representation for module `\MULTADDALU12X12'.
Generating RTLIL representation for module `\MULTALU27X18'.
Generating RTLIL representation for module `\MULT12X12'.
Generating RTLIL representation for module `\MULT27X36'.
Generating RTLIL representation for module `\MULTACC'.
Generating RTLIL representation for module `\IDDR_MEM'.
Generating RTLIL representation for module `\ODDR_MEM'.
Replacing existing blackbox module `\IDES4_MEM' at /opt/homebrew/bin/../share/yosys/gowin/cells_xtra_gw5a.v:1033.1-1038.10.
Generating RTLIL representation for module `\IDES4_MEM'.
Generating RTLIL representation for module `\IDES8_MEM'.
Generating RTLIL representation for module `\IDES14'.
Generating RTLIL representation for module `\IDES32'.
Replacing existing blackbox module `\OSER4_MEM' at /opt/homebrew/bin/../share/yosys/gowin/cells_xtra_gw5a.v:1062.1-1070.10.
Generating RTLIL representation for module `\OSER4_MEM'.
Generating RTLIL representation for module `\OSER8_MEM'.
Generating RTLIL representation for module `\OSER14'.
Generating RTLIL representation for module `\IODELAY'.
Generating RTLIL representation for module `\OSIDES32'.
Generating RTLIL representation for module `\OSIDES64'.
Generating RTLIL representation for module `\DCE'.
Generating RTLIL representation for module `\DCS'.
Generating RTLIL representation for module `\DDRDLL'.
Generating RTLIL representation for module `\DLLDLY'.
Generating RTLIL representation for module `\CLKDIV'.
Generating RTLIL representation for module `\CLKDIV2'.
Generating RTLIL representation for module `\DHCE'.
Generating RTLIL representation for module `\OSCA'.
Generating RTLIL representation for module `\OSCB'.
Generating RTLIL representation for module `\PLL'.
Generating RTLIL representation for module `\PLLA'.
Generating RTLIL representation for module `\AE350_SOC'.
Generating RTLIL representation for module `\AE350_RAM'.
Generating RTLIL representation for module `\SAMB'.
Generating RTLIL representation for module `\OTP'.
Generating RTLIL representation for module `\CMSER'.
Generating RTLIL representation for module `\CMSERA'.
Generating RTLIL representation for module `\CMSERB'.
Generating RTLIL representation for module `\SAMBA'.
Generating RTLIL representation for module `\LICD'.
Generating RTLIL representation for module `\MIPI_DPHY'.
Generating RTLIL representation for module `\MIPI_DPHYA'.
Generating RTLIL representation for module `\MIPI_CPHY'.
Generating RTLIL representation for module `\GTR12_QUAD'.
Generating RTLIL representation for module `\GTR12_UPAR'.
Generating RTLIL representation for module `\GTR12_PMAC'.
Generating RTLIL representation for module `\GTR12_QUADA'.
Generating RTLIL representation for module `\GTR12_UPARA'.
Generating RTLIL representation for module `\GTR12_PMACA'.
Generating RTLIL representation for module `\GTR12_QUADB'.
Replacing existing blackbox module `\DQS' at /opt/homebrew/bin/../share/yosys/gowin/cells_xtra_gw5a.v:2512.1-2527.10.
Generating RTLIL representation for module `\DQS'.
Generating RTLIL representation for module `\ADCLRC'.
Generating RTLIL representation for module `\ADCULC'.
Generating RTLIL representation for module `\ADC'.
Generating RTLIL representation for module `\ADC_SAR'.
Generating RTLIL representation for module `\ADCA'.
Successfully finished Verilog frontend.

2.3. Executing HIERARCHY pass (managing design hierarchy).

2.3.1. Finding top of design hierarchy..
root of   1 design levels: top                 
Automatically selected top as design top module.

2.3.2. Analyzing design hierarchy..
Top module:  \top

2.3.3. Analyzing design hierarchy..
Top module:  \top
Removed 0 unused modules.

2.4. Executing PROC pass (convert processes to netlists).

2.4.1. Executing PROC_CLEAN pass (remove empty switches from decision trees).
Cleaned up 0 empty switches.

2.4.2. Executing PROC_RMDEAD pass (remove dead branches from decision trees).
Removed a total of 0 dead cases.

2.4.3. Executing PROC_PRUNE pass (remove redundant assignments in processes).
Removed 0 redundant assignments.
Promoted 0 assignments to connections.

2.4.4. Executing PROC_INIT pass (extract init attributes).

2.4.5. Executing PROC_ARST pass (detect async resets in processes).

2.4.6. Executing PROC_ROM pass (convert switches to ROMs).
Converted 0 switches.

2.4.7. Executing PROC_MUX pass (convert decision trees to multiplexers).

2.4.8. Executing PROC_DLATCH pass (convert process syncs to latches).

2.4.9. Executing PROC_DFF pass (convert process syncs to FFs).

2.4.10. Executing PROC_MEMWR pass (convert process memory writes to cells).

2.4.11. Executing PROC_CLEAN pass (remove empty switches from decision trees).
Cleaned up 0 empty switches.

2.4.12. Executing OPT_EXPR pass (perform const folding).
odule `\GTR12_UPAR'.
Generating RTLIL representation for module `\GTR12_PMAC'.
Generating RTLIL representation for module `\GTR12_QUADA'.
Generating RTLIL representation for module `\GTR12_UPARA'.
Generating RTLIL representation for module `\GTR12_PMACA'.
Generating RTLIL representation for module `\GTR12_QUADB'.
Replacing existing blackbox module `\DQS' at /opt/homebrew/bin/../share/yosys/gowin/cells_xtra_gw5a.v:2512.1-2527.10.
Generating RTLIL representation for module `\DQS'.
Generating RTLIL representation for module `\ADCLRC'.
Generating RTLIL representation for module `\ADCULC'.
Generating RTLIL representation for module `\ADC'.
Generating RTLIL representation for module `\ADC_SAR'.
Generating RTLIL representation for module `\ADCA'.
Successfully finished Verilog frontend.

2.3. Executing HIERARCHY pass (managing design hierarchy).

2.3.1. Finding top of design hierarchy..
root of   1 design levels: top                 
Automatically selected top as design top module.

2.3.2. Analyzing design hierarchy..
Top module:  \top

2.3.3. Analyzing design hierarchy..
Top module:  \top
Removed 0 unused modules.

2.4. Executing PROC pass (convert processes to netlists).

2.4.1. Executing PROC_CLEAN pass (remove empty switches from decision trees).
Cleaned up 0 empty switches.

2.4.2. Executing PROC_RMDEAD pass (remove dead branches from decision trees).
Removed a total of 0 dead cases.

2.4.3. Executing PROC_PRUNE pass (remove redundant assignments in processes).
Removed 0 redundant assignments.
Promoted 0 assignments to connections.

2.4.4. Executing PROC_INIT pass (extract init attributes).

2.4.5. Executing PROC_ARST pass (detect async resets in processes).

2.4.6. Executing PROC_ROM pass (convert switches to ROMs).
Converted 0 switches.

2.4.7. Executing PROC_MUX pass (convert decision trees to multiplexers).

2.4.8. Executing PROC_DLATCH pass (convert process syncs to latches).
Optimizing module top.

2.4.9. Executing PROC_DFF pass (convert process syncs to FFs).

2.4.10. Executing PROC_MEMWR pass (convert process memory writes to cells).

2.4.11. Executing PROC_CLEAN pass (remove empty switches from decision trees).
Cleaned up 0 empty switches.

2.4.12. Executing OPT_EXPR pass (perform const folding).

2.5. Executing FLATTEN pass (flatten design).

2.6. Executing TRIBUF pass.
Optimizing module top.

2.7. Executing DEMINOUT pass (demote inout ports to input or output).

2.8. Executing OPT_EXPR pass (perform const folding).

2.5. Executing FLATTEN pass (flatten design).

2.6. Executing TRIBUF pass.

2.7. Executing DEMINOUT pass (demote inout ports to input or output).
Optimizing module top.

2.9. Executing OPT_CLEAN pass (remove unused cells and wires).

2.8. Executing OPT_EXPR pass (perform const folding).
Optimizing module top.
Finding unused cells or wires in module \top..

2.9. Executing OPT_CLEAN pass (remove unused cells and wires).
Finding unused cells or wires in module \top..

2.10. Executing CHECK pass (checking for obvious problems).
Checking module top...
Found and reported 0 problems.

2.11. Executing OPT pass (performing simple optimizations).

2.11.1. Executing OPT_EXPR pass (perform const folding).
Optimizing module top.

2.11.2. Executing OPT_MERGE pass (detect identical cells).

2.10. Executing CHECK pass (checking for obvious problems).
Checking module top...
Found and reported 0 problems.

2.11. Executing OPT pass (performing simple optimizations).

2.11.1. Executing OPT_EXPR pass (perform const folding).
Finding identical cells in module `\top'.
Computing hashes of 1 cells of `\top'.
Finding duplicate cells in `\top'.
Removed a total of 0 cells.

2.11.3. Executing OPT_MUXTREE pass (detect dead branches in mux trees).
Running muxtree optimizer on module \top..
  Creating internal representation of mux trees.
  No muxes found in this module.
Removed 0 multiplexer ports.

2.11.4. Executing OPT_REDUCE pass (consolidate $*mux and $reduce_* inputs).
  Optimizing cells in module \top.
Performed a total of 0 changes.

2.11.5. Executing OPT_MERGE pass (detect identical cells).
Finding identical cells in module `\top'.
Computing hashes of 1 cells of `\top'.
Finding duplicate cells in `\top'.
Removed a total of 0 cells.

2.11.6. Executing OPT_DFF pass (perform DFF optimizations).

2.11.7. Executing OPT_CLEAN pass (remove unused cells and wires).
Finding unused cells or wires in module \top..

2.11.8. Executing OPT_EXPR pass (perform const folding).
Optimizing module top.

2.11.9. Finished fast OPT passes. (There is nothing left to do.)

2.14. Executing WREDUCE pass (reducing word size of cells).

2.15. Executing PEEPOPT pass (run peephole optimizers).

2.16. Executing OPT_CLEAN pass (remove unused cells and wires).

2.12. Executing FSM pass (extract and optimize FSM).

2.12.1. Executing FSM_DETECT pass (finding FSMs in design).

2.12.2. Executing FSM_EXTRACT pass (extracting FSM from design).
Optimizing module top.

2.11.2. Executing OPT_MERGE pass (detect identical cells).
Finding identical cells in module `\top'.
Computing hashes of 1 cells of `\top'.
Finding duplicate cells in `\top'.
Removed a total of 0 cells.

2.11.3. Executing OPT_MUXTREE pass (detect dead branches in mux trees).
Running muxtree optimizer on module \top..
  Creating internal representation of mux trees.
  No muxes found in this module.
Removed 0 multiplexer ports.

2.11.4. Executing OPT_REDUCE pass (consolidate $*mux and $reduce_* inputs).
  Optimizing cells in module \top.
Performed a total of 0 changes.

2.11.5. Executing OPT_MERGE pass (detect identical cells).
Finding identical cells in module `\top'.
Computing hashes of 1 cells of `\top'.
Finding duplicate cells in `\top'.
Removed a total of 0 cells.

2.11.6. Executing OPT_DFF pass (perform DFF optimizations).
Finding unused cells or wires in module \top..

2.17. Executing SHARE pass (SAT-based resource sharing).

2.12.3. Executing FSM_OPT pass (simple optimizations of FSMs).

2.12.4. Executing OPT_CLEAN pass (remove unused cells and wires).
Finding unused cells or wires in module \top..

2.12.5. Executing FSM_OPT pass (simple optimizations of FSMs).

2.12.6. Executing FSM_RECODE pass (re-assigning FSM state encoding).

2.12.7. Executing FSM_INFO pass (dumping all available information on FSM cells).

2.12.8. Executing FSM_MAP pass (mapping FSMs to basic logic).

2.13. Executing OPT pass (performing simple optimizations).

2.13.1. Executing OPT_EXPR pass (perform const folding).
Optimizing module top.

2.13.2. Executing OPT_MERGE pass (detect identical cells).
Finding identical cells in module `\top'.
Computing hashes of 1 cells of `\top'.
Finding duplicate cells in `\top'.
Removed a total of 0 cells.

2.13.3. Executing OPT_MUXTREE pass (detect dead branches in mux trees).
Running muxtree optimizer on module \top..
  Creating internal representation of mux trees.
  No muxes found in this module.
Removed 0 multiplexer ports.

2.13.4. Executing OPT_REDUCE pass (consolidate $*mux and $reduce_* inputs).
  Optimizing cells in module \top.
Performed a total of 0 changes.

2.13.5. Executing OPT_MERGE pass (detect identical cells).
Finding identical cells in module `\top'.
Computing hashes of 1 cells of `\top'.
Finding duplicate cells in `\top'.
Removed a total of 0 cells.

2.13.6. Executing OPT_DFF pass (perform DFF optimizations).

2.13.7. Executing OPT_CLEAN pass (remove unused cells and wires).
Finding unused cells or wires in module \top..

2.13.8. Executing OPT_EXPR pass (perform const folding).
Optimizing module top.

2.13.9. Finished fast OPT passes. (There is nothing left to do.)

2.14. Executing WREDUCE pass (reducing word size of cells).

2.15. Executing PEEPOPT pass (run peephole optimizers).

2.16. Executing OPT_CLEAN pass (remove unused cells and wires).

2.11.7. Executing OPT_CLEAN pass (remove unused cells and wires).
Finding unused cells or wires in module \top..

2.17. Executing SHARE pass (SAT-based resource sharing).

2.18. Executing ALUMACC pass (create $alu and $macc cells).

2.18. Executing ALUMACC pass (create $alu and $macc cells).
Extracting $alu and $macc cells in module top:
  created 0 $alu and 0 $macc cells.

2.19. Executing OPT pass (performing simple optimizations).

2.19.1. Executing OPT_EXPR pass (perform const folding).
Extracting $alu and $macc cells in module top:
  created 0 $alu and 0 $macc cells.

2.19. Executing OPT pass (performing simple optimizations).

2.19.1. Executing OPT_EXPR pass (perform const folding).
Finding unused cells or wires in module \top..

2.11.8. Executing OPT_EXPR pass (perform const folding).
Optimizing module top.

2.19.2. Executing OPT_MERGE pass (detect identical cells).
Optimizing module top.
Finding identical cells in module `\top'.
Computing hashes of 1 cells of `\top'.
Finding duplicate cells in `\top'.
Removed a total of 0 cells.

2.19.3. Executing OPT_MUXTREE pass (detect dead branches in mux trees).

2.19.2. Executing OPT_MERGE pass (detect identical cells).
Running muxtree optimizer on module \top..
  Creating internal representation of mux trees.
  No muxes found in this module.
Removed 0 multiplexer ports.

2.19.4. Executing OPT_REDUCE pass (consolidate $*mux and $reduce_* inputs).
  Optimizing cells in module \top.
Performed a total of 0 changes.

2.19.5. Executing OPT_MERGE pass (detect identical cells).
Finding identical cells in module `\top'.
Computing hashes of 1 cells of `\top'.
Finding duplicate cells in `\top'.
Removed a total of 0 cells.

2.19.6. Executing OPT_DFF pass (perform DFF optimizations).
Finding identical cells in module `\top'.
Computing hashes of 1 cells of `\top'.
Finding duplicate cells in `\top'.
Removed a total of 0 cells.

2.19.3. Executing OPT_MUXTREE pass (detect dead branches in mux trees).
Running muxtree optimizer on module \top..
  Creating internal representation of mux trees.
  No muxes found in this module.
Removed 0 multiplexer ports.

2.19.4. Executing OPT_REDUCE pass (consolidate $*mux and $reduce_* inputs).
  Optimizing cells in module \top.
Performed a total of 0 changes.

2.19.5. Executing OPT_MERGE pass (detect identical cells).
Finding identical cells in module `\top'.
Computing hashes of 1 cells of `\top'.
Finding duplicate cells in `\top'.
Removed a total of 0 cells.

2.19.6. Executing OPT_DFF pass (perform DFF optimizations).
Optimizing module top.

2.19.7. Executing OPT_CLEAN pass (remove unused cells and wires).

2.19.7. Executing OPT_CLEAN pass (remove unused cells and wires).
Finding unused cells or wires in module \top..

2.19.8. Executing OPT_EXPR pass (perform const folding).
Finding unused cells or wires in module \top..

2.19.8. Executing OPT_EXPR pass (perform const folding).
Optimizing module top.
Optimizing module top.

2.19.9. Finished fast OPT passes. (There is nothing left to do.)

2.19.9. Finished fast OPT passes. (There is nothing left to do.)

2.11.9. Finished fast OPT passes. (There is nothing left to do.)

2.20. Executing MEMORY pass.

2.20.1. Executing OPT_MEM pass (optimize memories).
Performed a total of 0 transformations.

2.20.2. Executing OPT_MEM_PRIORITY pass (removing unnecessary memory write priority relations).

2.20. Executing MEMORY pass.

2.20.1. Executing OPT_MEM pass (optimize memories).
Performed a total of 0 transformations.

2.20.2. Executing OPT_MEM_PRIORITY pass (removing unnecessary memory write priority relations).
Performed a total of 0 transformations.

2.20.3. Executing OPT_MEM_FEEDBACK pass (finding memory read-to-write feedback paths).

2.20.4. Executing MEMORY_BMUX2ROM pass (converting muxes to ROMs).

2.20.5. Executing MEMORY_DFF pass (merging $dff cells to $memrd).
Performed a total of 0 transformations.

2.20.3. Executing OPT_MEM_FEEDBACK pass (finding memory read-to-write feedback paths).

2.20.4. Executing MEMORY_BMUX2ROM pass (converting muxes to ROMs).

2.20.5. Executing MEMORY_DFF pass (merging $dff cells to $memrd).

2.12. Executing FSM pass (extract and optimize FSM).

2.12.1. Executing FSM_DETECT pass (finding FSMs in design).

2.20.6. Executing OPT_CLEAN pass (remove unused cells and wires).

2.20.6. Executing OPT_CLEAN pass (remove unused cells and wires).
Finding unused cells or wires in module \top..

2.20.7. Executing MEMORY_SHARE pass (consolidating $memrd/$memwr cells).

2.12.2. Executing FSM_EXTRACT pass (extracting FSM from design).

2.20.8. Executing OPT_MEM_WIDEN pass (optimize memories where all ports are wide).
Performed a total of 0 transformations.

2.20.9. Executing OPT_CLEAN pass (remove unused cells and wires).

2.12.3. Executing FSM_OPT pass (simple optimizations of FSMs).

2.12.4. Executing OPT_CLEAN pass (remove unused cells and wires).
Finding unused cells or wires in module \top..

2.20.10. Executing MEMORY_COLLECT pass (generating $mem cells).

2.21. Executing OPT_CLEAN pass (remove unused cells and wires).
Finding unused cells or wires in module \top..

2.12.5. Executing FSM_OPT pass (simple optimizations of FSMs).

2.12.6. Executing FSM_RECODE pass (re-assigning FSM state encoding).

2.12.7. Executing FSM_INFO pass (dumping all available information on FSM cells).

2.12.8. Executing FSM_MAP pass (mapping FSMs to basic logic).

2.13. Executing OPT pass (performing simple optimizations).

2.13.1. Executing OPT_EXPR pass (perform const folding).
Finding unused cells or wires in module \top..
Finding unused cells or wires in module \top..

2.20.7. Executing MEMORY_SHARE pass (consolidating $memrd/$memwr cells).

2.22. Executing MEMORY_LIBMAP pass (mapping memories to cells).
Optimizing module top.

2.13.2. Executing OPT_MERGE pass (detect identical cells).
Finding identical cells in module `\top'.
Computing hashes of 1 cells of `\top'.
Finding duplicate cells in `\top'.
Removed a total of 0 cells.

2.13.3. Executing OPT_MUXTREE pass (detect dead branches in mux trees).
Running muxtree optimizer on module \top..
  Creating internal representation of mux trees.
  No muxes found in this module.
Removed 0 multiplexer ports.

2.13.4. Executing OPT_REDUCE pass (consolidate $*mux and $reduce_* inputs).
  Optimizing cells in module \top.
Performed a total of 0 changes.

2.13.5. Executing OPT_MERGE pass (detect identical cells).

2.20.8. Executing OPT_MEM_WIDEN pass (optimize memories where all ports are wide).
Finding identical cells in module `\top'.
Computing hashes of 1 cells of `\top'.
Finding duplicate cells in `\top'.
Removed a total of 0 cells.

2.13.6. Executing OPT_DFF pass (perform DFF optimizations).
Performed a total of 0 transformations.

2.20.9. Executing OPT_CLEAN pass (remove unused cells and wires).

2.23. Executing TECHMAP pass (map to technology primitives).

2.23.1. Executing Verilog-2005 frontend: /opt/homebrew/bin/../share/yosys/gowin/lutrams_map.v

2.13.7. Executing OPT_CLEAN pass (remove unused cells and wires).
Finding unused cells or wires in module \top..

2.13.8. Executing OPT_EXPR pass (perform const folding).
Finding unused cells or wires in module \top..

2.20.10. Executing MEMORY_COLLECT pass (generating $mem cells).

2.21. Executing OPT_CLEAN pass (remove unused cells and wires).
Optimizing module top.

2.13.9. Finished fast OPT passes. (There is nothing left to do.)
Finding unused cells or wires in module \top..

2.14. Executing WREDUCE pass (reducing word size of cells).

2.22. Executing MEMORY_LIBMAP pass (mapping memories to cells).
Parsing Verilog input from `/opt/homebrew/bin/../share/yosys/gowin/lutrams_map.v' to AST representation.
Generating RTLIL representation for module `$__GOWIN_LUTRAM_'.
Successfully finished Verilog frontend.

2.23.2. Executing Verilog-2005 frontend: /opt/homebrew/bin/../share/yosys/gowin/brams_map_gw5a.v

2.15. Executing PEEPOPT pass (run peephole optimizers).

2.16. Executing OPT_CLEAN pass (remove unused cells and wires).
Finding unused cells or wires in module \top..

2.17. Executing SHARE pass (SAT-based resource sharing).

2.23. Executing TECHMAP pass (map to technology primitives).

2.23.1. Executing Verilog-2005 frontend: /opt/homebrew/bin/../share/yosys/gowin/lutrams_map.v

2.18. Executing ALUMACC pass (create $alu and $macc cells).
Extracting $alu and $macc cells in module top:
  created 0 $alu and 0 $macc cells.

2.19. Executing OPT pass (performing simple optimizations).

2.19.1. Executing OPT_EXPR pass (perform const folding).
Optimizing module top.

2.19.2. Executing OPT_MERGE pass (detect identical cells).
Finding identical cells in module `\top'.
Computing hashes of 1 cells of `\top'.
Finding duplicate cells in `\top'.
Removed a total of 0 cells.

2.19.3. Executing OPT_MUXTREE pass (detect dead branches in mux trees).
Running muxtree optimizer on module \top..
  Creating internal representation of mux trees.
  No muxes found in this module.
Removed 0 multiplexer ports.

2.19.4. Executing OPT_REDUCE pass (consolidate $*mux and $reduce_* inputs).
  Optimizing cells in module \top.
Performed a total of 0 changes.

2.19.5. Executing OPT_MERGE pass (detect identical cells).
Finding identical cells in module `\top'.
Computing hashes of 1 cells of `\top'.
Finding duplicate cells in `\top'.
Removed a total of 0 cells.

2.19.6. Executing OPT_DFF pass (perform DFF optimizations).

2.19.7. Executing OPT_CLEAN pass (remove unused cells and wires).
Finding unused cells or wires in module \top..

2.19.8. Executing OPT_EXPR pass (perform const folding).
Optimizing module top.

2.19.9. Finished fast OPT passes. (There is nothing left to do.)

2.20. Executing MEMORY pass.

2.20.1. Executing OPT_MEM pass (optimize memories).
Performed a total of 0 transformations.

2.20.2. Executing OPT_MEM_PRIORITY pass (removing unnecessary memory write priority relations).
Parsing Verilog input from `/opt/homebrew/bin/../share/yosys/gowin/lutrams_map.v' to AST representation.
Generating RTLIL representation for module `$__GOWIN_LUTRAM_'.
Successfully finished Verilog frontend.

2.23.2. Executing Verilog-2005 frontend: /opt/homebrew/bin/../share/yosys/gowin/brams_map_gw5a.v
Performed a total of 0 transformations.

2.20.3. Executing OPT_MEM_FEEDBACK pass (finding memory read-to-write feedback paths).

2.20.4. Executing MEMORY_BMUX2ROM pass (converting muxes to ROMs).

2.20.5. Executing MEMORY_DFF pass (merging $dff cells to $memrd).

2.20.6. Executing OPT_CLEAN pass (remove unused cells and wires).
Finding unused cells or wires in module \top..

2.20.7. Executing MEMORY_SHARE pass (consolidating $memrd/$memwr cells).

2.20.8. Executing OPT_MEM_WIDEN pass (optimize memories where all ports are wide).
Performed a total of 0 transformations.

2.20.9. Executing OPT_CLEAN pass (remove unused cells and wires).
Finding unused cells or wires in module \top..

2.20.10. Executing MEMORY_COLLECT pass (generating $mem cells).

2.21. Executing OPT_CLEAN pass (remove unused cells and wires).
Finding unused cells or wires in module \top..

2.22. Executing MEMORY_LIBMAP pass (mapping memories to cells).

2.23. Executing TECHMAP pass (map to technology primitives).

2.23.1. Executing Verilog-2005 frontend: /opt/homebrew/bin/../share/yosys/gowin/lutrams_map.v
Parsing Verilog input from `/opt/homebrew/bin/../share/yosys/gowin/lutrams_map.v' to AST representation.
Generating RTLIL representation for module `$__GOWIN_LUTRAM_'.
Successfully finished Verilog frontend.

2.23.2. Executing Verilog-2005 frontend: /opt/homebrew/bin/../share/yosys/gowin/brams_map_gw5a.v
Parsing Verilog input from `/opt/homebrew/bin/../share/yosys/gowin/brams_map_gw5a.v' to AST representation.
Generating RTLIL representation for module `$__GOWIN_SP_'.
Generating RTLIL representation for module `$__GOWIN_DP_'.
Generating RTLIL representation for module `$__GOWIN_SDP_'.
Successfully finished Verilog frontend.

2.23.3. Continuing TECHMAP pass.
No more expansions possible.
<suppressed ~6 debug messages>

2.24. Executing OPT pass (performing simple optimizations).

2.24.1. Executing OPT_EXPR pass (perform const folding).
Parsing Verilog input from `/opt/homebrew/bin/../share/yosys/gowin/brams_map_gw5a.v' to AST representation.
Generating RTLIL representation for module `$__GOWIN_SP_'.
Generating RTLIL representation for module `$__GOWIN_DP_'.
Generating RTLIL representation for module `$__GOWIN_SDP_'.
Successfully finished Verilog frontend.

2.23.3. Continuing TECHMAP pass.
No more expansions possible.
<suppressed ~6 debug messages>

2.24. Executing OPT pass (performing simple optimizations).

2.24.1. Executing OPT_EXPR pass (perform const folding).
Optimizing module top.

2.24.2. Executing OPT_MERGE pass (detect identical cells).
Finding identical cells in module `\top'.
Computing hashes of 1 cells of `\top'.
Finding duplicate cells in `\top'.
Removed a total of 0 cells.

2.24.3. Executing OPT_DFF pass (perform DFF optimizations).

2.24.4. Executing OPT_CLEAN pass (remove unused cells and wires).
Optimizing module top.
Finding unused cells or wires in module \top..

2.24.2. Executing OPT_MERGE pass (detect identical cells).

2.24.5. Finished fast OPT passes.
Finding identical cells in module `\top'.
Computing hashes of 1 cells of `\top'.
Finding duplicate cells in `\top'.
Removed a total of 0 cells.

2.24.3. Executing OPT_DFF pass (perform DFF optimizations).

2.25. Executing MEMORY_MAP pass (converting memories to logic and flip-flops).

2.24.4. Executing OPT_CLEAN pass (remove unused cells and wires).

2.26. Executing OPT pass (performing simple optimizations).

2.26.1. Executing OPT_EXPR pass (perform const folding).
Finding unused cells or wires in module \top..

2.24.5. Finished fast OPT passes.

2.25. Executing MEMORY_MAP pass (converting memories to logic and flip-flops).
Optimizing module top.

2.26. Executing OPT pass (performing simple optimizations).

2.26.1. Executing OPT_EXPR pass (perform const folding).

2.26.2. Executing OPT_MERGE pass (detect identical cells).
Finding identical cells in module `\top'.
Computing hashes of 1 cells of `\top'.
Finding duplicate cells in `\top'.
Removed a total of 0 cells.

2.26.3. Executing OPT_MUXTREE pass (detect dead branches in mux trees).
Running muxtree optimizer on module \top..
  Creating internal representation of mux trees.
  No muxes found in this module.
Removed 0 multiplexer ports.

2.26.4. Executing OPT_REDUCE pass (consolidate $*mux and $reduce_* inputs).
  Optimizing cells in module \top.
Performed a total of 0 changes.

2.26.5. Executing OPT_MERGE pass (detect identical cells).
Finding identical cells in module `\top'.
Computing hashes of 1 cells of `\top'.
Finding duplicate cells in `\top'.
Removed a total of 0 cells.

2.26.6. Executing OPT_DFF pass (perform DFF optimizations).
Optimizing module top.

2.26.2. Executing OPT_MERGE pass (detect identical cells).
Finding identical cells in module `\top'.
Computing hashes of 1 cells of `\top'.
Finding duplicate cells in `\top'.
Removed a total of 0 cells.

2.26.3. Executing OPT_MUXTREE pass (detect dead branches in mux trees).
Running muxtree optimizer on module \top..
  Creating internal representation of mux trees.
  No muxes found in this module.
Removed 0 multiplexer ports.

2.26.4. Executing OPT_REDUCE pass (consolidate $*mux and $reduce_* inputs).
  Optimizing cells in module \top.
Performed a total of 0 changes.

2.26.5. Executing OPT_MERGE pass (detect identical cells).
Finding identical cells in module `\top'.
Computing hashes of 1 cells of `\top'.
Finding duplicate cells in `\top'.
Removed a total of 0 cells.

2.26.6. Executing OPT_DFF pass (perform DFF optimizations).

2.26.7. Executing OPT_CLEAN pass (remove unused cells and wires).

2.26.7. Executing OPT_CLEAN pass (remove unused cells and wires).
Parsing Verilog input from `/opt/homebrew/bin/../share/yosys/gowin/brams_map_gw5a.v' to AST representation.
Generating RTLIL representation for module `$__GOWIN_SP_'.
Generating RTLIL representation for module `$__GOWIN_DP_'.
Generating RTLIL representation for module `$__GOWIN_SDP_'.
Successfully finished Verilog frontend.

2.23.3. Continuing TECHMAP pass.
Finding unused cells or wires in module \top..

2.26.8. Executing OPT_EXPR pass (perform const folding).
No more expansions possible.
<suppressed ~6 debug messages>

2.24. Executing OPT pass (performing simple optimizations).

2.24.1. Executing OPT_EXPR pass (perform const folding).
Optimizing module top.
Optimizing module top.

2.26.9. Finished fast OPT passes. (There is nothing left to do.)

2.24.2. Executing OPT_MERGE pass (detect identical cells).

2.27. Executing TECHMAP pass (map to technology primitives).
Finding unused cells or wires in module \top..

2.26.8. Executing OPT_EXPR pass (perform const folding).

2.27.1. Executing Verilog-2005 frontend: /opt/homebrew/bin/../share/yosys/techmap.v
Finding identical cells in module `\top'.
Computing hashes of 1 cells of `\top'.
Finding duplicate cells in `\top'.
Removed a total of 0 cells.

2.24.3. Executing OPT_DFF pass (perform DFF optimizations).

2.24.4. Executing OPT_CLEAN pass (remove unused cells and wires).
Finding unused cells or wires in module \top..

2.24.5. Finished fast OPT passes.

2.25. Executing MEMORY_MAP pass (converting memories to logic and flip-flops).

2.26. Executing OPT pass (performing simple optimizations).

2.26.1. Executing OPT_EXPR pass (perform const folding).
Optimizing module top.

2.26.9. Finished fast OPT passes. (There is nothing left to do.)

2.27. Executing TECHMAP pass (map to technology primitives).

2.27.1. Executing Verilog-2005 frontend: /opt/homebrew/bin/../share/yosys/techmap.v
Optimizing module top.

2.26.2. Executing OPT_MERGE pass (detect identical cells).
Finding identical cells in module `\top'.
Computing hashes of 1 cells of `\top'.
Finding duplicate cells in `\top'.
Removed a total of 0 cells.

2.26.3. Executing OPT_MUXTREE pass (detect dead branches in mux trees).
Running muxtree optimizer on module \top..
  Creating internal representation of mux trees.
  No muxes found in this module.
Removed 0 multiplexer ports.

2.26.4. Executing OPT_REDUCE pass (consolidate $*mux and $reduce_* inputs).
  Optimizing cells in module \top.
Performed a total of 0 changes.

2.26.5. Executing OPT_MERGE pass (detect identical cells).
Finding identical cells in module `\top'.
Computing hashes of 1 cells of `\top'.
Finding duplicate cells in `\top'.
Removed a total of 0 cells.

2.26.6. Executing OPT_DFF pass (perform DFF optimizations).

2.26.7. Executing OPT_CLEAN pass (remove unused cells and wires).
Finding unused cells or wires in module \top..

2.26.8. Executing OPT_EXPR pass (perform const folding).
Optimizing module top.

2.26.9. Finished fast OPT passes. (There is nothing left to do.)

2.27. Executing TECHMAP pass (map to technology primitives).

2.27.1. Executing Verilog-2005 frontend: /opt/homebrew/bin/../share/yosys/techmap.v
Parsing Verilog input from `/opt/homebrew/bin/../share/yosys/techmap.v' to AST representation.
Generating RTLIL representation for module `\_90_simplemap_bool_ops'.
Generating RTLIL representation for module `\_90_simplemap_reduce_ops'.
Generating RTLIL representation for module `\_90_simplemap_logic_ops'.
Generating RTLIL representation for module `\_90_simplemap_compare_ops'.
Generating RTLIL representation for module `\_90_simplemap_various'.
Generating RTLIL representation for module `\_90_simplemap_registers'.
Generating RTLIL representation for module `\_90_shift_ops_shr_shl_sshl_sshr'.
Generating RTLIL representation for module `\_90_shift_shiftx'.
Generating RTLIL representation for module `\_90_fa'.
Generating RTLIL representation for module `\_90_lcu_brent_kung'.
Generating RTLIL representation for module `\_90_alu'.
Generating RTLIL representation for module `\_90_macc'.
Generating RTLIL representation for module `\_90_alumacc'.
Generating RTLIL representation for module `$__div_mod_u'.
Generating RTLIL representation for module `$__div_mod_trunc'.
Generating RTLIL representation for module `\_90_div'.
Generating RTLIL representation for module `\_90_mod'.
Generating RTLIL representation for module `$__div_mod_floor'.
Generating RTLIL representation for module `\_90_divfloor'.
Generating RTLIL representation for module `\_90_modfloor'.
Generating RTLIL representation for module `\_90_pow'.
Generating RTLIL representation for module `\_90_pmux'.
Generating RTLIL representation for module `\_90_demux'.
Generating RTLIL representation for module `\_90_lut'.
Generating RTLIL representation for module `$connect'.
Generating RTLIL representation for module `$input_port'.
Successfully finished Verilog frontend.

2.27.2. Executing Verilog-2005 frontend: /opt/homebrew/bin/../share/yosys/gowin/arith_map.v
Parsing Verilog input from `/opt/homebrew/bin/../share/yosys/gowin/arith_map.v' to AST representation.
Generating RTLIL representation for module `\_80_gw1n_alu'.
Successfully finished Verilog frontend.

2.27.3. Continuing TECHMAP pass.
No more expansions possible.
Parsing Verilog input from `/opt/homebrew/bin/../share/yosys/techmap.v' to AST representation.
Generating RTLIL representation for module `\_90_simplemap_bool_ops'.
Generating RTLIL representation for module `\_90_simplemap_reduce_ops'.
Generating RTLIL representation for module `\_90_simplemap_logic_ops'.
Generating RTLIL representation for module `\_90_simplemap_compare_ops'.
Generating RTLIL representation for module `\_90_simplemap_various'.
Generating RTLIL representation for module `\_90_simplemap_registers'.
Generating RTLIL representation for module `\_90_shift_ops_shr_shl_sshl_sshr'.
Generating RTLIL representation for module `\_90_shift_shiftx'.
Generating RTLIL representation for module `\_90_fa'.
Generating RTLIL representation for module `\_90_lcu_brent_kung'.
Generating RTLIL representation for module `\_90_alu'.
Generating RTLIL representation for module `\_90_macc'.
Generating RTLIL representation for module `\_90_alumacc'.
Generating RTLIL representation for module `$__div_mod_u'.
Generating RTLIL representation for module `$__div_mod_trunc'.
Generating RTLIL representation for module `\_90_div'.
Generating RTLIL representation for module `\_90_mod'.
Generating RTLIL representation for module `$__div_mod_floor'.
Generating RTLIL representation for module `\_90_divfloor'.
Generating RTLIL representation for module `\_90_modfloor'.
Generating RTLIL representation for module `\_90_pow'.
Generating RTLIL representation for module `\_90_pmux'.
Generating RTLIL representation for module `\_90_demux'.
Generating RTLIL representation for module `\_90_lut'.
Generating RTLIL representation for module `$connect'.
Generating RTLIL representation for module `$input_port'.
Successfully finished Verilog frontend.

2.27.2. Executing Verilog-2005 frontend: /opt/homebrew/bin/../share/yosys/gowin/arith_map.v
Parsing Verilog input from `/opt/homebrew/bin/../share/yosys/gowin/arith_map.v' to AST representation.
Generating RTLIL representation for module `\_80_gw1n_alu'.
Successfully finished Verilog frontend.

2.27.3. Continuing TECHMAP pass.
No more expansions possible.
<suppressed ~77 debug messages>

2.28. Executing OPT pass (performing simple optimizations).

2.28.1. Executing OPT_EXPR pass (perform const folding).
<suppressed ~77 debug messages>

2.28. Executing OPT pass (performing simple optimizations).

2.28.1. Executing OPT_EXPR pass (perform const folding).
Optimizing module top.

2.28.2. Executing OPT_MERGE pass (detect identical cells).
Optimizing module top.

2.28.2. Executing OPT_MERGE pass (detect identical cells).
Finding identical cells in module `\top'.
Computing hashes of 1 cells of `\top'.
Finding duplicate cells in `\top'.
Removed a total of 0 cells.

2.28.3. Executing OPT_DFF pass (perform DFF optimizations).
Finding identical cells in module `\top'.
Computing hashes of 1 cells of `\top'.
Finding duplicate cells in `\top'.
Removed a total of 0 cells.

2.28.3. Executing OPT_DFF pass (perform DFF optimizations).

2.28.4. Executing OPT_CLEAN pass (remove unused cells and wires).
Finding unused cells or wires in module \top..

2.28.4. Executing OPT_CLEAN pass (remove unused cells and wires).

2.28.5. Finished fast OPT passes.

2.29. Executing IOPADMAP pass (mapping inputs/outputs to IO-PAD cells).
Parsing Verilog input from `/opt/homebrew/bin/../share/yosys/techmap.v' to AST representation.
Generating RTLIL representation for module `\_90_simplemap_bool_ops'.
Generating RTLIL representation for module `\_90_simplemap_reduce_ops'.
Generating RTLIL representation for module `\_90_simplemap_logic_ops'.
Generating RTLIL representation for module `\_90_simplemap_compare_ops'.
Generating RTLIL representation for module `\_90_simplemap_various'.
Generating RTLIL representation for module `\_90_simplemap_registers'.
Generating RTLIL representation for module `\_90_shift_ops_shr_shl_sshl_sshr'.
Generating RTLIL representation for module `\_90_shift_shiftx'.
Generating RTLIL representation for module `\_90_fa'.
Generating RTLIL representation for module `\_90_lcu_brent_kung'.
Generating RTLIL representation for module `\_90_alu'.
Generating RTLIL representation for module `\_90_macc'.
Generating RTLIL representation for module `\_90_alumacc'.
Generating RTLIL representation for module `$__div_mod_u'.
Generating RTLIL representation for module `$__div_mod_trunc'.
Generating RTLIL representation for module `\_90_div'.
Generating RTLIL representation for module `\_90_mod'.
Generating RTLIL representation for module `$__div_mod_floor'.
Generating RTLIL representation for module `\_90_divfloor'.
Generating RTLIL representation for module `\_90_modfloor'.
Generating RTLIL representation for module `\_90_pow'.
Generating RTLIL representation for module `\_90_pmux'.
Generating RTLIL representation for module `\_90_demux'.
Generating RTLIL representation for module `\_90_lut'.
Generating RTLIL representation for module `$connect'.
Generating RTLIL representation for module `$input_port'.
Successfully finished Verilog frontend.

2.27.2. Executing Verilog-2005 frontend: /opt/homebrew/bin/../share/yosys/gowin/arith_map.v
Finding unused cells or wires in module \top..

2.28.5. Finished fast OPT passes.

2.29. Executing IOPADMAP pass (mapping inputs/outputs to IO-PAD cells).
Parsing Verilog input from `/opt/homebrew/bin/../share/yosys/gowin/arith_map.v' to AST representation.
Generating RTLIL representation for module `\_80_gw1n_alu'.
Successfully finished Verilog frontend.

2.27.3. Continuing TECHMAP pass.
Mapping port top.dout3 using OBUF.
Mapping port top.dout2 using OBUF.
Mapping port top.dout using OBUF.
Mapping port top.d1 using IBUF.
Mapping port top.din using IBUF.
Mapping port top.clk using IBUF.

2.30. Executing OPT_CLEAN pass (remove unused cells and wires).
No more expansions possible.
<suppressed ~77 debug messages>

2.28. Executing OPT pass (performing simple optimizations).

2.28.1. Executing OPT_EXPR pass (perform const folding).
Finding unused cells or wires in module \top..
Removed 0 unused cells and 1 unused wires.
<suppressed ~1 debug messages>

2.31. Executing DFFLEGALIZE pass (convert FFs to types supported by the target).
Optimizing module top.

2.28.2. Executing OPT_MERGE pass (detect identical cells).
Finding identical cells in module `\top'.
Computing hashes of 1 cells of `\top'.
Finding duplicate cells in `\top'.
Removed a total of 0 cells.

2.28.3. Executing OPT_DFF pass (perform DFF optimizations).

2.32. Executing TECHMAP pass (map to technology primitives).
Mapping port top.led using OBUF.
Mapping port top.uart_rx using IBUF.
Mapping port top.clk using IBUF.

2.30. Executing OPT_CLEAN pass (remove unused cells and wires).

2.32.1. Executing Verilog-2005 frontend: /opt/homebrew/bin/../share/yosys/gowin/cells_map.v
Finding unused cells or wires in module \top..

2.31. Executing DFFLEGALIZE pass (convert FFs to types supported by the target).

2.28.4. Executing OPT_CLEAN pass (remove unused cells and wires).

2.32. Executing TECHMAP pass (map to technology primitives).

2.32.1. Executing Verilog-2005 frontend: /opt/homebrew/bin/../share/yosys/gowin/cells_map.v
Finding unused cells or wires in module \top..
Parsing Verilog input from `/opt/homebrew/bin/../share/yosys/gowin/cells_map.v' to AST representation.
Generating RTLIL representation for module `$_DFF_N_'.
Generating RTLIL representation for module `$_DFF_P_'.
Generating RTLIL representation for module `$_DFFE_PP_'.
Generating RTLIL representation for module `$_DFFE_NP_'.
Generating RTLIL representation for module `$_SDFF_PP0_'.
Generating RTLIL representation for module `$_SDFF_NP0_'.
Generating RTLIL representation for module `$_SDFFE_PP0P_'.
Generating RTLIL representation for module `$_SDFFE_NP0P_'.
Generating RTLIL representation for module `$_SDFF_PP1_'.
Generating RTLIL representation for module `$_SDFF_NP1_'.
Generating RTLIL representation for module `$_SDFFE_PP1P_'.
Generating RTLIL representation for module `$_SDFFE_NP1P_'.
Generating RTLIL representation for module `$_DFF_PP1_'.
Generating RTLIL representation for module `$_DFF_NP1_'.
Generating RTLIL representation for module `$_DFF_PP0_'.
Generating RTLIL representation for module `$_DFF_NP0_'.
Generating RTLIL representation for module `$_DFFE_PP1P_'.
Generating RTLIL representation for module `$_DFFE_NP1P_'.
Generating RTLIL representation for module `$_DFFE_PP0P_'.
Generating RTLIL representation for module `$_DFFE_NP0P_'.
Generating RTLIL representation for module `$lut'.
Successfully finished Verilog frontend.

2.32.2. Continuing TECHMAP pass.
No more expansions possible.
<suppressed ~23 debug messages>

2.33. Executing OPT_EXPR pass (perform const folding).
Optimizing module top.

2.34. Executing SIMPLEMAP pass (map simple cells to gate primitives).

2.28.5. Finished fast OPT passes.

2.29. Executing IOPADMAP pass (mapping inputs/outputs to IO-PAD cells).
Parsing Verilog input from `/opt/homebrew/bin/../share/yosys/gowin/cells_map.v' to AST representation.
Generating RTLIL representation for module `$_DFF_N_'.
Generating RTLIL representation for module `$_DFF_P_'.
Generating RTLIL representation for module `$_DFFE_PP_'.
Generating RTLIL representation for module `$_DFFE_NP_'.
Generating RTLIL representation for module `$_SDFF_PP0_'.
Generating RTLIL representation for module `$_SDFF_NP0_'.
Generating RTLIL representation for module `$_SDFFE_PP0P_'.
Generating RTLIL representation for module `$_SDFFE_NP0P_'.
Generating RTLIL representation for module `$_SDFF_PP1_'.
Generating RTLIL representation for module `$_SDFF_NP1_'.
Generating RTLIL representation for module `$_SDFFE_PP1P_'.
Generating RTLIL representation for module `$_SDFFE_NP1P_'.
Generating RTLIL representation for module `$_DFF_PP1_'.
Generating RTLIL representation for module `$_DFF_NP1_'.
Generating RTLIL representation for module `$_DFF_PP0_'.
Generating RTLIL representation for module `$_DFF_NP0_'.
Generating RTLIL representation for module `$_DFFE_PP1P_'.
Generating RTLIL representation for module `$_DFFE_NP1P_'.
Generating RTLIL representation for module `$_DFFE_PP0P_'.
Generating RTLIL representation for module `$_DFFE_NP0P_'.
Generating RTLIL representation for module `$lut'.
Successfully finished Verilog frontend.

2.32.2. Continuing TECHMAP pass.
No more expansions possible.
Mapping port top.dout3 using OBUF.
Mapping port top.dout2 using OBUF.
Mapping port top.dout using OBUF.
Mapping port top.d1 using IBUF.
Mapping port top.din using IBUF.
Mapping port top.clk using IBUF.

2.30. Executing OPT_CLEAN pass (remove unused cells and wires).
<suppressed ~23 debug messages>

2.33. Executing OPT_EXPR pass (perform const folding).

2.35. Executing SORT pass.
Optimizing module top.

2.34. Executing SIMPLEMAP pass (map simple cells to gate primitives).
Finding unused cells or wires in module \top..
Removed 0 unused cells and 2 unused wires.

2.35. Executing SORT pass.
<suppressed ~1 debug messages>

2.31. Executing DFFLEGALIZE pass (convert FFs to types supported by the target).

2.36. Executing Verilog-2005 frontend: /opt/homebrew/bin/../share/yosys/abc9_model.v

2.32. Executing TECHMAP pass (map to technology primitives).

2.32.1. Executing Verilog-2005 frontend: /opt/homebrew/bin/../share/yosys/gowin/cells_map.v

2.36. Executing Verilog-2005 frontend: /opt/homebrew/bin/../share/yosys/abc9_model.v
Parsing Verilog input from `/opt/homebrew/bin/../share/yosys/abc9_model.v' to AST representation.
Generating RTLIL representation for module `$__ABC9_DELAY'.
Generating RTLIL representation for module `$__ABC9_SCC_BREAKER'.
Generating RTLIL representation for module `$__DFF_N__$abc9_flop'.
Generating RTLIL representation for module `$__DFF_P__$abc9_flop'.
Successfully finished Verilog frontend.

2.37. Executing ABC9 pass.

2.37.1. Executing ABC9_OPS pass (helper functions for ABC9).
Parsing Verilog input from `/opt/homebrew/bin/../share/yosys/abc9_model.v' to AST representation.
Generating RTLIL representation for module `$__ABC9_DELAY'.
Generating RTLIL representation for module `$__ABC9_SCC_BREAKER'.
Generating RTLIL representation for module `$__DFF_N__$abc9_flop'.
Generating RTLIL representation for module `$__DFF_P__$abc9_flop'.
Successfully finished Verilog frontend.

2.37. Executing ABC9 pass.

2.37.1. Executing ABC9_OPS pass (helper functions for ABC9).

2.37.2. Executing ABC9_OPS pass (helper functions for ABC9).
Parsing Verilog input from `/opt/homebrew/bin/../share/yosys/gowin/cells_map.v' to AST representation.
Generating RTLIL representation for module `$_DFF_N_'.
Generating RTLIL representation for module `$_DFF_P_'.
Generating RTLIL representation for module `$_DFFE_PP_'.
Generating RTLIL representation for module `$_DFFE_NP_'.
Generating RTLIL representation for module `$_SDFF_PP0_'.
Generating RTLIL representation for module `$_SDFF_NP0_'.
Generating RTLIL representation for module `$_SDFFE_PP0P_'.
Generating RTLIL representation for module `$_SDFFE_NP0P_'.
Generating RTLIL representation for module `$_SDFF_PP1_'.
Generating RTLIL representation for module `$_SDFF_NP1_'.
Generating RTLIL representation for module `$_SDFFE_PP1P_'.
Generating RTLIL representation for module `$_SDFFE_NP1P_'.
Generating RTLIL representation for module `$_DFF_PP1_'.
Generating RTLIL representation for module `$_DFF_NP1_'.
Generating RTLIL representation for module `$_DFF_PP0_'.
Generating RTLIL representation for module `$_DFF_NP0_'.
Generating RTLIL representation for module `$_DFFE_PP1P_'.
Generating RTLIL representation for module `$_DFFE_NP1P_'.
Generating RTLIL representation for module `$_DFFE_PP0P_'.
Generating RTLIL representation for module `$_DFFE_NP0P_'.
Generating RTLIL representation for module `$lut'.
Successfully finished Verilog frontend.

2.32.2. Continuing TECHMAP pass.

2.37.3. Executing SCC pass (detecting logic loops).
No more expansions possible.
Found 0 SCCs in module top.
Found 0 SCCs.

2.37.4. Executing ABC9_OPS pass (helper functions for ABC9).
<suppressed ~23 debug messages>

2.33. Executing OPT_EXPR pass (perform const folding).

2.37.2. Executing ABC9_OPS pass (helper functions for ABC9).
Optimizing module top.

2.34. Executing SIMPLEMAP pass (map simple cells to gate primitives).

2.37.3. Executing SCC pass (detecting logic loops).

2.35. Executing SORT pass.
Found 0 SCCs in module top.
Found 0 SCCs.

2.37.4. Executing ABC9_OPS pass (helper functions for ABC9).

2.36. Executing Verilog-2005 frontend: /opt/homebrew/bin/../share/yosys/abc9_model.v
Parsing Verilog input from `/opt/homebrew/bin/../share/yosys/abc9_model.v' to AST representation.
Generating RTLIL representation for module `$__ABC9_DELAY'.
Generating RTLIL representation for module `$__ABC9_SCC_BREAKER'.
Generating RTLIL representation for module `$__DFF_N__$abc9_flop'.
Generating RTLIL representation for module `$__DFF_P__$abc9_flop'.
Successfully finished Verilog frontend.

2.37. Executing ABC9 pass.

2.37.1. Executing ABC9_OPS pass (helper functions for ABC9).

2.37.2. Executing ABC9_OPS pass (helper functions for ABC9).

2.37.3. Executing SCC pass (detecting logic loops).
Found 0 SCCs in module top.
Found 0 SCCs.

2.37.4. Executing ABC9_OPS pass (helper functions for ABC9).

2.37.5. Executing TECHMAP pass (map to technology primitives).

2.37.5.1. Executing Verilog-2005 frontend: /opt/homebrew/bin/../share/yosys/techmap.v

2.37.5. Executing TECHMAP pass (map to technology primitives).
Parsing Verilog input from `/opt/homebrew/bin/../share/yosys/techmap.v' to AST representation.
Generating RTLIL representation for module `\_90_simplemap_bool_ops'.
Generating RTLIL representation for module `\_90_simplemap_reduce_ops'.
Generating RTLIL representation for module `\_90_simplemap_logic_ops'.
Generating RTLIL representation for module `\_90_simplemap_compare_ops'.
Generating RTLIL representation for module `\_90_simplemap_various'.
Generating RTLIL representation for module `\_90_simplemap_registers'.
Generating RTLIL representation for module `\_90_shift_ops_shr_shl_sshl_sshr'.
Generating RTLIL representation for module `\_90_shift_shiftx'.
Generating RTLIL representation for module `\_90_fa'.
Generating RTLIL representation for module `\_90_lcu_brent_kung'.
Generating RTLIL representation for module `\_90_alu'.
Generating RTLIL representation for module `\_90_macc'.
Generating RTLIL representation for module `\_90_alumacc'.
Generating RTLIL representation for module `$__div_mod_u'.
Generating RTLIL representation for module `$__div_mod_trunc'.
Generating RTLIL representation for module `\_90_div'.
Generating RTLIL representation for module `\_90_mod'.
Generating RTLIL representation for module `$__div_mod_floor'.
Generating RTLIL representation for module `\_90_divfloor'.
Generating RTLIL representation for module `\_90_modfloor'.
Generating RTLIL representation for module `\_90_pow'.
Generating RTLIL representation for module `\_90_pmux'.
Generating RTLIL representation for module `\_90_demux'.
Generating RTLIL representation for module `\_90_lut'.
Generating RTLIL representation for module `$connect'.
Generating RTLIL representation for module `$input_port'.
Successfully finished Verilog frontend.

2.37.5.2. Continuing TECHMAP pass.
No more expansions possible.
<suppressed ~240 debug messages>

2.37.6. Executing OPT pass (performing simple optimizations).

2.37.6.1. Executing OPT_EXPR pass (perform const folding).

2.37.6.2. Executing OPT_MERGE pass (detect identical cells).
Removed a total of 0 cells.

2.37.6.3. Executing OPT_MUXTREE pass (detect dead branches in mux trees).
Removed 0 multiplexer ports.

2.37.6.4. Executing OPT_REDUCE pass (consolidate $*mux and $reduce_* inputs).
Performed a total of 0 changes.

2.37.6.5. Executing OPT_MERGE pass (detect identical cells).
Removed a total of 0 cells.

2.37.6.6. Executing OPT_DFF pass (perform DFF optimizations).

2.37.6.7. Executing OPT_CLEAN pass (remove unused cells and wires).

2.37.6.8. Executing OPT_EXPR pass (perform const folding).

2.37.6.9. Finished fast OPT passes. (There is nothing left to do.)

2.37.5. Executing TECHMAP pass (map to technology primitives).

2.37.5.1. Executing Verilog-2005 frontend: /opt/homebrew/bin/../share/yosys/techmap.v

2.37.5.1. Executing Verilog-2005 frontend: /opt/homebrew/bin/../share/yosys/techmap.v
Parsing Verilog input from `/opt/homebrew/bin/../share/yosys/techmap.v' to AST representation.
Generating RTLIL representation for module `\_90_simplemap_bool_ops'.
Generating RTLIL representation for module `\_90_simplemap_reduce_ops'.
Generating RTLIL representation for module `\_90_simplemap_logic_ops'.
Generating RTLIL representation for module `\_90_simplemap_compare_ops'.
Generating RTLIL representation for module `\_90_simplemap_various'.
Generating RTLIL representation for module `\_90_simplemap_registers'.
Generating RTLIL representation for module `\_90_shift_ops_shr_shl_sshl_sshr'.
Generating RTLIL representation for module `\_90_shift_shiftx'.
Generating RTLIL representation for module `\_90_fa'.
Generating RTLIL representation for module `\_90_lcu_brent_kung'.
Generating RTLIL representation for module `\_90_alu'.
Generating RTLIL representation for module `\_90_macc'.
Generating RTLIL representation for module `\_90_alumacc'.
Generating RTLIL representation for module `$__div_mod_u'.
Generating RTLIL representation for module `$__div_mod_trunc'.
Generating RTLIL representation for module `\_90_div'.
Generating RTLIL representation for module `\_90_mod'.
Generating RTLIL representation for module `$__div_mod_floor'.
Generating RTLIL representation for module `\_90_divfloor'.
Generating RTLIL representation for module `\_90_modfloor'.
Generating RTLIL representation for module `\_90_pow'.
Generating RTLIL representation for module `\_90_pmux'.
Generating RTLIL representation for module `\_90_demux'.
Generating RTLIL representation for module `\_90_lut'.
Generating RTLIL representation for module `$connect'.
Generating RTLIL representation for module `$input_port'.
Successfully finished Verilog frontend.

2.37.5.2. Continuing TECHMAP pass.
No more expansions possible.
<suppressed ~240 debug messages>

2.37.6. Executing OPT pass (performing simple optimizations).

2.37.6.1. Executing OPT_EXPR pass (perform const folding).

2.37.6.2. Executing OPT_MERGE pass (detect identical cells).
Removed a total of 0 cells.

2.37.6.3. Executing OPT_MUXTREE pass (detect dead branches in mux trees).
Removed 0 multiplexer ports.

2.37.6.4. Executing OPT_REDUCE pass (consolidate $*mux and $reduce_* inputs).
Performed a total of 0 changes.

2.37.6.5. Executing OPT_MERGE pass (detect identical cells).
Removed a total of 0 cells.

2.37.6.6. Executing OPT_DFF pass (perform DFF optimizations).

2.37.6.7. Executing OPT_CLEAN pass (remove unused cells and wires).

2.37.6.8. Executing OPT_EXPR pass (perform const folding).

2.37.6.9. Finished fast OPT passes. (There is nothing left to do.)
Parsing Verilog input from `/opt/homebrew/bin/../share/yosys/techmap.v' to AST representation.
Generating RTLIL representation for module `\_90_simplemap_bool_ops'.
Generating RTLIL representation for module `\_90_simplemap_reduce_ops'.
Generating RTLIL representation for module `\_90_simplemap_logic_ops'.
Generating RTLIL representation for module `\_90_simplemap_compare_ops'.
Generating RTLIL representation for module `\_90_simplemap_various'.
Generating RTLIL representation for module `\_90_simplemap_registers'.
Generating RTLIL representation for module `\_90_shift_ops_shr_shl_sshl_sshr'.
Generating RTLIL representation for module `\_90_shift_shiftx'.
Generating RTLIL representation for module `\_90_fa'.
Generating RTLIL representation for module `\_90_lcu_brent_kung'.
Generating RTLIL representation for module `\_90_alu'.
Generating RTLIL representation for module `\_90_macc'.
Generating RTLIL representation for module `\_90_alumacc'.
Generating RTLIL representation for module `$__div_mod_u'.
Generating RTLIL representation for module `$__div_mod_trunc'.
Generating RTLIL representation for module `\_90_div'.
Generating RTLIL representation for module `\_90_mod'.
Generating RTLIL representation for module `$__div_mod_floor'.
Generating RTLIL representation for module `\_90_divfloor'.
Generating RTLIL representation for module `\_90_modfloor'.
Generating RTLIL representation for module `\_90_pow'.
Generating RTLIL representation for module `\_90_pmux'.
Generating RTLIL representation for module `\_90_demux'.
Generating RTLIL representation for module `\_90_lut'.
Generating RTLIL representation for module `$connect'.
Generating RTLIL representation for module `$input_port'.
Successfully finished Verilog frontend.

2.37.5.2. Continuing TECHMAP pass.

2.37.7. Executing TECHMAP pass (map to technology primitives).

2.37.7.1. Executing Verilog-2005 frontend: /opt/homebrew/bin/../share/yosys/abc9_map.v
Parsing Verilog input from `/opt/homebrew/bin/../share/yosys/abc9_map.v' to AST representation.
Successfully finished Verilog frontend.

2.37.7.2. Continuing TECHMAP pass.
No more expansions possible.
<suppressed ~2 debug messages>

2.37.8. Executing Verilog-2005 frontend: /opt/homebrew/bin/../share/yosys/abc9_model.v
Parsing Verilog input from `/opt/homebrew/bin/../share/yosys/abc9_model.v' to AST representation.
Replacing existing blackbox module `$__ABC9_DELAY' at /opt/homebrew/bin/../share/yosys/abc9_model.v:2.1-7.10.
Generating RTLIL representation for module `$__ABC9_DELAY'.
Replacing existing blackbox module `$__ABC9_SCC_BREAKER' at /opt/homebrew/bin/../share/yosys/abc9_model.v:9.1-11.10.
Generating RTLIL representation for module `$__ABC9_SCC_BREAKER'.
Replacing existing module `$__DFF_N__$abc9_flop' at /opt/homebrew/bin/../share/yosys/abc9_model.v:14.1-20.10.
Generating RTLIL representation for module `$__DFF_N__$abc9_flop'.
Replacing existing module `$__DFF_P__$abc9_flop' at /opt/homebrew/bin/../share/yosys/abc9_model.v:23.1-29.10.
Generating RTLIL representation for module `$__DFF_P__$abc9_flop'.
Successfully finished Verilog frontend.

2.37.9. Executing ABC9_OPS pass (helper functions for ABC9).

2.37.10. Executing ABC9_OPS pass (helper functions for ABC9).

2.37.11. Executing ABC9_OPS pass (helper functions for ABC9).
<suppressed ~2 debug messages>

2.37.12. Executing AIGMAP pass (map logic to AIG).
Module top: replaced 0 cells with 0 new cells, skipped 7 cells.
  not replaced 3 cell types:
       3 IBUF
       1 IDDR
       3 OBUF

2.37.12.1. Executing ABC9_OPS pass (helper functions for ABC9).

2.37.12.2. Executing ABC9_OPS pass (helper functions for ABC9).

2.37.12.3. Executing XAIGER backend.
<suppressed ~5 debug messages>
Extracted 0 AND gates and 13 wires from module `top' to a netlist network with 11 inputs and 8 outputs.

2.37.12.4. Executing ABC9_EXE pass (technology mapping using ABC9).

2.37.12.5. Executing ABC9.
No more expansions possible.
<suppressed ~240 debug messages>

2.37.6. Executing OPT pass (performing simple optimizations).

2.37.6.1. Executing OPT_EXPR pass (perform const folding).

2.37.7. Executing TECHMAP pass (map to technology primitives).

2.37.7.1. Executing Verilog-2005 frontend: /opt/homebrew/bin/../share/yosys/abc9_map.v
Parsing Verilog input from `/opt/homebrew/bin/../share/yosys/abc9_map.v' to AST representation.
Successfully finished Verilog frontend.

2.37.7.2. Continuing TECHMAP pass.
No more expansions possible.

2.37.6.2. Executing OPT_MERGE pass (detect identical cells).
Removed a total of 0 cells.

2.37.6.3. Executing OPT_MUXTREE pass (detect dead branches in mux trees).
Removed 0 multiplexer ports.

2.37.6.4. Executing OPT_REDUCE pass (consolidate $*mux and $reduce_* inputs).
Performed a total of 0 changes.

2.37.6.5. Executing OPT_MERGE pass (detect identical cells).
<suppressed ~2 debug messages>

2.37.8. Executing Verilog-2005 frontend: /opt/homebrew/bin/../share/yosys/abc9_model.v
Removed a total of 0 cells.

2.37.6.6. Executing OPT_DFF pass (perform DFF optimizations).

2.37.6.7. Executing OPT_CLEAN pass (remove unused cells and wires).

2.37.6.8. Executing OPT_EXPR pass (perform const folding).
Parsing Verilog input from `/opt/homebrew/bin/../share/yosys/abc9_model.v' to AST representation.
Replacing existing blackbox module `$__ABC9_DELAY' at /opt/homebrew/bin/../share/yosys/abc9_model.v:2.1-7.10.
Generating RTLIL representation for module `$__ABC9_DELAY'.
Replacing existing blackbox module `$__ABC9_SCC_BREAKER' at /opt/homebrew/bin/../share/yosys/abc9_model.v:9.1-11.10.
Generating RTLIL representation for module `$__ABC9_SCC_BREAKER'.
Replacing existing module `$__DFF_N__$abc9_flop' at /opt/homebrew/bin/../share/yosys/abc9_model.v:14.1-20.10.
Generating RTLIL representation for module `$__DFF_N__$abc9_flop'.
Replacing existing module `$__DFF_P__$abc9_flop' at /opt/homebrew/bin/../share/yosys/abc9_model.v:23.1-29.10.
Generating RTLIL representation for module `$__DFF_P__$abc9_flop'.
Successfully finished Verilog frontend.

2.37.9. Executing ABC9_OPS pass (helper functions for ABC9).

2.37.6.9. Finished fast OPT passes. (There is nothing left to do.)

2.37.10. Executing ABC9_OPS pass (helper functions for ABC9).

2.37.11. Executing ABC9_OPS pass (helper functions for ABC9).
<suppressed ~2 debug messages>

2.37.12. Executing AIGMAP pass (map logic to AIG).
Module top: replaced 0 cells with 0 new cells, skipped 5 cells.
  not replaced 3 cell types:
       2 IBUF
       1 IDDR
       2 OBUF

2.37.12.1. Executing ABC9_OPS pass (helper functions for ABC9).

2.37.12.2. Executing ABC9_OPS pass (helper functions for ABC9).

2.37.12.3. Executing XAIGER backend.
<suppressed ~5 debug messages>
Extracted 0 AND gates and 10 wires from module `top' to a netlist network with 8 inputs and 6 outputs.

2.37.12.4. Executing ABC9_EXE pass (technology mapping using ABC9).

2.37.12.5. Executing ABC9.

2.37.7. Executing TECHMAP pass (map to technology primitives).

2.37.7.1. Executing Verilog-2005 frontend: /opt/homebrew/bin/../share/yosys/abc9_map.v
Parsing Verilog input from `/opt/homebrew/bin/../share/yosys/abc9_map.v' to AST representation.
Successfully finished Verilog frontend.

2.37.7.2. Continuing TECHMAP pass.
No more expansions possible.
<suppressed ~2 debug messages>

2.37.8. Executing Verilog-2005 frontend: /opt/homebrew/bin/../share/yosys/abc9_model.v
Parsing Verilog input from `/opt/homebrew/bin/../share/yosys/abc9_model.v' to AST representation.
Replacing existing blackbox module `$__ABC9_DELAY' at /opt/homebrew/bin/../share/yosys/abc9_model.v:2.1-7.10.
Generating RTLIL representation for module `$__ABC9_DELAY'.
Replacing existing blackbox module `$__ABC9_SCC_BREAKER' at /opt/homebrew/bin/../share/yosys/abc9_model.v:9.1-11.10.
Generating RTLIL representation for module `$__ABC9_SCC_BREAKER'.
Replacing existing module `$__DFF_N__$abc9_flop' at /opt/homebrew/bin/../share/yosys/abc9_model.v:14.1-20.10.
Generating RTLIL representation for module `$__DFF_N__$abc9_flop'.
Replacing existing module `$__DFF_P__$abc9_flop' at /opt/homebrew/bin/../share/yosys/abc9_model.v:23.1-29.10.
Generating RTLIL representation for module `$__DFF_P__$abc9_flop'.
Successfully finished Verilog frontend.

2.37.9. Executing ABC9_OPS pass (helper functions for ABC9).

2.37.10. Executing ABC9_OPS pass (helper functions for ABC9).

2.37.11. Executing ABC9_OPS pass (helper functions for ABC9).
<suppressed ~2 debug messages>

2.37.12. Executing AIGMAP pass (map logic to AIG).
Module top: replaced 0 cells with 0 new cells, skipped 7 cells.
  not replaced 3 cell types:
       3 IBUF
       1 ODDR
       3 OBUF

2.37.12.1. Executing ABC9_OPS pass (helper functions for ABC9).

2.37.12.2. Executing ABC9_OPS pass (helper functions for ABC9).

2.37.12.3. Executing XAIGER backend.
<suppressed ~5 debug messages>
Extracted 0 AND gates and 12 wires from module `top' to a netlist network with 10 inputs and 7 outputs.

2.37.12.4. Executing ABC9_EXE pass (technology mapping using ABC9).

2.37.12.5. Executing ABC9.
Running ABC command: "<yosys-exe-dir>/yosys-abc" -s -f <abc-temp-dir>/abc.script 2>&1
ABC: ======== ABC command line "source <abc-temp-dir>/abc.script"
ABC: + read_lut <abc-temp-dir>/input.lut 
ABC: + read_box <abc-temp-dir>/input.box 
ABC: + &read <abc-temp-dir>/input.xaig 
ABC: + &ps 
ABC: <abc-temp-dir>/input : i/o =     10/      7  and =       0  lev =    0 (0.00)  mem = 0.00 MB  box = 0  bb = 0
ABC: + &scorr 
ABC: Warning: The network is combinational.
ABC: + &sweep 
ABC: + &dc2 
ABC: + &dch -f -r 
ABC: + &ps 
ABC: <abc-temp-dir>/input : i/o =     10/      7  and =       0  lev =    0 (0.00)  mem = 0.00 MB  ch =    0  box = 0  bb = 0
ABC: cst =       0  cls =      0  lit =       0  unused =      10  proof =     0
ABC: + &if -W 500 -v 
ABC: K = 8. Memory (bytes): Truth =    0. Cut =   68. Obj =  152. Set =  708. CutMin = no
ABC: Node =       0.  Ch =     0.  Total mem =    0.00 MB. Peak cut mem =    0.00 MB.
ABC: P:  Del =    0.00.  Ar =       0.0.  Edge =        0.  Cut =        0.  T =     0.00 sec
ABC: P:  Del =    0.00.  Ar =       0.0.  Edge =        0.  Cut =        0.  T =     0.00 sec
ABC: P:  Del =    0.00.  Ar =       0.0.  Edge =        0.  Cut =        0.  T =     0.00 sec
ABC: F:  Del =    0.00.  Ar =       0.0.  Edge =        0.  Cut =        0.  T =     0.00 sec
ABC: A:  Del =    0.00.  Ar =       0.0.  Edge =        0.  Cut =        0.  T =     0.00 sec
ABC: A:  Del =    0.00.  Ar =       0.0.  Edge =        0.  Cut =        0.  T =     0.00 sec
ABC: Total time =     0.00 sec
ABC: + &write -n <abc-temp-dir>/output.aig 
ABC: + &mfs 
ABC: Timing manager is given but there is no GIA of boxes.
ABC: Error: Abc_FrameUpdateGia(): Transformation has failed.
ABC: + &ps -l 
ABC: <abc-temp-dir>/input : i/o =     10/      7  and =       0  lev =    0 (0.00)  mem = 0.00 MB  box = 0  bb = 0
ABC: Mapping (K=0)  :  lut =      0  edge =       0  lev =    0 (0.00)  mem = 0.00 MB
ABC: LUT = 0 : Ave = 0.00
ABC: + &write -n <abc-temp-dir>/output.aig 
ABC: + &verify 
ABC: Networks are equivalent.  Time =     0.00 sec
ABC: + time 
ABC: elapse: 0.07 seconds, total: 0.07 seconds

2.37.12.6. Executing AIGER frontend.
Running ABC command: "<yosys-exe-dir>/yosys-abc" -s -f <abc-temp-dir>/abc.script 2>&1
ABC: ======== ABC command line "source <abc-temp-dir>/abc.script"
ABC: + read_lut <abc-temp-dir>/input.lut 
ABC: + read_box <abc-temp-dir>/input.box 
ABC: + &read <abc-temp-dir>/input.xaig 
ABC: + &ps 
ABC: <abc-temp-dir>/input : i/o =      8/      6  and =       0  lev =    0 (0.00)  mem = 0.00 MB  box = 0  bb = 0
ABC: + &scorr 
ABC: Warning: The network is combinational.
ABC: + &sweep 
ABC: + &dc2 
ABC: + &dch -f -r 
ABC: + &ps 
ABC: <abc-temp-dir>/input : i/o =      8/      6  and =       0  lev =    0 (0.00)  mem = 0.00 MB  ch =    0  box = 0  bb = 0
ABC: cst =       0  cls =      0  lit =       0  unused =       8  proof =     0
ABC: + &if -W 500 -v 
ABC: K = 8. Memory (bytes): Truth =    0. Cut =   68. Obj =  152. Set =  708. CutMin = no
ABC: Node =       0.  Ch =     0.  Total mem =    0.00 MB. Peak cut mem =    0.00 MB.
ABC: P:  Del =    0.00.  Ar =       0.0.  Edge =        0.  Cut =        0.  T =     0.00 sec
ABC: P:  Del =    0.00.  Ar =       0.0.  Edge =        0.  Cut =        0.  T =     0.00 sec
ABC: P:  Del =    0.00.  Ar =       0.0.  Edge =        0.  Cut =        0.  T =     0.00 sec
ABC: F:  Del =    0.00.  Ar =       0.0.  Edge =        0.  Cut =        0.  T =     0.00 sec
ABC: A:  Del =    0.00.  Ar =       0.0.  Edge =        0.  Cut =        0.  T =     0.00 sec
ABC: A:  Del =    0.00.  Ar =       0.0.  Edge =        0.  Cut =        0.  T =     0.00 sec
ABC: Total time =     0.00 sec
ABC: + &write -n <abc-temp-dir>/output.aig 
ABC: + &mfs 
ABC: Timing manager is given but there is no GIA of boxes.
ABC: Error: Abc_FrameUpdateGia(): Transformation has failed.
ABC: + &ps -l 
ABC: <abc-temp-dir>/input : i/o =      8/      6  and =       0  lev =    0 (0.00)  mem = 0.00 MB  box = 0  bb = 0
ABC: Mapping (K=0)  :  lut =      0  edge =       0  lev =    0 (0.00)  mem = 0.00 MB
ABC: LUT = 0 : Ave = 0.00
ABC: + &write -n <abc-temp-dir>/output.aig 
ABC: + &verify 
ABC: Networks are equivalent.  Time =     0.00 sec
ABC: + time 
ABC: elapse: 0.09 seconds, total: 0.09 seconds

2.37.12.6. Executing AIGER frontend.
<suppressed ~42 debug messages>
Removed 0 unused cells and 17 unused wires.

2.37.12.7. Executing ABC9_OPS pass (helper functions for ABC9).
<suppressed ~36 debug messages>
Removed 0 unused cells and 16 unused wires.

2.37.12.7. Executing ABC9_OPS pass (helper functions for ABC9).
ABC RESULTS:           input signals:        2
ABC RESULTS:          output signals:        4
Removing temp directory.

2.37.13. Executing TECHMAP pass (map to technology primitives).
ABC RESULTS:           input signals:        3
ABC RESULTS:          output signals:        7
Removing temp directory.

2.37.13. Executing TECHMAP pass (map to technology primitives).

2.37.13.1. Executing Verilog-2005 frontend: /opt/homebrew/bin/../share/yosys/abc9_unmap.v

2.37.13.1. Executing Verilog-2005 frontend: /opt/homebrew/bin/../share/yosys/abc9_unmap.v
Parsing Verilog input from `/opt/homebrew/bin/../share/yosys/abc9_unmap.v' to AST representation.
Generating RTLIL representation for module `$__DFF_x__$abc9_flop'.
Generating RTLIL representation for module `$__ABC9_SCC_BREAKER'.
Successfully finished Verilog frontend.

2.37.13.2. Continuing TECHMAP pass.
Parsing Verilog input from `/opt/homebrew/bin/../share/yosys/abc9_unmap.v' to AST representation.
Generating RTLIL representation for module `$__DFF_x__$abc9_flop'.
Generating RTLIL representation for module `$__ABC9_SCC_BREAKER'.
Successfully finished Verilog frontend.

2.37.13.2. Continuing TECHMAP pass.
No more expansions possible.
No more expansions possible.
<suppressed ~5 debug messages>
<suppressed ~5 debug messages>
Removed 0 unused cells and 10 unused wires.

2.38. Executing TECHMAP pass (map to technology primitives).

2.38.1. Executing Verilog-2005 frontend: /opt/homebrew/bin/../share/yosys/gowin/cells_map.v
Removed 0 unused cells and 8 unused wires.

2.38. Executing TECHMAP pass (map to technology primitives).

2.38.1. Executing Verilog-2005 frontend: /opt/homebrew/bin/../share/yosys/gowin/cells_map.v
Parsing Verilog input from `/opt/homebrew/bin/../share/yosys/gowin/cells_map.v' to AST representation.
Generating RTLIL representation for module `$_DFF_N_'.
Generating RTLIL representation for module `$_DFF_P_'.
Generating RTLIL representation for module `$_DFFE_PP_'.
Generating RTLIL representation for module `$_DFFE_NP_'.
Generating RTLIL representation for module `$_SDFF_PP0_'.
Generating RTLIL representation for module `$_SDFF_NP0_'.
Generating RTLIL representation for module `$_SDFFE_PP0P_'.
Generating RTLIL representation for module `$_SDFFE_NP0P_'.
Generating RTLIL representation for module `$_SDFF_PP1_'.
Generating RTLIL representation for module `$_SDFF_NP1_'.
Generating RTLIL representation for module `$_SDFFE_PP1P_'.
Generating RTLIL representation for module `$_SDFFE_NP1P_'.
Generating RTLIL representation for module `$_DFF_PP1_'.
Generating RTLIL representation for module `$_DFF_NP1_'.
Generating RTLIL representation for module `$_DFF_PP0_'.
Generating RTLIL representation for module `$_DFF_NP0_'.
Generating RTLIL representation for module `$_DFFE_PP1P_'.
Generating RTLIL representation for module `$_DFFE_NP1P_'.
Generating RTLIL representation for module `$_DFFE_PP0P_'.
Generating RTLIL representation for module `$_DFFE_NP0P_'.
Generating RTLIL representation for module `$lut'.
Successfully finished Verilog frontend.

2.38.2. Continuing TECHMAP pass.
Parsing Verilog input from `/opt/homebrew/bin/../share/yosys/gowin/cells_map.v' to AST representation.
Generating RTLIL representation for module `$_DFF_N_'.
Generating RTLIL representation for module `$_DFF_P_'.
Generating RTLIL representation for module `$_DFFE_PP_'.
Generating RTLIL representation for module `$_DFFE_NP_'.
Generating RTLIL representation for module `$_SDFF_PP0_'.
Generating RTLIL representation for module `$_SDFF_NP0_'.
Generating RTLIL representation for module `$_SDFFE_PP0P_'.
Generating RTLIL representation for module `$_SDFFE_NP0P_'.
Generating RTLIL representation for module `$_SDFF_PP1_'.
Generating RTLIL representation for module `$_SDFF_NP1_'.
Generating RTLIL representation for module `$_SDFFE_PP1P_'.
Generating RTLIL representation for module `$_SDFFE_NP1P_'.
Generating RTLIL representation for module `$_DFF_PP1_'.
Generating RTLIL representation for module `$_DFF_NP1_'.
Generating RTLIL representation for module `$_DFF_PP0_'.
Generating RTLIL representation for module `$_DFF_NP0_'.
Generating RTLIL representation for module `$_DFFE_PP1P_'.
Generating RTLIL representation for module `$_DFFE_NP1P_'.
Generating RTLIL representation for module `$_DFFE_PP0P_'.
Generating RTLIL representation for module `$_DFFE_NP0P_'.
Generating RTLIL representation for module `$lut'.
Successfully finished Verilog frontend.

2.38.2. Continuing TECHMAP pass.
No more expansions possible.
<suppressed ~23 debug messages>

2.39. Executing OPT_LUT_INS pass (discard unused LUT inputs).
No more expansions possible.
Optimizing LUTs in top.

2.40. Executing SETUNDEF pass (replace undef values with defined constants).

2.41. Executing HILOMAP pass (mapping to constant drivers).
<suppressed ~23 debug messages>

2.39. Executing OPT_LUT_INS pass (discard unused LUT inputs).

2.42. Executing AUTONAME pass.
Renamed 7 objects in module top (4 iterations).
<suppressed ~7 debug messages>

2.43. Executing HIERARCHY pass (managing design hierarchy).
Attribute `top' found on module `top'. Setting top module to top.

2.43.1. Analyzing design hierarchy..
Top module:  \top

2.43.2. Analyzing design hierarchy..
Top module:  \top
Removed 0 unused modules.

2.44. Printing statistics.

=== top ===

        +----------Local Count, excluding submodules.
        | 
        6 wires
        8 wire bits
        6 public wires
        8 public wire bits
        3 ports
        4 port bits
        5 cells
        2   IBUF
        1   IDDR
        2   OBUF

2.45. Executing CHECK pass (checking for obvious problems).
Checking module top...
Found and reported 0 problems.

2.46. Executing JSON backend.
Optimizing LUTs in top.

2.40. Executing SETUNDEF pass (replace undef values with defined constants).

2.41. Executing HILOMAP pass (mapping to constant drivers).
Running ABC command: "<yosys-exe-dir>/yosys-abc" -s -f <abc-temp-dir>/abc.script 2>&1
ABC: ======== ABC command line "source <abc-temp-dir>/abc.script"
ABC: + read_lut <abc-temp-dir>/input.lut 
ABC: + read_box <abc-temp-dir>/input.box 
ABC: + &read <abc-temp-dir>/input.xaig 
ABC: + &ps 
ABC: <abc-temp-dir>/input : i/o =     11/      8  and =       0  lev =    0 (0.00)  mem = 0.00 MB  box = 0  bb = 0
ABC: + &scorr 
ABC: Warning: The network is combinational.
ABC: + &sweep 
ABC: + &dc2 
ABC: + &dch -f -r 
ABC: + &ps 
ABC: <abc-temp-dir>/input : i/o =     11/      8  and =       0  lev =    0 (0.00)  mem = 0.00 MB  ch =    0  box = 0  bb = 0
ABC: cst =       0  cls =      0  lit =       0  unused =      11  proof =     0
ABC: + &if -W 500 -v 
ABC: K = 8. Memory (bytes): Truth =    0. Cut =   68. Obj =  152. Set =  708. CutMin = no
ABC: Node =       0.  Ch =     0.  Total mem =    0.00 MB. Peak cut mem =    0.00 MB.
ABC: P:  Del =    0.00.  Ar =       0.0.  Edge =        0.  Cut =        0.  T =     0.00 sec
ABC: P:  Del =    0.00.  Ar =       0.0.  Edge =        0.  Cut =        0.  T =     0.00 sec
ABC: P:  Del =    0.00.  Ar =       0.0.  Edge =        0.  Cut =        0.  T =     0.00 sec
ABC: F:  Del =    0.00.  Ar =       0.0.  Edge =        0.  Cut =        0.  T =     0.00 sec
ABC: A:  Del =    0.00.  Ar =       0.0.  Edge =        0.  Cut =        0.  T =     0.00 sec
ABC: A:  Del =    0.00.  Ar =       0.0.  Edge =        0.  Cut =        0.  T =     0.00 sec
ABC: Total time =     0.00 sec
ABC: + &write -n <abc-temp-dir>/output.aig 
ABC: + &mfs 
ABC: Timing manager is given but there is no GIA of boxes.
ABC: Error: Abc_FrameUpdateGia(): Transformation has failed.
ABC: + &ps -l 
ABC: <abc-temp-dir>/input : i/o =     11/      8  and =       0  lev =    0 (0.00)  mem = 0.00 MB  box = 0  bb = 0
ABC: Mapping (K=0)  :  lut =      0  edge =       0  lev =    0 (0.00)  mem = 0.00 MB
ABC: LUT = 0 : Ave = 0.00
ABC: + &write -n <abc-temp-dir>/output.aig 
ABC: + &verify 
ABC: Networks are equivalent.  Time =     0.00 sec
ABC: + time 
ABC: elapse: 0.01 seconds, total: 0.01 seconds

2.37.12.6. Executing AIGER frontend.
<suppressed ~46 debug messages>
Removed 0 unused cells and 19 unused wires.

2.37.12.7. Executing ABC9_OPS pass (helper functions for ABC9).
ABC RESULTS:           input signals:        3
ABC RESULTS:          output signals:        8
Removing temp directory.

2.37.13. Executing TECHMAP pass (map to technology primitives).

2.37.13.1. Executing Verilog-2005 frontend: /opt/homebrew/bin/../share/yosys/abc9_unmap.v
Parsing Verilog input from `/opt/homebrew/bin/../share/yosys/abc9_unmap.v' to AST representation.
Generating RTLIL representation for module `$__DFF_x__$abc9_flop'.
Generating RTLIL representation for module `$__ABC9_SCC_BREAKER'.
Successfully finished Verilog frontend.

2.37.13.2. Continuing TECHMAP pass.
No more expansions possible.

2.42. Executing AUTONAME pass.
<suppressed ~5 debug messages>
Renamed 12 objects in module top (7 iterations).
<suppressed ~12 debug messages>

2.43. Executing HIERARCHY pass (managing design hierarchy).
Attribute `top' found on module `top'. Setting top module to top.

2.43.1. Analyzing design hierarchy..
Top module:  \top

2.43.2. Analyzing design hierarchy..
Top module:  \top
Removed 0 unused modules.

2.44. Printing statistics.
Removed 0 unused cells and 11 unused wires.

2.38. Executing TECHMAP pass (map to technology primitives).

2.38.1. Executing Verilog-2005 frontend: /opt/homebrew/bin/../share/yosys/gowin/cells_map.v

=== top ===

        +----------Local Count, excluding submodules.
        | 
       11 wires
       11 wire bits
       11 public wires
       11 public wire bits
        6 ports
        6 port bits
        8 cells
        1   GND
        3   IBUF
        3   OBUF
        1   ODDR

2.45. Executing CHECK pass (checking for obvious problems).
Checking module top...
Found and reported 0 problems.

2.46. Executing JSON backend.
Parsing Verilog input from `/opt/homebrew/bin/../share/yosys/gowin/cells_map.v' to AST representation.
Generating RTLIL representation for module `$_DFF_N_'.
Generating RTLIL representation for module `$_DFF_P_'.
Generating RTLIL representation for module `$_DFFE_PP_'.
Generating RTLIL representation for module `$_DFFE_NP_'.
Generating RTLIL representation for module `$_SDFF_PP0_'.
Generating RTLIL representation for module `$_SDFF_NP0_'.
Generating RTLIL representation for module `$_SDFFE_PP0P_'.
Generating RTLIL representation for module `$_SDFFE_NP0P_'.
Generating RTLIL representation for module `$_SDFF_PP1_'.
Generating RTLIL representation for module `$_SDFF_NP1_'.
Generating RTLIL representation for module `$_SDFFE_PP1P_'.
Generating RTLIL representation for module `$_SDFFE_NP1P_'.
Generating RTLIL representation for module `$_DFF_PP1_'.
Generating RTLIL representation for module `$_DFF_NP1_'.
Generating RTLIL representation for module `$_DFF_PP0_'.
Generating RTLIL representation for module `$_DFF_NP0_'.
Generating RTLIL representation for module `$_DFFE_PP1P_'.
Generating RTLIL representation for module `$_DFFE_NP1P_'.
Generating RTLIL representation for module `$_DFFE_PP0P_'.
Generating RTLIL representation for module `$_DFFE_NP0P_'.
Generating RTLIL representation for module `$lut'.
Successfully finished Verilog frontend.

2.38.2. Continuing TECHMAP pass.
No more expansions possible.
<suppressed ~23 debug messages>

2.39. Executing OPT_LUT_INS pass (discard unused LUT inputs).
Optimizing LUTs in top.

2.40. Executing SETUNDEF pass (replace undef values with defined constants).

2.41. Executing HILOMAP pass (mapping to constant drivers).

2.42. Executing AUTONAME pass.
Renamed 11 objects in module top (6 iterations).
<suppressed ~11 debug messages>

2.43. Executing HIERARCHY pass (managing design hierarchy).
Attribute `top' found on module `top'. Setting top module to top.

2.43.1. Analyzing design hierarchy..
Top module:  \top

2.43.2. Analyzing design hierarchy..
Top module:  \top
Removed 0 unused modules.

2.44. Printing statistics.

=== top ===

        +----------Local Count, excluding submodules.
        | 
       11 wires
       11 wire bits
       11 public wires
       11 public wire bits
        6 ports
        6 port bits
        7 cells
        3   IBUF
        1   IDDR
        3   OBUF

2.45. Executing CHECK pass (checking for obvious problems).

End of script. Logfile hash: 313f58db30, CPU: user 0.31s system 0.04s, MEM: 34.64 MB peak
Yosys 0.63 (git sha1 70a11c6bf0e8dd669f56c7da3587f78b405138e2, clang++ 17.0.0 -fPIC -O3)
Time spent: 42% 19x read_verilog (0 sec), 17% 1x abc9_exe (0 sec), ...
yosys -p "read_verilog oser4-io.v; synth_gowin -json oser4-io-tangmega138k-synth.json -family gw5a -setundef"
Checking module top...
Found and reported 0 problems.

2.46. Executing JSON backend.

 /----------------------------------------------------------------------------\
 |  yosys -- Yosys Open SYnthesis Suite                                       |
 |  Copyright (C) 2012 - 2026  Claire Xenia Wolf <claire@yosyshq.com>         |
 |  Distributed under an ISC-like license, type "license" to see terms        |
 \----------------------------------------------------------------------------/
 Yosys 0.63 (git sha1 70a11c6bf0e8dd669f56c7da3587f78b405138e2, clang++ 17.0.0 -fPIC -O3)

-- Running command `read_verilog oser4-io.v; synth_gowin -json oser4-io-tangmega138k-synth.json -family gw5a -setundef' --

1. Executing Verilog-2005 frontend: oser4-io.v
Parsing Verilog input from `oser4-io.v' to AST representation.
Generating RTLIL representation for module `\top'.
Successfully finished Verilog frontend.

2. Executing SYNTH_GOWIN pass.

2.1. Executing Verilog-2005 frontend: /opt/homebrew/bin/../share/yosys/gowin/cells_sim.v

End of script. Logfile hash: d115c47778, CPU: user 0.31s system 0.04s, MEM: 34.80 MB peak
Yosys 0.63 (git sha1 70a11c6bf0e8dd669f56c7da3587f78b405138e2, clang++ 17.0.0 -fPIC -O3)
Time spent: 41% 19x read_verilog (0 sec), 18% 1x abc9_exe (0 sec), ...

End of script. Logfile hash: e87b440c71, CPU: user 0.31s system 0.05s, MEM: 34.62 MB peak
Yosys 0.63 (git sha1 70a11c6bf0e8dd669f56c7da3587f78b405138e2, clang++ 17.0.0 -fPIC -O3)
Time spent: 42% 19x read_verilog (0 sec), 16% 1x abc9_exe (0 sec), ...
yosys -p "read_verilog oser8-io.v; synth_gowin -json oser8-io-tangmega138k-synth.json -family gw5a -setundef"
yosys -p "read_verilog oser10-io.v; synth_gowin -json oser10-io-tangmega138k-synth.json -family gw5a -setundef"

 /----------------------------------------------------------------------------\
 |  yosys -- Yosys Open SYnthesis Suite                                       |
 |  Copyright (C) 2012 - 2026  Claire Xenia Wolf <claire@yosyshq.com>         |
 |  Distributed under an ISC-like license, type "license" to see terms        |
 \----------------------------------------------------------------------------/
 Yosys 0.63 (git sha1 70a11c6bf0e8dd669f56c7da3587f78b405138e2, clang++ 17.0.0 -fPIC -O3)

-- Running command `read_verilog oser8-io.v; synth_gowin -json oser8-io-tangmega138k-synth.json -family gw5a -setundef' --

1. Executing Verilog-2005 frontend: oser8-io.v
Parsing Verilog input from `oser8-io.v' to AST representation.
Generating RTLIL representation for module `\top'.
Successfully finished Verilog frontend.

2. Executing SYNTH_GOWIN pass.

2.1. Executing Verilog-2005 frontend: /opt/homebrew/bin/../share/yosys/gowin/cells_sim.v

 /----------------------------------------------------------------------------\
 |  yosys -- Yosys Open SYnthesis Suite                                       |
 |  Copyright (C) 2012 - 2026  Claire Xenia Wolf <claire@yosyshq.com>         |
 |  Distributed under an ISC-like license, type "license" to see terms        |
 \----------------------------------------------------------------------------/
 Yosys 0.63 (git sha1 70a11c6bf0e8dd669f56c7da3587f78b405138e2, clang++ 17.0.0 -fPIC -O3)

-- Running command `read_verilog oser10-io.v; synth_gowin -json oser10-io-tangmega138k-synth.json -family gw5a -setundef' --

1. Executing Verilog-2005 frontend: oser10-io.v
Parsing Verilog input from `oser10-io.v' to AST representation.
Generating RTLIL representation for module `\top'.
Successfully finished Verilog frontend.

2. Executing SYNTH_GOWIN pass.

2.1. Executing Verilog-2005 frontend: /opt/homebrew/bin/../share/yosys/gowin/cells_sim.v
Parsing Verilog input from `/opt/homebrew/bin/../share/yosys/gowin/cells_sim.v' to AST representation.
Generating RTLIL representation for module `\LUT1'.
Generating RTLIL representation for module `\LUT2'.
Generating RTLIL representation for module `\LUT3'.
Generating RTLIL representation for module `\LUT4'.
Generating RTLIL representation for module `\__APICULA_LUT5'.
Generating RTLIL representation for module `\__APICULA_LUT6'.
Generating RTLIL representation for module `\__APICULA_LUT7'.
Generating RTLIL representation for module `\__APICULA_LUT8'.
Generating RTLIL representation for module `\MUX2'.
Generating RTLIL representation for module `\MUX2_LUT5'.
Generating RTLIL representation for module `\MUX2_LUT6'.
Generating RTLIL representation for module `\MUX2_LUT7'.
Generating RTLIL representation for module `\MUX2_LUT8'.
Generating RTLIL representation for module `\DFF'.
Generating RTLIL representation for module `\DFFE'.
Generating RTLIL representation for module `\DFFS'.
Generating RTLIL representation for module `\DFFSE'.
Generating RTLIL representation for module `\DFFR'.
Generating RTLIL representation for module `\DFFRE'.
Generating RTLIL representation for module `\DFFP'.
Generating RTLIL representation for module `\DFFPE'.
Generating RTLIL representation for module `\DFFC'.
Generating RTLIL representation for module `\DFFCE'.
Generating RTLIL representation for module `\DFFN'.
Generating RTLIL representation for module `\DFFNE'.
Generating RTLIL representation for module `\DFFNS'.
Generating RTLIL representation for module `\DFFNSE'.
Generating RTLIL representation for module `\DFFNR'.
Generating RTLIL representation for module `\DFFNRE'.
Generating RTLIL representation for module `\DFFNP'.
Generating RTLIL representation for module `\DFFNPE'.
Generating RTLIL representation for module `\DFFNC'.
Generating RTLIL representation for module `\DFFNCE'.
Generating RTLIL representation for module `\VCC'.
Generating RTLIL representation for module `\GND'.
Generating RTLIL representation for module `\IBUF'.
Generating RTLIL representation for module `\OBUF'.
Generating RTLIL representation for module `\TBUF'.
Generating RTLIL representation for module `\IOBUF'.
Generating RTLIL representation for module `\ELVDS_OBUF'.
Generating RTLIL representation for module `\TLVDS_OBUF'.
Generating RTLIL representation for module `\OSER4'.
Generating RTLIL representation for module `\OSER4_MEM'.
Generating RTLIL representation for module `\OSER8'.
Generating RTLIL representation for module `\OSER10'.
Generating RTLIL representation for module `\OVIDEO'.
Generating RTLIL representation for module `\OSER16'.
Generating RTLIL representation for module `\IDES4'.
Generating RTLIL representation for module `\IDES4_MEM'.
Generating RTLIL representation for module `\IDES8'.
Generating RTLIL representation for module `\IDES10'.
Generating RTLIL representation for module `\IVIDEO'.
Generating RTLIL representation for module `\IDES16'.
Generating RTLIL representation for module `\IDDR'.
Generating RTLIL representation for module `\IDDRC'.
Generating RTLIL representation for module `\DQS'.
Generating RTLIL representation for module `\ODDR'.
Generating RTLIL representation for module `\ODDRC'.
Generating RTLIL representation for module `\GSR'.
Generating RTLIL representation for module `\BANDGAP'.
Generating RTLIL representation for module `\ALU'.
Generating RTLIL representation for module `\RAM16S1'.
Generating RTLIL representation for module `\RAM16S2'.
Generating RTLIL representation for module `\RAM16S4'.
Generating RTLIL representation for module `\RAM16SDP1'.
Generating RTLIL representation for module `\RAM16SDP2'.
Generating RTLIL representation for module `\RAM16SDP4'.
Generating RTLIL representation for module `\SP'.
Generating RTLIL representation for module `\SPX9'.
Generating RTLIL representation for module `\SDP'.
Generating RTLIL representation for module `\SDPX9'.
Generating RTLIL representation for module `\DP'.
Generating RTLIL representation for module `\DPX9'.
Generating RTLIL representation for module `\rPLL'.
Generating RTLIL representation for module `\PLLVR'.
Generating RTLIL representation for module `\OSC'.
Generating RTLIL representation for module `\OSCZ'.
Generating RTLIL representation for module `\OSCF'.
Generating RTLIL representation for module `\OSCH'.
Generating RTLIL representation for module `\OSCW'.
Generating RTLIL representation for module `\OSCO'.
Generating RTLIL representation for module `\EMCU'.
Successfully finished Verilog frontend.

2.2. Executing Verilog-2005 frontend: /opt/homebrew/bin/../share/yosys/gowin/cells_xtra_gw5a.v
Parsing Verilog input from `/opt/homebrew/bin/../share/yosys/gowin/cells_sim.v' to AST representation.
Generating RTLIL representation for module `\LUT1'.
Generating RTLIL representation for module `\LUT2'.
Generating RTLIL representation for module `\LUT3'.
Generating RTLIL representation for module `\LUT4'.
Generating RTLIL representation for module `\__APICULA_LUT5'.
Generating RTLIL representation for module `\__APICULA_LUT6'.
Generating RTLIL representation for module `\__APICULA_LUT7'.
Generating RTLIL representation for module `\__APICULA_LUT8'.
Generating RTLIL representation for module `\MUX2'.
Generating RTLIL representation for module `\MUX2_LUT5'.
Generating RTLIL representation for module `\MUX2_LUT6'.
Generating RTLIL representation for module `\MUX2_LUT7'.
Generating RTLIL representation for module `\MUX2_LUT8'.
Generating RTLIL representation for module `\DFF'.
Generating RTLIL representation for module `\DFFE'.
Generating RTLIL representation for module `\DFFS'.
Generating RTLIL representation for module `\DFFSE'.
Generating RTLIL representation for module `\DFFR'.
Generating RTLIL representation for module `\DFFRE'.
Generating RTLIL representation for module `\DFFP'.
Generating RTLIL representation for module `\DFFPE'.
Generating RTLIL representation for module `\DFFC'.
Generating RTLIL representation for module `\DFFCE'.
Generating RTLIL representation for module `\DFFN'.
Generating RTLIL representation for module `\DFFNE'.
Generating RTLIL representation for module `\DFFNS'.
Generating RTLIL representation for module `\DFFNSE'.
Generating RTLIL representation for module `\DFFNR'.
Generating RTLIL representation for module `\DFFNRE'.
Generating RTLIL representation for module `\DFFNP'.
Generating RTLIL representation for module `\DFFNPE'.
Generating RTLIL representation for module `\DFFNC'.
Generating RTLIL representation for module `\DFFNCE'.
Generating RTLIL representation for module `\VCC'.
Generating RTLIL representation for module `\GND'.
Generating RTLIL representation for module `\IBUF'.
Generating RTLIL representation for module `\OBUF'.
Generating RTLIL representation for module `\TBUF'.
Generating RTLIL representation for module `\IOBUF'.
Generating RTLIL representation for module `\ELVDS_OBUF'.
Generating RTLIL representation for module `\TLVDS_OBUF'.
Generating RTLIL representation for module `\OSER4'.
Generating RTLIL representation for module `\OSER4_MEM'.
Generating RTLIL representation for module `\OSER8'.
Generating RTLIL representation for module `\OSER10'.
Generating RTLIL representation for module `\OVIDEO'.
Generating RTLIL representation for module `\OSER16'.
Generating RTLIL representation for module `\IDES4'.
Generating RTLIL representation for module `\IDES4_MEM'.
Generating RTLIL representation for module `\IDES8'.
Generating RTLIL representation for module `\IDES10'.
Generating RTLIL representation for module `\IVIDEO'.
Generating RTLIL representation for module `\IDES16'.
Generating RTLIL representation for module `\IDDR'.
Generating RTLIL representation for module `\IDDRC'.
Generating RTLIL representation for module `\DQS'.
Generating RTLIL representation for module `\ODDR'.
Generating RTLIL representation for module `\ODDRC'.
Generating RTLIL representation for module `\GSR'.
Generating RTLIL representation for module `\BANDGAP'.
Generating RTLIL representation for module `\ALU'.
Generating RTLIL representation for module `\RAM16S1'.
Generating RTLIL representation for module `\RAM16S2'.
Generating RTLIL representation for module `\RAM16S4'.
Generating RTLIL representation for module `\RAM16SDP1'.
Generating RTLIL representation for module `\RAM16SDP2'.
Generating RTLIL representation for module `\RAM16SDP4'.
Generating RTLIL representation for module `\SP'.
Generating RTLIL representation for module `\SPX9'.
Generating RTLIL representation for module `\SDP'.
Generating RTLIL representation for module `\SDPX9'.
Generating RTLIL representation for module `\DP'.
Generating RTLIL representation for module `\DPX9'.
Generating RTLIL representation for module `\rPLL'.
Generating RTLIL representation for module `\PLLVR'.
Generating RTLIL representation for module `\OSC'.
Generating RTLIL representation for module `\OSCZ'.
Generating RTLIL representation for module `\OSCF'.
Generating RTLIL representation for module `\OSCH'.
Generating RTLIL representation for module `\OSCW'.
Generating RTLIL representation for module `\OSCO'.
Generating RTLIL representation for module `\EMCU'.
Successfully finished Verilog frontend.

2.2. Executing Verilog-2005 frontend: /opt/homebrew/bin/../share/yosys/gowin/cells_xtra_gw5a.v
Parsing Verilog input from `/opt/homebrew/bin/../share/yosys/gowin/cells_sim.v' to AST representation.
Generating RTLIL representation for module `\LUT1'.
Generating RTLIL representation for module `\LUT2'.
Generating RTLIL representation for module `\LUT3'.
Generating RTLIL representation for module `\LUT4'.
Generating RTLIL representation for module `\__APICULA_LUT5'.
Generating RTLIL representation for module `\__APICULA_LUT6'.
Generating RTLIL representation for module `\__APICULA_LUT7'.
Generating RTLIL representation for module `\__APICULA_LUT8'.
Generating RTLIL representation for module `\MUX2'.
Generating RTLIL representation for module `\MUX2_LUT5'.
Generating RTLIL representation for module `\MUX2_LUT6'.
Generating RTLIL representation for module `\MUX2_LUT7'.
Generating RTLIL representation for module `\MUX2_LUT8'.
Generating RTLIL representation for module `\DFF'.
Generating RTLIL representation for module `\DFFE'.
Generating RTLIL representation for module `\DFFS'.
Generating RTLIL representation for module `\DFFSE'.
Generating RTLIL representation for module `\DFFR'.
Generating RTLIL representation for module `\DFFRE'.
Generating RTLIL representation for module `\DFFP'.
Generating RTLIL representation for module `\DFFPE'.
Generating RTLIL representation for module `\DFFC'.
Generating RTLIL representation for module `\DFFCE'.
Generating RTLIL representation for module `\DFFN'.
Generating RTLIL representation for module `\DFFNE'.
Generating RTLIL representation for module `\DFFNS'.
Generating RTLIL representation for module `\DFFNSE'.
Generating RTLIL representation for module `\DFFNR'.
Generating RTLIL representation for module `\DFFNRE'.
Generating RTLIL representation for module `\DFFNP'.
Generating RTLIL representation for module `\DFFNPE'.
Generating RTLIL representation for module `\DFFNC'.
Generating RTLIL representation for module `\DFFNCE'.
Generating RTLIL representation for module `\VCC'.
Generating RTLIL representation for module `\GND'.
Generating RTLIL representation for module `\IBUF'.
Generating RTLIL representation for module `\OBUF'.
Generating RTLIL representation for module `\TBUF'.
Generating RTLIL representation for module `\IOBUF'.
Generating RTLIL representation for module `\ELVDS_OBUF'.
Generating RTLIL representation for module `\TLVDS_OBUF'.
Generating RTLIL representation for module `\OSER4'.
Generating RTLIL representation for module `\OSER4_MEM'.
Generating RTLIL representation for module `\OSER8'.
Generating RTLIL representation for module `\OSER10'.
Generating RTLIL representation for module `\OVIDEO'.
Generating RTLIL representation for module `\OSER16'.
Generating RTLIL representation for module `\IDES4'.
Generating RTLIL representation for module `\IDES4_MEM'.
Generating RTLIL representation for module `\IDES8'.
Generating RTLIL representation for module `\IDES10'.
Generating RTLIL representation for module `\IVIDEO'.
Generating RTLIL representation for module `\IDES16'.
Generating RTLIL representation for module `\IDDR'.
Generating RTLIL representation for module `\IDDRC'.
Generating RTLIL representation for module `\DQS'.
Generating RTLIL representation for module `\ODDR'.
Generating RTLIL representation for module `\ODDRC'.
Generating RTLIL representation for module `\GSR'.
Generating RTLIL representation for module `\BANDGAP'.
Generating RTLIL representation for module `\ALU'.
Generating RTLIL representation for module `\RAM16S1'.
Generating RTLIL representation for module `\RAM16S2'.
Generating RTLIL representation for module `\RAM16S4'.
Generating RTLIL representation for module `\RAM16SDP1'.
Generating RTLIL representation for module `\RAM16SDP2'.
Generating RTLIL representation for module `\RAM16SDP4'.
Generating RTLIL representation for module `\SP'.
Generating RTLIL representation for module `\SPX9'.
Generating RTLIL representation for module `\SDP'.
Generating RTLIL representation for module `\SDPX9'.
Generating RTLIL representation for module `\DP'.
Generating RTLIL representation for module `\DPX9'.
Generating RTLIL representation for module `\rPLL'.
Generating RTLIL representation for module `\PLLVR'.
Generating RTLIL representation for module `\OSC'.
Generating RTLIL representation for module `\OSCZ'.
Generating RTLIL representation for module `\OSCF'.
Generating RTLIL representation for module `\OSCH'.
Generating RTLIL representation for module `\OSCW'.
Generating RTLIL representation for module `\OSCO'.
Generating RTLIL representation for module `\EMCU'.
Successfully finished Verilog frontend.

2.2. Executing Verilog-2005 frontend: /opt/homebrew/bin/../share/yosys/gowin/cells_xtra_gw5a.v
Parsing Verilog input from `/opt/homebrew/bin/../share/yosys/gowin/cells_xtra_gw5a.v' to AST representation.
Generating RTLIL representation for module `\LUT5'.
Generating RTLIL representation for module `\LUT6'.
Generating RTLIL representation for module `\LUT7'.
Generating RTLIL representation for module `\LUT8'.
Generating RTLIL representation for module `\ROM16'.
Generating RTLIL representation for module `\INV'.
Generating RTLIL representation for module `\TLVDS_IBUF'.
Generating RTLIL representation for module `\TLVDS_TBUF'.
Generating RTLIL representation for module `\TLVDS_IOBUF'.
Generating RTLIL representation for module `\ELVDS_TBUF'.
Generating RTLIL representation for module `\ELVDS_IOBUF'.
Generating RTLIL representation for module `\MIPI_IBUF'.
Generating RTLIL representation for module `\MIPI_OBUF_A'.
Generating RTLIL representation for module `\ELVDS_IOBUF_R'.
Generating RTLIL representation for module `\I3C_IOBUF'.
Generating RTLIL representation for module `\TLVDS_IBUF_ADC'.
Generating RTLIL representation for module `\MIPI_CPHY_IBUF'.
Generating RTLIL representation for module `\MIPI_CPHY_OBUF'.
Generating RTLIL representation for module `\SDPB'.
Generating RTLIL representation for module `\SDPX9B'.
Generating RTLIL representation for module `\DPB'.
Generating RTLIL representation for module `\DPX9B'.
Generating RTLIL representation for module `\pROM'.
Generating RTLIL representation for module `\pROMX9'.
Generating RTLIL representation for module `\SDP36KE'.
Generating RTLIL representation for module `\SDP136K'.
Generating RTLIL representation for module `\MULTADDALU12X12'.
Generating RTLIL representation for module `\MULTALU27X18'.
Generating RTLIL representation for module `\MULT12X12'.
Generating RTLIL representation for module `\MULT27X36'.
Generating RTLIL representation for module `\MULTACC'.
Generating RTLIL representation for module `\IDDR_MEM'.
Generating RTLIL representation for module `\ODDR_MEM'.
Replacing existing blackbox module `\IDES4_MEM' at /opt/homebrew/bin/../share/yosys/gowin/cells_xtra_gw5a.v:1033.1-1038.10.
Generating RTLIL representation for module `\IDES4_MEM'.
Generating RTLIL representation for module `\IDES8_MEM'.
Generating RTLIL representation for module `\IDES14'.
Generating RTLIL representation for module `\IDES32'.
Replacing existing blackbox module `\OSER4_MEM' at /opt/homebrew/bin/../share/yosys/gowin/cells_xtra_gw5a.v:1062.1-1070.10.
Generating RTLIL representation for module `\OSER4_MEM'.
Generating RTLIL representation for module `\OSER8_MEM'.
Generating RTLIL representation for module `\OSER14'.
Generating RTLIL representation for module `\IODELAY'.
Generating RTLIL representation for module `\OSIDES32'.
Generating RTLIL representation for module `\OSIDES64'.
Generating RTLIL representation for module `\DCE'.
Generating RTLIL representation for module `\DCS'.
Generating RTLIL representation for module `\DDRDLL'.
Generating RTLIL representation for module `\DLLDLY'.
Generating RTLIL representation for module `\CLKDIV'.
Generating RTLIL representation for module `\CLKDIV2'.
Generating RTLIL representation for module `\DHCE'.
Generating RTLIL representation for module `\OSCA'.
Generating RTLIL representation for module `\OSCB'.
Generating RTLIL representation for module `\PLL'.
Generating RTLIL representation for module `\PLLA'.
Generating RTLIL representation for module `\AE350_SOC'.
Generating RTLIL representation for module `\AE350_RAM'.
Generating RTLIL representation for module `\SAMB'.
Generating RTLIL representation for module `\OTP'.
Generating RTLIL representation for module `\CMSER'.
Generating RTLIL representation for module `\CMSERA'.
Generating RTLIL representation for module `\CMSERB'.
Generating RTLIL representation for module `\SAMBA'.
Generating RTLIL representation for module `\LICD'.
Generating RTLIL representation for module `\MIPI_DPHY'.
Generating RTLIL representation for module `\MIPI_DPHYA'.
Generating RTLIL representation for module `\MIPI_CPHY'.
Generating RTLIL representation for module `\GTR12_QUAD'.
Generating RTLIL representation for module `\GTR12_UPAR'.
Generating RTLIL representation for module `\GTR12_PMAC'.
Generating RTLIL representation for module `\GTR12_QUADA'.
Generating RTLIL representation for module `\GTR12_UPARA'.
Generating RTLIL representation for module `\GTR12_PMACA'.
Generating RTLIL representation for module `\GTR12_QUADB'.
Replacing existing blackbox module `\DQS' at /opt/homebrew/bin/../share/yosys/gowin/cells_xtra_gw5a.v:2512.1-2527.10.
Generating RTLIL representation for module `\DQS'.
Generating RTLIL representation for module `\ADCLRC'.
Generating RTLIL representation for module `\ADCULC'.
Generating RTLIL representation for module `\ADC'.
Generating RTLIL representation for module `\ADC_SAR'.
Generating RTLIL representation for module `\ADCA'.
Successfully finished Verilog frontend.

2.3. Executing HIERARCHY pass (managing design hierarchy).

2.3.1. Finding top of design hierarchy..
root of   1 design levels: top                 
Automatically selected top as design top module.

2.3.2. Analyzing design hierarchy..
Top module:  \top

2.3.3. Analyzing design hierarchy..
Top module:  \top
Removed 0 unused modules.

2.4. Executing PROC pass (convert processes to netlists).

2.4.1. Executing PROC_CLEAN pass (remove empty switches from decision trees).
Cleaned up 0 empty switches.

2.4.2. Executing PROC_RMDEAD pass (remove dead branches from decision trees).
Removed a total of 0 dead cases.

2.4.3. Executing PROC_PRUNE pass (remove redundant assignments in processes).
Removed 0 redundant assignments.
Promoted 0 assignments to connections.

2.4.4. Executing PROC_INIT pass (extract init attributes).

2.4.5. Executing PROC_ARST pass (detect async resets in processes).

2.4.6. Executing PROC_ROM pass (convert switches to ROMs).
Converted 0 switches.

2.4.7. Executing PROC_MUX pass (convert decision trees to multiplexers).

2.4.8. Executing PROC_DLATCH pass (convert process syncs to latches).

2.4.9. Executing PROC_DFF pass (convert process syncs to FFs).

2.4.10. Executing PROC_MEMWR pass (convert process memory writes to cells).

2.4.11. Executing PROC_CLEAN pass (remove empty switches from decision trees).
Cleaned up 0 empty switches.

2.4.12. Executing OPT_EXPR pass (perform const folding).
Optimizing module top.

2.5. Executing FLATTEN pass (flatten design).

2.6. Executing TRIBUF pass.

2.7. Executing DEMINOUT pass (demote inout ports to input or output).

2.8. Executing OPT_EXPR pass (perform const folding).
Optimizing module top.

2.9. Executing OPT_CLEAN pass (remove unused cells and wires).
Finding unused cells or wires in module \top..
Parsing Verilog input from `/opt/homebrew/bin/../share/yosys/gowin/cells_xtra_gw5a.v' to AST representation.
Generating RTLIL representation for module `\LUT5'.
Generating RTLIL representation for module `\LUT6'.
Generating RTLIL representation for module `\LUT7'.
Generating RTLIL representation for module `\LUT8'.
Generating RTLIL representation for module `\ROM16'.
Generating RTLIL representation for module `\INV'.
Generating RTLIL representation for module `\TLVDS_IBUF'.
Generating RTLIL representation for module `\TLVDS_TBUF'.
Generating RTLIL representation for module `\TLVDS_IOBUF'.
Generating RTLIL representation for module `\ELVDS_TBUF'.
Generating RTLIL representation for module `\ELVDS_IOBUF'.
Generating RTLIL representation for module `\MIPI_IBUF'.
Generating RTLIL representation for module `\MIPI_OBUF_A'.
Generating RTLIL representation for module `\ELVDS_IOBUF_R'.
Generating RTLIL representation for module `\I3C_IOBUF'.
Generating RTLIL representation for module `\TLVDS_IBUF_ADC'.
Generating RTLIL representation for module `\MIPI_CPHY_IBUF'.
Generating RTLIL representation for module `\MIPI_CPHY_OBUF'.
Generating RTLIL representation for module `\SDPB'.
Generating RTLIL representation for module `\SDPX9B'.
Generating RTLIL representation for module `\DPB'.
Generating RTLIL representation for module `\DPX9B'.
Generating RTLIL representation for module `\pROM'.
Generating RTLIL representation for module `\pROMX9'.
Generating RTLIL representation for module `\SDP36KE'.
Generating RTLIL representation for module `\SDP136K'.
Generating RTLIL representation for module `\MULTADDALU12X12'.
Generating RTLIL representation for module `\MULTALU27X18'.
Generating RTLIL representation for module `\MULT12X12'.
Generating RTLIL representation for module `\MULT27X36'.
Generating RTLIL representation for module `\MULTACC'.
Generating RTLIL representation for module `\IDDR_MEM'.
Generating RTLIL representation for module `\ODDR_MEM'.
Replacing existing blackbox module `\IDES4_MEM' at /opt/homebrew/bin/../share/yosys/gowin/cells_xtra_gw5a.v:1033.1-1038.10.
Generating RTLIL representation for module `\IDES4_MEM'.
Generating RTLIL representation for module `\IDES8_MEM'.
Generating RTLIL representation for module `\IDES14'.
Generating RTLIL representation for module `\IDES32'.
Replacing existing blackbox module `\OSER4_MEM' at /opt/homebrew/bin/../share/yosys/gowin/cells_xtra_gw5a.v:1062.1-1070.10.
Generating RTLIL representation for module `\OSER4_MEM'.
Generating RTLIL representation for module `\OSER8_MEM'.
Generating RTLIL representation for module `\OSER14'.
Generating RTLIL representation for module `\IODELAY'.
Generating RTLIL representation for module `\OSIDES32'.
Generating RTLIL representation for module `\OSIDES64'.
Generating RTLIL representation for module `\DCE'.
Generating RTLIL representation for module `\DCS'.
Generating RTLIL representation for module `\DDRDLL'.
Generating RTLIL representation for module `\DLLDLY'.
Generating RTLIL representation for module `\CLKDIV'.
Generating RTLIL representation for module `\CLKDIV2'.
Generating RTLIL representation for module `\DHCE'.
Generating RTLIL representation for module `\OSCA'.
Generating RTLIL representation for module `\OSCB'.
Generating RTLIL representation for module `\PLL'.
Generating RTLIL representation for module `\PLLA'.
Generating RTLIL representation for module `\AE350_SOC'.
Generating RTLIL representation for module `\AE350_RAM'.
Generating RTLIL representation for module `\SAMB'.
Generating RTLIL representation for module `\OTP'.
Generating RTLIL representation for module `\CMSER'.
Generating RTLIL representation for module `\CMSERA'.
Generating RTLIL representation for module `\CMSERB'.
Generating RTLIL representation for module `\SAMBA'.
Generating RTLIL representation for module `\LICD'.
Generating RTLIL representation for module `\MIPI_DPHY'.
Generating RTLIL representation for module `\MIPI_DPHYA'.
Generating RTLIL representation for module `\MIPI_CPHY'.
Generating RTLIL representation for module `\GTR12_QUAD'.
Generating RTLIL representation for m
2.10. Executing CHECK pass (checking for obvious problems).
Checking module top...
Found and reported 0 problems.

2.11. Executing OPT pass (performing simple optimizations).
odule `\GTR12_UPAR'.
Generating RTLIL representation for module `\GTR12_PMAC'.
Generating RTLIL representation for module `\GTR12_QUADA'.
Generating RTLIL representation for module `\GTR12_UPARA'.
Generating RTLIL representation for module `\GTR12_PMACA'.
Generating RTLIL representation for module `\GTR12_QUADB'.
Replacing existing blackbox module `\DQS' at /opt/homebrew/bin/../share/yosys/gowin/cells_xtra_gw5a.v:2512.1-2527.10.
Generating RTLIL representation for module `\DQS'.
Generating RTLIL representation for module `\ADCLRC'.
Generating RTLIL representation for module `\ADCULC'.
Generating RTLIL representation for module `\ADC'.
Generating RTLIL representation for module `\ADC_SAR'.
Generating RTLIL representation for module `\ADCA'.
Successfully finished Verilog frontend.

2.3. Executing HIERARCHY pass (managing design hierarchy).

2.3.1. Finding top of design hierarchy..
root of   1 design levels: top                 
Automatically selected top as design top module.

2.3.2. Analyzing design hierarchy..
Top module:  \top

2.3.3. Analyzing design hierarchy..

2.11.1. Executing OPT_EXPR pass (perform const folding).
Top module:  \top
Removed 0 unused modules.

2.4. Executing PROC pass (convert processes to netlists).

2.4.1. Executing PROC_CLEAN pass (remove empty switches from decision trees).
Cleaned up 0 empty switches.

2.4.2. Executing PROC_RMDEAD pass (remove dead branches from decision trees).
Removed a total of 0 dead cases.

2.4.3. Executing PROC_PRUNE pass (remove redundant assignments in processes).
Removed 0 redundant assignments.
Promoted 0 assignments to connections.

2.4.4. Executing PROC_INIT pass (extract init attributes).

2.4.5. Executing PROC_ARST pass (detect async resets in processes).

2.4.6. Executing PROC_ROM pass (convert switches to ROMs).
Converted 0 switches.

2.4.7. Executing PROC_MUX pass (convert decision trees to multiplexers).

2.4.8. Executing PROC_DLATCH pass (convert process syncs to latches).

2.4.9. Executing PROC_DFF pass (convert process syncs to FFs).

2.4.10. Executing PROC_MEMWR pass (convert process memory writes to cells).

2.4.11. Executing PROC_CLEAN pass (remove empty switches from decision trees).
Cleaned up 0 empty switches.

2.4.12. Executing OPT_EXPR pass (perform const folding).
Optimizing module top.

2.5. Executing FLATTEN pass (flatten design).
Optimizing module top.

2.11.2. Executing OPT_MERGE pass (detect identical cells).

2.6. Executing TRIBUF pass.
Finding identical cells in module `\top'.
Computing hashes of 2 cells of `\top'.
Finding duplicate cells in `\top'.
Removed a total of 0 cells.

2.11.3. Executing OPT_MUXTREE pass (detect dead branches in mux trees).
Running muxtree optimizer on module \top..
  Creating internal representation of mux trees.
  No muxes found in this module.
Removed 0 multiplexer ports.

2.11.4. Executing OPT_REDUCE pass (consolidate $*mux and $reduce_* inputs).
  Optimizing cells in module \top.
Performed a total of 0 changes.

2.11.5. Executing OPT_MERGE pass (detect identical cells).

2.7. Executing DEMINOUT pass (demote inout ports to input or output).

2.8. Executing OPT_EXPR pass (perform const folding).
Finding identical cells in module `\top'.
Computing hashes of 2 cells of `\top'.
Finding duplicate cells in `\top'.
Removed a total of 0 cells.

2.11.6. Executing OPT_DFF pass (perform DFF optimizations).

2.11.7. Executing OPT_CLEAN pass (remove unused cells and wires).
Optimizing module top.

2.9. Executing OPT_CLEAN pass (remove unused cells and wires).
Finding unused cells or wires in module \top..

2.11.8. Executing OPT_EXPR pass (perform const folding).
Optimizing module top.
Finding unused cells or wires in module \top..

2.11.9. Finished fast OPT passes. (There is nothing left to do.)

2.12. Executing FSM pass (extract and optimize FSM).

2.12.1. Executing FSM_DETECT pass (finding FSMs in design).

2.12.2. Executing FSM_EXTRACT pass (extracting FSM from design).

2.12.3. Executing FSM_OPT pass (simple optimizations of FSMs).

2.12.4. Executing OPT_CLEAN pass (remove unused cells and wires).
Finding unused cells or wires in module \top..

2.12.5. Executing FSM_OPT pass (simple optimizations of FSMs).

2.12.6. Executing FSM_RECODE pass (re-assigning FSM state encoding).

2.12.7. Executing FSM_INFO pass (dumping all available information on FSM cells).

2.12.8. Executing FSM_MAP pass (mapping FSMs to basic logic).

2.13. Executing OPT pass (performing simple optimizations).

2.13.1. Executing OPT_EXPR pass (perform const folding).
Optimizing module top.

2.13.2. Executing OPT_MERGE pass (detect identical cells).
Finding identical cells in module `\top'.
Computing hashes of 2 cells of `\top'.
Finding duplicate cells in `\top'.
Removed a total of 0 cells.

2.13.3. Executing OPT_MUXTREE pass (detect dead branches in mux trees).
Running muxtree optimizer on module \top..
  Creating internal representation of mux trees.
  No muxes found in this module.
Removed 0 multiplexer ports.

2.13.4. Executing OPT_REDUCE pass (consolidate $*mux and $reduce_* inputs).
  Optimizing cells in module \top.
Performed a total of 0 changes.

2.13.5. Executing OPT_MERGE pass (detect identical cells).
Finding identical cells in module `\top'.
Computing hashes of 2 cells of `\top'.
Finding duplicate cells in `\top'.
Removed a total of 0 cells.

2.13.6. Executing OPT_DFF pass (perform DFF optimizations).

2.13.7. Executing OPT_CLEAN pass (remove unused cells and wires).
Finding unused cells or wires in module \top..

2.13.8. Executing OPT_EXPR pass (perform const folding).
Optimizing module top.

2.13.9. Finished fast OPT passes. (There is nothing left to do.)

2.14. Executing WREDUCE pass (reducing word size of cells).

2.15. Executing PEEPOPT pass (run peephole optimizers).

2.16. Executing OPT_CLEAN pass (remove unused cells and wires).
Finding unused cells or wires in module \top..

2.17. Executing SHARE pass (SAT-based resource sharing).

2.18. Executing ALUMACC pass (create $alu and $macc cells).
Extracting $alu and $macc cells in module top:
  created 0 $alu and 0 $macc cells.

2.19. Executing OPT pass (performing simple optimizations).

2.19.1. Executing OPT_EXPR pass (perform const folding).
Optimizing module top.

2.19.2. Executing OPT_MERGE pass (detect identical cells).
Finding identical cells in module `\top'.
Computing hashes of 2 cells of `\top'.
Finding duplicate cells in `\top'.
Removed a total of 0 cells.

2.19.3. Executing OPT_MUXTREE pass (detect dead branches in mux trees).
Running muxtree optimizer on module \top..
  Creating internal representation of mux trees.
  No muxes found in this module.
Removed 0 multiplexer ports.

2.19.4. Executing OPT_REDUCE pass (consolidate $*mux and $reduce_* inputs).
  Optimizing cells in module \top.
Performed a total of 0 changes.

2.19.5. Executing OPT_MERGE pass (detect identical cells).
Finding identical cells in module `\top'.
Computing hashes of 2 cells of `\top'.
Finding duplicate cells in `\top'.
Removed a total of 0 cells.

2.19.6. Executing OPT_DFF pass (perform DFF optimizations).

2.19.7. Executing OPT_CLEAN pass (remove unused cells and wires).
Finding unused cells or wires in module \top..

2.19.8. Executing OPT_EXPR pass (perform const folding).
Parsing Verilog input from `/opt/homebrew/bin/../share/yosys/gowin/cells_xtra_gw5a.v' to AST representation.
Generating RTLIL representation for module `\LUT5'.
Generating RTLIL representation for module `\LUT6'.
Generating RTLIL representation for module `\LUT7'.
Generating RTLIL representation for module `\LUT8'.
Generating RTLIL representation for module `\ROM16'.
Generating RTLIL representation for module `\INV'.
Generating RTLIL representation for module `\TLVDS_IBUF'.
Generating RTLIL representation for module `\TLVDS_TBUF'.
Generating RTLIL representation for module `\TLVDS_IOBUF'.
Generating RTLIL representation for module `\ELVDS_TBUF'.
Generating RTLIL representation for module `\ELVDS_IOBUF'.
Generating RTLIL representation for module `\MIPI_IBUF'.
Generating RTLIL representation for module `\MIPI_OBUF_A'.
Generating RTLIL representation for module `\ELVDS_IOBUF_R'.
Generating RTLIL representation for module `\I3C_IOBUF'.
Generating RTLIL representation for module `\TLVDS_IBUF_ADC'.
Generating RTLIL representation for module `\MIPI_CPHY_IBUF'.
Generating RTLIL representation for module `\MIPI_CPHY_OBUF'.
Generating RTLIL representation for module `\SDPB'.
Generating RTLIL representation for module `\SDPX9B'.
Generating RTLIL representation for module `\DPB'.
Generating RTLIL representation for module `\DPX9B'.
Generating RTLIL representation for module `\pROM'.
Generating RTLIL representation for module `\pROMX9'.
Generating RTLIL representation for module `\SDP36KE'.
Generating RTLIL representation for module `\SDP136K'.
Generating RTLIL representation for module `\MULTADDALU12X12'.
Generating RTLIL representation for module `\MULTALU27X18'.
Generating RTLIL representation for module `\MULT12X12'.
Generating RTLIL representation for module `\MULT27X36'.
Generating RTLIL representation for module `\MULTACC'.
Generating RTLIL representation for module `\IDDR_MEM'.
Generating RTLIL representation for module `\ODDR_MEM'.
Replacing existing blackbox module `\IDES4_MEM' at /opt/homebrew/bin/../share/yosys/gowin/cells_xtra_gw5a.v:1033.1-1038.10.
Generating RTLIL representation for module `\IDES4_MEM'.
Generating RTLIL representation for module `\IDES8_MEM'.
Generating RTLIL representation for module `\IDES14'.
Generating RTLIL representation for module `\IDES32'.
Replacing existing blackbox module `\OSER4_MEM' at /opt/homebrew/bin/../share/yosys/gowin/cells_xtra_gw5a.v:1062.1-1070.10.
Generating RTLIL representation for module `\OSER4_MEM'.
Generating RTLIL representation for module `\OSER8_MEM'.
Generating RTLIL representation for module `\OSER14'.
Generating RTLIL representation for module `\IODELAY'.
Generating RTLIL representation for module `\OSIDES32'.
Generating RTLIL representation for module `\OSIDES64'.
Generating RTLIL representation for module `\DCE'.
Generating RTLIL representation for module `\DCS'.
Generating RTLIL representation for module `\DDRDLL'.
Generating RTLIL representation for module `\DLLDLY'.
Generating RTLIL representation for module `\CLKDIV'.
Generating RTLIL representation for module `\CLKDIV2'.
Generating RTLIL representation for module `\DHCE'.
Generating RTLIL representation for module `\OSCA'.
Generating RTLIL representation for module `\OSCB'.
Generating RTLIL representation for module `\PLL'.
Generating RTLIL representation for module `\PLLA'.
Generating RTLIL representation for module `\AE350_SOC'.
Generating RTLIL representation for module `\AE350_RAM'.
Generating RTLIL representation for module `\SAMB'.
Generating RTLIL representation for module `\OTP'.
Generating RTLIL representation for module `\CMSER'.
Generating RTLIL representation for module `\CMSERA'.
Generating RTLIL representation for module `\CMSERB'.
Generating RTLIL representation for module `\SAMBA'.
Generating RTLIL representation for module `\LICD'.
Generating RTLIL representation for module `\MIPI_DPHY'.
Generating RTLIL representation for module `\MIPI_DPHYA'.
Generating RTLIL representation for module `\MIPI_CPHY'.
Generating RTLIL representation for module `\GTR12_QUAD'.
Generating RTLIL representation for module `\GTR12_UPAR'.
Generating RTLIL representation for module `\GTR12_PMAC'.
Generating RTLIL representation for module `\GTR12_QUADA'.
Generating RTLIL representation for module `\GTR12_UPARA'.
Generating RTLIL representation for module `\GTR12_PMACA'.
Generating RTLIL representation for module `\GTR12_QUADB'.
Replacing existing blackbox module `\DQS' at /opt/homebrew/bin/../share/yosys/gowin/cells_xtra_gw5a.v:2512.1-2527.10.
Generating RTLIL representation for module `\DQS'.
Generating RTLIL representation for module `\ADCLRC'.
Generating RTLIL representation for module `\ADCULC'.
Generating RTLIL representation for module `\ADC'.
Generating RTLIL representation for module `\ADC_SAR'.
Generating RTLIL representation for module `\ADCA'.
Successfully finished Verilog frontend.

2.3. Executing HIERARCHY pass (managing design hierarchy).

2.3.1. Finding top of design hierarchy..
root of   1 design levels: top                 
Automatically selected top as design top module.

2.3.2. Analyzing design hierarchy..
Top module:  \top

2.3.3. Analyzing design hierarchy..
Top module:  \top
Removed 0 unused modules.

2.10. Executing CHECK pass (checking for obvious problems).

2.4. Executing PROC pass (convert processes to netlists).

2.4.1. Executing PROC_CLEAN pass (remove empty switches from decision trees).
Cleaned up 0 empty switches.

2.4.2. Executing PROC_RMDEAD pass (remove dead branches from decision trees).
Removed a total of 0 dead cases.

2.4.3. Executing PROC_PRUNE pass (remove redundant assignments in processes).
Removed 0 redundant assignments.
Promoted 0 assignments to connections.

2.4.4. Executing PROC_INIT pass (extract init attributes).

2.4.5. Executing PROC_ARST pass (detect async resets in processes).

2.4.6. Executing PROC_ROM pass (convert switches to ROMs).
Converted 0 switches.

2.4.7. Executing PROC_MUX pass (convert decision trees to multiplexers).

2.4.8. Executing PROC_DLATCH pass (convert process syncs to latches).

2.4.9. Executing PROC_DFF pass (convert process syncs to FFs).

2.4.10. Executing PROC_MEMWR pass (convert process memory writes to cells).

2.4.11. Executing PROC_CLEAN pass (remove empty switches from decision trees).
Cleaned up 0 empty switches.

2.4.12. Executing OPT_EXPR pass (perform const folding).
Optimizing module top.
Checking module top...
Found and reported 0 problems.

2.11. Executing OPT pass (performing simple optimizations).

2.11.1. Executing OPT_EXPR pass (perform const folding).

2.19.9. Finished fast OPT passes. (There is nothing left to do.)
Optimizing module top.

2.11.2. Executing OPT_MERGE pass (detect identical cells).

2.20. Executing MEMORY pass.

2.20.1. Executing OPT_MEM pass (optimize memories).
Performed a total of 0 transformations.

2.20.2. Executing OPT_MEM_PRIORITY pass (removing unnecessary memory write priority relations).
Finding identical cells in module `\top'.
Computing hashes of 2 cells of `\top'.
Finding duplicate cells in `\top'.
Removed a total of 0 cells.

2.11.3. Executing OPT_MUXTREE pass (detect dead branches in mux trees).
Running muxtree optimizer on module \top..
  Creating internal representation of mux trees.
  No muxes found in this module.
Removed 0 multiplexer ports.

2.11.4. Executing OPT_REDUCE pass (consolidate $*mux and $reduce_* inputs).
  Optimizing cells in module \top.
Performed a total of 0 changes.

2.11.5. Executing OPT_MERGE pass (detect identical cells).
Optimizing module top.
Finding identical cells in module `\top'.
Computing hashes of 2 cells of `\top'.
Finding duplicate cells in `\top'.
Removed a total of 0 cells.

2.11.6. Executing OPT_DFF pass (perform DFF optimizations).
Performed a total of 0 transformations.

2.20.3. Executing OPT_MEM_FEEDBACK pass (finding memory read-to-write feedback paths).

2.20.4. Executing MEMORY_BMUX2ROM pass (converting muxes to ROMs).

2.5. Executing FLATTEN pass (flatten design).

2.20.5. Executing MEMORY_DFF pass (merging $dff cells to $memrd).

2.6. Executing TRIBUF pass.

2.7. Executing DEMINOUT pass (demote inout ports to input or output).

2.11.7. Executing OPT_CLEAN pass (remove unused cells and wires).

2.8. Executing OPT_EXPR pass (perform const folding).
Optimizing module top.

2.9. Executing OPT_CLEAN pass (remove unused cells and wires).

2.20.6. Executing OPT_CLEAN pass (remove unused cells and wires).
Finding unused cells or wires in module \top..

2.10. Executing CHECK pass (checking for obvious problems).
Finding unused cells or wires in module \top..

2.11.8. Executing OPT_EXPR pass (perform const folding).
Checking module top...
Found and reported 0 problems.

2.11. Executing OPT pass (performing simple optimizations).

2.11.1. Executing OPT_EXPR pass (perform const folding).
Optimizing module top.

2.11.2. Executing OPT_MERGE pass (detect identical cells).
Finding identical cells in module `\top'.
Computing hashes of 2 cells of `\top'.
Finding duplicate cells in `\top'.
Removed a total of 0 cells.

2.11.3. Executing OPT_MUXTREE pass (detect dead branches in mux trees).
Running muxtree optimizer on module \top..
  Creating internal representation of mux trees.
  No muxes found in this module.
Removed 0 multiplexer ports.

2.11.4. Executing OPT_REDUCE pass (consolidate $*mux and $reduce_* inputs).
  Optimizing cells in module \top.
Performed a total of 0 changes.

2.11.5. Executing OPT_MERGE pass (detect identical cells).
Finding identical cells in module `\top'.
Computing hashes of 2 cells of `\top'.
Finding duplicate cells in `\top'.
Removed a total of 0 cells.

2.11.6. Executing OPT_DFF pass (perform DFF optimizations).

2.11.7. Executing OPT_CLEAN pass (remove unused cells and wires).
Finding unused cells or wires in module \top..

2.11.8. Executing OPT_EXPR pass (perform const folding).
Finding unused cells or wires in module \top..

2.20.7. Executing MEMORY_SHARE pass (consolidating $memrd/$memwr cells).
Optimizing module top.

2.11.9. Finished fast OPT passes. (There is nothing left to do.)

2.12. Executing FSM pass (extract and optimize FSM).

2.12.1. Executing FSM_DETECT pass (finding FSMs in design).

2.12.2. Executing FSM_EXTRACT pass (extracting FSM from design).

2.20.8. Executing OPT_MEM_WIDEN pass (optimize memories where all ports are wide).
Performed a total of 0 transformations.

2.20.9. Executing OPT_CLEAN pass (remove unused cells and wires).

2.12.3. Executing FSM_OPT pass (simple optimizations of FSMs).

2.12.4. Executing OPT_CLEAN pass (remove unused cells and wires).
Finding unused cells or wires in module \top..

2.12.5. Executing FSM_OPT pass (simple optimizations of FSMs).

2.12.6. Executing FSM_RECODE pass (re-assigning FSM state encoding).

2.12.7. Executing FSM_INFO pass (dumping all available information on FSM cells).

2.12.8. Executing FSM_MAP pass (mapping FSMs to basic logic).

2.13. Executing OPT pass (performing simple optimizations).

2.13.1. Executing OPT_EXPR pass (perform const folding).
Optimizing module top.
Optimizing module top.

2.13.2. Executing OPT_MERGE pass (detect identical cells).
Finding identical cells in module `\top'.
Computing hashes of 2 cells of `\top'.
Finding duplicate cells in `\top'.
Removed a total of 0 cells.

2.13.3. Executing OPT_MUXTREE pass (detect dead branches in mux trees).
Running muxtree optimizer on module \top..
  Creating internal representation of mux trees.
  No muxes found in this module.
Removed 0 multiplexer ports.

2.13.4. Executing OPT_REDUCE pass (consolidate $*mux and $reduce_* inputs).
  Optimizing cells in module \top.
Performed a total of 0 changes.

2.13.5. Executing OPT_MERGE pass (detect identical cells).
Finding identical cells in module `\top'.
Computing hashes of 2 cells of `\top'.
Finding duplicate cells in `\top'.
Removed a total of 0 cells.

2.13.6. Executing OPT_DFF pass (perform DFF optimizations).

2.13.7. Executing OPT_CLEAN pass (remove unused cells and wires).

2.11.9. Finished fast OPT passes. (There is nothing left to do.)

2.12. Executing FSM pass (extract and optimize FSM).

2.12.1. Executing FSM_DETECT pass (finding FSMs in design).
Finding unused cells or wires in module \top..

2.13.8. Executing OPT_EXPR pass (perform const folding).
Finding unused cells or wires in module \top..

2.20.10. Executing MEMORY_COLLECT pass (generating $mem cells).

2.12.2. Executing FSM_EXTRACT pass (extracting FSM from design).
Optimizing module top.

2.13.9. Finished fast OPT passes. (There is nothing left to do.)

2.14. Executing WREDUCE pass (reducing word size of cells).

2.21. Executing OPT_CLEAN pass (remove unused cells and wires).

2.12.3. Executing FSM_OPT pass (simple optimizations of FSMs).

2.12.4. Executing OPT_CLEAN pass (remove unused cells and wires).

2.15. Executing PEEPOPT pass (run peephole optimizers).
Finding unused cells or wires in module \top..

2.16. Executing OPT_CLEAN pass (remove unused cells and wires).

2.22. Executing MEMORY_LIBMAP pass (mapping memories to cells).
Finding unused cells or wires in module \top..

2.12.5. Executing FSM_OPT pass (simple optimizations of FSMs).

2.23. Executing TECHMAP pass (map to technology primitives).

2.23.1. Executing Verilog-2005 frontend: /opt/homebrew/bin/../share/yosys/gowin/lutrams_map.v

2.12.6. Executing FSM_RECODE pass (re-assigning FSM state encoding).

2.12.7. Executing FSM_INFO pass (dumping all available information on FSM cells).

2.12.8. Executing FSM_MAP pass (mapping FSMs to basic logic).

2.13. Executing OPT pass (performing simple optimizations).

2.13.1. Executing OPT_EXPR pass (perform const folding).
Optimizing module top.

2.13.2. Executing OPT_MERGE pass (detect identical cells).
Finding identical cells in module `\top'.
Computing hashes of 2 cells of `\top'.
Finding duplicate cells in `\top'.
Removed a total of 0 cells.

2.13.3. Executing OPT_MUXTREE pass (detect dead branches in mux trees).
Parsing Verilog input from `/opt/homebrew/bin/../share/yosys/gowin/lutrams_map.v' to AST representation.
Generating RTLIL representation for module `$__GOWIN_LUTRAM_'.
Successfully finished Verilog frontend.

2.23.2. Executing Verilog-2005 frontend: /opt/homebrew/bin/../share/yosys/gowin/brams_map_gw5a.v
Running muxtree optimizer on module \top..
  Creating internal representation of mux trees.
  No muxes found in this module.
Removed 0 multiplexer ports.

2.13.4. Executing OPT_REDUCE pass (consolidate $*mux and $reduce_* inputs).
  Optimizing cells in module \top.
Performed a total of 0 changes.

2.13.5. Executing OPT_MERGE pass (detect identical cells).
Finding identical cells in module `\top'.
Computing hashes of 2 cells of `\top'.
Finding duplicate cells in `\top'.
Removed a total of 0 cells.

2.13.6. Executing OPT_DFF pass (perform DFF optimizations).
Finding unused cells or wires in module \top..

2.13.7. Executing OPT_CLEAN pass (remove unused cells and wires).

2.17. Executing SHARE pass (SAT-based resource sharing).
Finding unused cells or wires in module \top..

2.13.8. Executing OPT_EXPR pass (perform const folding).
Optimizing module top.

2.18. Executing ALUMACC pass (create $alu and $macc cells).

2.13.9. Finished fast OPT passes. (There is nothing left to do.)

2.14. Executing WREDUCE pass (reducing word size of cells).
Extracting $alu and $macc cells in module top:
  created 0 $alu and 0 $macc cells.

2.19. Executing OPT pass (performing simple optimizations).

2.19.1. Executing OPT_EXPR pass (perform const folding).

2.15. Executing PEEPOPT pass (run peephole optimizers).

2.16. Executing OPT_CLEAN pass (remove unused cells and wires).
Finding unused cells or wires in module \top..
Optimizing module top.

2.19.2. Executing OPT_MERGE pass (detect identical cells).

2.17. Executing SHARE pass (SAT-based resource sharing).
Finding identical cells in module `\top'.
Computing hashes of 2 cells of `\top'.
Finding duplicate cells in `\top'.
Removed a total of 0 cells.

2.19.3. Executing OPT_MUXTREE pass (detect dead branches in mux trees).
Running muxtree optimizer on module \top..
  Creating internal representation of mux trees.
  No muxes found in this module.
Removed 0 multiplexer ports.

2.19.4. Executing OPT_REDUCE pass (consolidate $*mux and $reduce_* inputs).
  Optimizing cells in module \top.
Performed a total of 0 changes.

2.19.5. Executing OPT_MERGE pass (detect identical cells).

2.18. Executing ALUMACC pass (create $alu and $macc cells).
Finding identical cells in module `\top'.
Computing hashes of 2 cells of `\top'.
Finding duplicate cells in `\top'.
Removed a total of 0 cells.

2.19.6. Executing OPT_DFF pass (perform DFF optimizations).

2.19.7. Executing OPT_CLEAN pass (remove unused cells and wires).
Extracting $alu and $macc cells in module top:
  created 0 $alu and 0 $macc cells.

2.19. Executing OPT pass (performing simple optimizations).

2.19.1. Executing OPT_EXPR pass (perform const folding).
Finding unused cells or wires in module \top..

2.19.8. Executing OPT_EXPR pass (perform const folding).
Optimizing module top.

2.19.2. Executing OPT_MERGE pass (detect identical cells).
Finding identical cells in module `\top'.
Computing hashes of 2 cells of `\top'.
Finding duplicate cells in `\top'.
Removed a total of 0 cells.

2.19.3. Executing OPT_MUXTREE pass (detect dead branches in mux trees).
Running muxtree optimizer on module \top..
  Creating internal representation of mux trees.
  No muxes found in this module.
Removed 0 multiplexer ports.

2.19.4. Executing OPT_REDUCE pass (consolidate $*mux and $reduce_* inputs).
  Optimizing cells in module \top.
Performed a total of 0 changes.

2.19.5. Executing OPT_MERGE pass (detect identical cells).
Finding identical cells in module `\top'.
Computing hashes of 2 cells of `\top'.
Finding duplicate cells in `\top'.
Removed a total of 0 cells.

2.19.6. Executing OPT_DFF pass (perform DFF optimizations).

2.19.7. Executing OPT_CLEAN pass (remove unused cells and wires).
Finding unused cells or wires in module \top..

2.19.8. Executing OPT_EXPR pass (perform const folding).
Optimizing module top.

2.19.9. Finished fast OPT passes. (There is nothing left to do.)

2.20. Executing MEMORY pass.

2.20.1. Executing OPT_MEM pass (optimize memories).
Performed a total of 0 transformations.

2.20.2. Executing OPT_MEM_PRIORITY pass (removing unnecessary memory write priority relations).
Performed a total of 0 transformations.

2.20.3. Executing OPT_MEM_FEEDBACK pass (finding memory read-to-write feedback paths).

2.20.4. Executing MEMORY_BMUX2ROM pass (converting muxes to ROMs).

2.20.5. Executing MEMORY_DFF pass (merging $dff cells to $memrd).

2.20.6. Executing OPT_CLEAN pass (remove unused cells and wires).
Optimizing module top.
Finding unused cells or wires in module \top..

2.20.7. Executing MEMORY_SHARE pass (consolidating $memrd/$memwr cells).

2.20.8. Executing OPT_MEM_WIDEN pass (optimize memories where all ports are wide).
Performed a total of 0 transformations.

2.20.9. Executing OPT_CLEAN pass (remove unused cells and wires).
Parsing Verilog input from `/opt/homebrew/bin/../share/yosys/gowin/brams_map_gw5a.v' to AST representation.
Generating RTLIL representation for module `$__GOWIN_SP_'.
Generating RTLIL representation for module `$__GOWIN_DP_'.
Generating RTLIL representation for module `$__GOWIN_SDP_'.
Successfully finished Verilog frontend.

2.23.3. Continuing TECHMAP pass.
Finding unused cells or wires in module \top..

2.20.10. Executing MEMORY_COLLECT pass (generating $mem cells).

2.21. Executing OPT_CLEAN pass (remove unused cells and wires).
Finding unused cells or wires in module \top..

2.22. Executing MEMORY_LIBMAP pass (mapping memories to cells).
No more expansions possible.
<suppressed ~6 debug messages>

2.24. Executing OPT pass (performing simple optimizations).

2.24.1. Executing OPT_EXPR pass (perform const folding).

2.23. Executing TECHMAP pass (map to technology primitives).

2.23.1. Executing Verilog-2005 frontend: /opt/homebrew/bin/../share/yosys/gowin/lutrams_map.v

2.19.9. Finished fast OPT passes. (There is nothing left to do.)

2.20. Executing MEMORY pass.

2.20.1. Executing OPT_MEM pass (optimize memories).
Performed a total of 0 transformations.

2.20.2. Executing OPT_MEM_PRIORITY pass (removing unnecessary memory write priority relations).
Optimizing module top.

2.24.2. Executing OPT_MERGE pass (detect identical cells).
Finding identical cells in module `\top'.
Computing hashes of 2 cells of `\top'.
Finding duplicate cells in `\top'.
Removed a total of 0 cells.

2.24.3. Executing OPT_DFF pass (perform DFF optimizations).
Parsing Verilog input from `/opt/homebrew/bin/../share/yosys/gowin/lutrams_map.v' to AST representation.
Generating RTLIL representation for module `$__GOWIN_LUTRAM_'.
Successfully finished Verilog frontend.

2.23.2. Executing Verilog-2005 frontend: /opt/homebrew/bin/../share/yosys/gowin/brams_map_gw5a.v

2.24.4. Executing OPT_CLEAN pass (remove unused cells and wires).
Performed a total of 0 transformations.

2.20.3. Executing OPT_MEM_FEEDBACK pass (finding memory read-to-write feedback paths).

2.20.4. Executing MEMORY_BMUX2ROM pass (converting muxes to ROMs).

2.20.5. Executing MEMORY_DFF pass (merging $dff cells to $memrd).

2.20.6. Executing OPT_CLEAN pass (remove unused cells and wires).
Finding unused cells or wires in module \top..
Finding unused cells or wires in module \top..

2.20.7. Executing MEMORY_SHARE pass (consolidating $memrd/$memwr cells).

2.24.5. Finished fast OPT passes.

2.20.8. Executing OPT_MEM_WIDEN pass (optimize memories where all ports are wide).
Performed a total of 0 transformations.

2.20.9. Executing OPT_CLEAN pass (remove unused cells and wires).

2.25. Executing MEMORY_MAP pass (converting memories to logic and flip-flops).

2.26. Executing OPT pass (performing simple optimizations).

2.26.1. Executing OPT_EXPR pass (perform const folding).
Optimizing module top.

2.26.2. Executing OPT_MERGE pass (detect identical cells).
Finding identical cells in module `\top'.
Computing hashes of 2 cells of `\top'.
Finding duplicate cells in `\top'.
Removed a total of 0 cells.

2.26.3. Executing OPT_MUXTREE pass (detect dead branches in mux trees).
Running muxtree optimizer on module \top..
  Creating internal representation of mux trees.
  No muxes found in this module.
Removed 0 multiplexer ports.

2.26.4. Executing OPT_REDUCE pass (consolidate $*mux and $reduce_* inputs).
  Optimizing cells in module \top.
Performed a total of 0 changes.

2.26.5. Executing OPT_MERGE pass (detect identical cells).
Finding identical cells in module `\top'.
Computing hashes of 2 cells of `\top'.
Finding duplicate cells in `\top'.
Removed a total of 0 cells.

2.26.6. Executing OPT_DFF pass (perform DFF optimizations).
Finding unused cells or wires in module \top..

2.20.10. Executing MEMORY_COLLECT pass (generating $mem cells).

2.26.7. Executing OPT_CLEAN pass (remove unused cells and wires).
Finding unused cells or wires in module \top..

2.26.8. Executing OPT_EXPR pass (perform const folding).

2.21. Executing OPT_CLEAN pass (remove unused cells and wires).
Optimizing module top.

2.26.9. Finished fast OPT passes. (There is nothing left to do.)

2.27. Executing TECHMAP pass (map to technology primitives).

2.27.1. Executing Verilog-2005 frontend: /opt/homebrew/bin/../share/yosys/techmap.v
Finding unused cells or wires in module \top..

2.22. Executing MEMORY_LIBMAP pass (mapping memories to cells).

2.23. Executing TECHMAP pass (map to technology primitives).

2.23.1. Executing Verilog-2005 frontend: /opt/homebrew/bin/../share/yosys/gowin/lutrams_map.v
Parsing Verilog input from `/opt/homebrew/bin/../share/yosys/gowin/lutrams_map.v' to AST representation.
Generating RTLIL representation for module `$__GOWIN_LUTRAM_'.
Successfully finished Verilog frontend.

2.23.2. Executing Verilog-2005 frontend: /opt/homebrew/bin/../share/yosys/gowin/brams_map_gw5a.v
Parsing Verilog input from `/opt/homebrew/bin/../share/yosys/techmap.v' to AST representation.
Generating RTLIL representation for module `\_90_simplemap_bool_ops'.
Generating RTLIL representation for module `\_90_simplemap_reduce_ops'.
Generating RTLIL representation for module `\_90_simplemap_logic_ops'.
Generating RTLIL representation for module `\_90_simplemap_compare_ops'.
Generating RTLIL representation for module `\_90_simplemap_various'.
Generating RTLIL representation for module `\_90_simplemap_registers'.
Generating RTLIL representation for module `\_90_shift_ops_shr_shl_sshl_sshr'.
Generating RTLIL representation for module `\_90_shift_shiftx'.
Generating RTLIL representation for module `\_90_fa'.
Generating RTLIL representation for module `\_90_lcu_brent_kung'.
Generating RTLIL representation for module `\_90_alu'.
Generating RTLIL representation for module `\_90_macc'.
Generating RTLIL representation for module `\_90_alumacc'.
Generating RTLIL representation for module `$__div_mod_u'.
Generating RTLIL representation for module `$__div_mod_trunc'.
Generating RTLIL representation for module `\_90_div'.
Generating RTLIL representation for module `\_90_mod'.
Generating RTLIL representation for module `$__div_mod_floor'.
Generating RTLIL representation for module `\_90_divfloor'.
Generating RTLIL representation for module `\_90_modfloor'.
Generating RTLIL representation for module `\_90_pow'.
Generating RTLIL representation for module `\_90_pmux'.
Generating RTLIL representation for module `\_90_demux'.
Generating RTLIL representation for module `\_90_lut'.
Generating RTLIL representation for module `$connect'.
Generating RTLIL representation for module `$input_port'.
Successfully finished Verilog frontend.

2.27.2. Executing Verilog-2005 frontend: /opt/homebrew/bin/../share/yosys/gowin/arith_map.v
Parsing Verilog input from `/opt/homebrew/bin/../share/yosys/gowin/arith_map.v' to AST representation.
Generating RTLIL representation for module `\_80_gw1n_alu'.
Successfully finished Verilog frontend.

2.27.3. Continuing TECHMAP pass.
No more expansions possible.
<suppressed ~77 debug messages>

2.28. Executing OPT pass (performing simple optimizations).

2.28.1. Executing OPT_EXPR pass (perform const folding).
Optimizing module top.

2.28.2. Executing OPT_MERGE pass (detect identical cells).
Finding identical cells in module `\top'.
Computing hashes of 2 cells of `\top'.
Finding duplicate cells in `\top'.
Removed a total of 0 cells.

2.28.3. Executing OPT_DFF pass (perform DFF optimizations).
Parsing Verilog input from `/opt/homebrew/bin/../share/yosys/gowin/brams_map_gw5a.v' to AST representation.
Generating RTLIL representation for module `$__GOWIN_SP_'.
Generating RTLIL representation for module `$__GOWIN_DP_'.
Generating RTLIL representation for module `$__GOWIN_SDP_'.
Successfully finished Verilog frontend.

2.23.3. Continuing TECHMAP pass.
No more expansions possible.
<suppressed ~6 debug messages>

2.24. Executing OPT pass (performing simple optimizations).

2.24.1. Executing OPT_EXPR pass (perform const folding).

2.28.4. Executing OPT_CLEAN pass (remove unused cells and wires).
Finding unused cells or wires in module \top..
Optimizing module top.

2.24.2. Executing OPT_MERGE pass (detect identical cells).
Finding identical cells in module `\top'.
Computing hashes of 2 cells of `\top'.
Finding duplicate cells in `\top'.
Removed a total of 0 cells.

2.24.3. Executing OPT_DFF pass (perform DFF optimizations).

2.28.5. Finished fast OPT passes.

2.24.4. Executing OPT_CLEAN pass (remove unused cells and wires).

2.29. Executing IOPADMAP pass (mapping inputs/outputs to IO-PAD cells).
Mapping port top.dout using OBUF.
Mapping port top.din_odd using IBUF.
Mapping port top.din_even using IBUF.
Mapping port top.rst using IBUF.
Mapping port top.resetn using IBUF.
Mapping port top.fclk using IBUF.

2.30. Executing OPT_CLEAN pass (remove unused cells and wires).
Finding unused cells or wires in module \top..

2.24.5. Finished fast OPT passes.

2.25. Executing MEMORY_MAP pass (converting memories to logic and flip-flops).
Parsing Verilog input from `/opt/homebrew/bin/../share/yosys/gowin/brams_map_gw5a.v' to AST representation.
Generating RTLIL representation for module `$__GOWIN_SP_'.
Generating RTLIL representation for module `$__GOWIN_DP_'.
Generating RTLIL representation for module `$__GOWIN_SDP_'.
Successfully finished Verilog frontend.

2.23.3. Continuing TECHMAP pass.

2.26. Executing OPT pass (performing simple optimizations).

2.26.1. Executing OPT_EXPR pass (perform const folding).
Finding unused cells or wires in module \top..
No more expansions possible.

2.31. Executing DFFLEGALIZE pass (convert FFs to types supported by the target).

2.32. Executing TECHMAP pass (map to technology primitives).

2.32.1. Executing Verilog-2005 frontend: /opt/homebrew/bin/../share/yosys/gowin/cells_map.v
Optimizing module top.

2.26.2. Executing OPT_MERGE pass (detect identical cells).
<suppressed ~6 debug messages>

2.24. Executing OPT pass (performing simple optimizations).

2.24.1. Executing OPT_EXPR pass (perform const folding).
Finding identical cells in module `\top'.
Computing hashes of 2 cells of `\top'.
Finding duplicate cells in `\top'.
Removed a total of 0 cells.

2.26.3. Executing OPT_MUXTREE pass (detect dead branches in mux trees).
Running muxtree optimizer on module \top..
  Creating internal representation of mux trees.
  No muxes found in this module.
Removed 0 multiplexer ports.

2.26.4. Executing OPT_REDUCE pass (consolidate $*mux and $reduce_* inputs).
  Optimizing cells in module \top.
Performed a total of 0 changes.

2.26.5. Executing OPT_MERGE pass (detect identical cells).
Finding identical cells in module `\top'.
Computing hashes of 2 cells of `\top'.
Finding duplicate cells in `\top'.
Removed a total of 0 cells.

2.26.6. Executing OPT_DFF pass (perform DFF optimizations).
Optimizing module top.

2.24.2. Executing OPT_MERGE pass (detect identical cells).

2.26.7. Executing OPT_CLEAN pass (remove unused cells and wires).
Finding identical cells in module `\top'.
Computing hashes of 2 cells of `\top'.
Finding duplicate cells in `\top'.
Removed a total of 0 cells.

2.24.3. Executing OPT_DFF pass (perform DFF optimizations).
Finding unused cells or wires in module \top..

2.26.8. Executing OPT_EXPR pass (perform const folding).

2.24.4. Executing OPT_CLEAN pass (remove unused cells and wires).
Optimizing module top.
Parsing Verilog input from `/opt/homebrew/bin/../share/yosys/gowin/cells_map.v' to AST representation.
Generating RTLIL representation for module `$_DFF_N_'.
Generating RTLIL representation for module `$_DFF_P_'.
Generating RTLIL representation for module `$_DFFE_PP_'.
Generating RTLIL representation for module `$_DFFE_NP_'.
Generating RTLIL representation for module `$_SDFF_PP0_'.
Generating RTLIL representation for module `$_SDFF_NP0_'.
Generating RTLIL representation for module `$_SDFFE_PP0P_'.
Generating RTLIL representation for module `$_SDFFE_NP0P_'.
Generating RTLIL representation for module `$_SDFF_PP1_'.
Generating RTLIL representation for module `$_SDFF_NP1_'.
Generating RTLIL representation for module `$_SDFFE_PP1P_'.
Generating RTLIL representation for module `$_SDFFE_NP1P_'.
Generating RTLIL representation for module `$_DFF_PP1_'.
Generating RTLIL representation for module `$_DFF_NP1_'.
Generating RTLIL representation for module `$_DFF_PP0_'.
Generating RTLIL representation for module `$_DFF_NP0_'.
Generating RTLIL representation for module `$_DFFE_PP1P_'.
Generating RTLIL representation for module `$_DFFE_NP1P_'.
Generating RTLIL representation for module `$_DFFE_PP0P_'.
Generating RTLIL representation for module `$_DFFE_NP0P_'.
Generating RTLIL representation for module `$lut'.
Successfully finished Verilog frontend.

2.32.2. Continuing TECHMAP pass.
No more expansions possible.
Finding unused cells or wires in module \top..

2.24.5. Finished fast OPT passes.

2.25. Executing MEMORY_MAP pass (converting memories to logic and flip-flops).

2.26. Executing OPT pass (performing simple optimizations).

2.26.1. Executing OPT_EXPR pass (perform const folding).

2.26.9. Finished fast OPT passes. (There is nothing left to do.)

2.27. Executing TECHMAP pass (map to technology primitives).

2.27.1. Executing Verilog-2005 frontend: /opt/homebrew/bin/../share/yosys/techmap.v
Optimizing module top.

2.26.2. Executing OPT_MERGE pass (detect identical cells).
Finding identical cells in module `\top'.
Computing hashes of 2 cells of `\top'.
Finding duplicate cells in `\top'.
Removed a total of 0 cells.

2.26.3. Executing OPT_MUXTREE pass (detect dead branches in mux trees).
<suppressed ~23 debug messages>

2.33. Executing OPT_EXPR pass (perform const folding).
Running muxtree optimizer on module \top..
  Creating internal representation of mux trees.
  No muxes found in this module.
Removed 0 multiplexer ports.

2.26.4. Executing OPT_REDUCE pass (consolidate $*mux and $reduce_* inputs).
  Optimizing cells in module \top.
Performed a total of 0 changes.

2.26.5. Executing OPT_MERGE pass (detect identical cells).
Finding identical cells in module `\top'.
Computing hashes of 2 cells of `\top'.
Finding duplicate cells in `\top'.
Removed a total of 0 cells.

2.26.6. Executing OPT_DFF pass (perform DFF optimizations).

2.26.7. Executing OPT_CLEAN pass (remove unused cells and wires).
Optimizing module top.

2.34. Executing SIMPLEMAP pass (map simple cells to gate primitives).

2.35. Executing SORT pass.
Finding unused cells or wires in module \top..

2.26.8. Executing OPT_EXPR pass (perform const folding).

2.36. Executing Verilog-2005 frontend: /opt/homebrew/bin/../share/yosys/abc9_model.v
Parsing Verilog input from `/opt/homebrew/bin/../share/yosys/abc9_model.v' to AST representation.
Generating RTLIL representation for module `$__ABC9_DELAY'.
Generating RTLIL representation for module `$__ABC9_SCC_BREAKER'.
Generating RTLIL representation for module `$__DFF_N__$abc9_flop'.
Generating RTLIL representation for module `$__DFF_P__$abc9_flop'.
Successfully finished Verilog frontend.

2.37. Executing ABC9 pass.

2.37.1. Executing ABC9_OPS pass (helper functions for ABC9).

2.37.2. Executing ABC9_OPS pass (helper functions for ABC9).
Optimizing module top.

2.37.3. Executing SCC pass (detecting logic loops).

2.26.9. Finished fast OPT passes. (There is nothing left to do.)
Found 0 SCCs in module top.
Found 0 SCCs.

2.37.4. Executing ABC9_OPS pass (helper functions for ABC9).

2.27. Executing TECHMAP pass (map to technology primitives).

2.27.1. Executing Verilog-2005 frontend: /opt/homebrew/bin/../share/yosys/techmap.v
Parsing Verilog input from `/opt/homebrew/bin/../share/yosys/techmap.v' to AST representation.
Generating RTLIL representation for module `\_90_simplemap_bool_ops'.
Generating RTLIL representation for module `\_90_simplemap_reduce_ops'.
Generating RTLIL representation for module `\_90_simplemap_logic_ops'.
Generating RTLIL representation for module `\_90_simplemap_compare_ops'.
Generating RTLIL representation for module `\_90_simplemap_various'.
Generating RTLIL representation for module `\_90_simplemap_registers'.
Generating RTLIL representation for module `\_90_shift_ops_shr_shl_sshl_sshr'.
Generating RTLIL representation for module `\_90_shift_shiftx'.
Generating RTLIL representation for module `\_90_fa'.
Generating RTLIL representation for module `\_90_lcu_brent_kung'.
Generating RTLIL representation for module `\_90_alu'.
Generating RTLIL representation for module `\_90_macc'.
Generating RTLIL representation for module `\_90_alumacc'.
Generating RTLIL representation for module `$__div_mod_u'.
Generating RTLIL representation for module `$__div_mod_trunc'.
Generating RTLIL representation for module `\_90_div'.
Generating RTLIL representation for module `\_90_mod'.
Generating RTLIL representation for module `$__div_mod_floor'.
Generating RTLIL representation for module `\_90_divfloor'.
Generating RTLIL representation for module `\_90_modfloor'.
Generating RTLIL representation for module `\_90_pow'.
Generating RTLIL representation for module `\_90_pmux'.
Generating RTLIL representation for module `\_90_demux'.
Generating RTLIL representation for module `\_90_lut'.
Generating RTLIL representation for module `$connect'.
Generating RTLIL representation for module `$input_port'.
Successfully finished Verilog frontend.

2.27.2. Executing Verilog-2005 frontend: /opt/homebrew/bin/../share/yosys/gowin/arith_map.v
Parsing Verilog input from `/opt/homebrew/bin/../share/yosys/gowin/arith_map.v' to AST representation.
Generating RTLIL representation for module `\_80_gw1n_alu'.
Successfully finished Verilog frontend.

2.27.3. Continuing TECHMAP pass.
No more expansions possible.
<suppressed ~77 debug messages>

2.28. Executing OPT pass (performing simple optimizations).

2.28.1. Executing OPT_EXPR pass (perform const folding).
Optimizing module top.

2.28.2. Executing OPT_MERGE pass (detect identical cells).
Finding identical cells in module `\top'.
Computing hashes of 2 cells of `\top'.
Finding duplicate cells in `\top'.
Removed a total of 0 cells.

2.28.3. Executing OPT_DFF pass (perform DFF optimizations).

2.28.4. Executing OPT_CLEAN pass (remove unused cells and wires).
Finding unused cells or wires in module \top..

2.28.5. Finished fast OPT passes.

2.29. Executing IOPADMAP pass (mapping inputs/outputs to IO-PAD cells).
Mapping port top.dout using OBUF.
Mapping port top.din_odd using IBUF.
Mapping port top.din_even using IBUF.
Mapping port top.rst using IBUF.
Mapping port top.resetn using IBUF.
Mapping port top.fclk using IBUF.

2.30. Executing OPT_CLEAN pass (remove unused cells and wires).
Parsing Verilog input from `/opt/homebrew/bin/../share/yosys/techmap.v' to AST representation.
Generating RTLIL representation for module `\_90_simplemap_bool_ops'.
Generating RTLIL representation for module `\_90_simplemap_reduce_ops'.
Generating RTLIL representation for module `\_90_simplemap_logic_ops'.
Generating RTLIL representation for module `\_90_simplemap_compare_ops'.
Generating RTLIL representation for module `\_90_simplemap_various'.
Generating RTLIL representation for module `\_90_simplemap_registers'.
Generating RTLIL representation for module `\_90_shift_ops_shr_shl_sshl_sshr'.
Generating RTLIL representation for module `\_90_shift_shiftx'.
Generating RTLIL representation for module `\_90_fa'.
Generating RTLIL representation for module `\_90_lcu_brent_kung'.
Generating RTLIL representation for module `\_90_alu'.
Generating RTLIL representation for module `\_90_macc'.
Generating RTLIL representation for module `\_90_alumacc'.
Generating RTLIL representation for module `$__div_mod_u'.
Generating RTLIL representation for module `$__div_mod_trunc'.
Generating RTLIL representation for module `\_90_div'.
Generating RTLIL representation for module `\_90_mod'.
Generating RTLIL representation for module `$__div_mod_floor'.
Generating RTLIL representation for module `\_90_divfloor'.
Generating RTLIL representation for module `\_90_modfloor'.
Generating RTLIL representation for module `\_90_pow'.
Generating RTLIL representation for module `\_90_pmux'.
Generating RTLIL representation for module `\_90_demux'.
Generating RTLIL representation for module `\_90_lut'.
Generating RTLIL representation for module `$connect'.
Generating RTLIL representation for module `$input_port'.
Successfully finished Verilog frontend.

2.27.2. Executing Verilog-2005 frontend: /opt/homebrew/bin/../share/yosys/gowin/arith_map.v
Finding unused cells or wires in module \top..
Parsing Verilog input from `/opt/homebrew/bin/../share/yosys/gowin/arith_map.v' to AST representation.
Generating RTLIL representation for module `\_80_gw1n_alu'.
Successfully finished Verilog frontend.

2.27.3. Continuing TECHMAP pass.

2.31. Executing DFFLEGALIZE pass (convert FFs to types supported by the target).
No more expansions possible.

2.32. Executing TECHMAP pass (map to technology primitives).

2.32.1. Executing Verilog-2005 frontend: /opt/homebrew/bin/../share/yosys/gowin/cells_map.v
<suppressed ~77 debug messages>

2.28. Executing OPT pass (performing simple optimizations).

2.28.1. Executing OPT_EXPR pass (perform const folding).
Optimizing module top.

2.28.2. Executing OPT_MERGE pass (detect identical cells).
Finding identical cells in module `\top'.
Computing hashes of 2 cells of `\top'.
Finding duplicate cells in `\top'.
Removed a total of 0 cells.

2.28.3. Executing OPT_DFF pass (perform DFF optimizations).

2.37.5. Executing TECHMAP pass (map to technology primitives).
Parsing Verilog input from `/opt/homebrew/bin/../share/yosys/gowin/cells_map.v' to AST representation.
Generating RTLIL representation for module `$_DFF_N_'.
Generating RTLIL representation for module `$_DFF_P_'.
Generating RTLIL representation for module `$_DFFE_PP_'.
Generating RTLIL representation for module `$_DFFE_NP_'.
Generating RTLIL representation for module `$_SDFF_PP0_'.
Generating RTLIL representation for module `$_SDFF_NP0_'.
Generating RTLIL representation for module `$_SDFFE_PP0P_'.
Generating RTLIL representation for module `$_SDFFE_NP0P_'.
Generating RTLIL representation for module `$_SDFF_PP1_'.
Generating RTLIL representation for module `$_SDFF_NP1_'.
Generating RTLIL representation for module `$_SDFFE_PP1P_'.
Generating RTLIL representation for module `$_SDFFE_NP1P_'.
Generating RTLIL representation for module `$_DFF_PP1_'.
Generating RTLIL representation for module `$_DFF_NP1_'.
Generating RTLIL representation for module `$_DFF_PP0_'.
Generating RTLIL representation for module `$_DFF_NP0_'.
Generating RTLIL representation for module `$_DFFE_PP1P_'.
Generating RTLIL representation for module `$_DFFE_NP1P_'.
Generating RTLIL representation for module `$_DFFE_PP0P_'.
Generating RTLIL representation for module `$_DFFE_NP0P_'.
Generating RTLIL representation for module `$lut'.
Successfully finished Verilog frontend.

2.32.2. Continuing TECHMAP pass.
No more expansions possible.

2.28.4. Executing OPT_CLEAN pass (remove unused cells and wires).
<suppressed ~23 debug messages>

2.33. Executing OPT_EXPR pass (perform const folding).
Optimizing module top.

2.34. Executing SIMPLEMAP pass (map simple cells to gate primitives).

2.35. Executing SORT pass.
Finding unused cells or wires in module \top..

2.28.5. Finished fast OPT passes.

2.29. Executing IOPADMAP pass (mapping inputs/outputs to IO-PAD cells).
Mapping port top.dout using OBUF.
Mapping port top.din_odd using IBUF.
Mapping port top.din_even using IBUF.
Mapping port top.rst using IBUF.
Mapping port top.resetn using IBUF.
Mapping port top.fclk using IBUF.

2.30. Executing OPT_CLEAN pass (remove unused cells and wires).
Finding unused cells or wires in module \top..

2.31. Executing DFFLEGALIZE pass (convert FFs to types supported by the target).

2.37.5.1. Executing Verilog-2005 frontend: /opt/homebrew/bin/../share/yosys/techmap.v

2.32. Executing TECHMAP pass (map to technology primitives).

2.32.1. Executing Verilog-2005 frontend: /opt/homebrew/bin/../share/yosys/gowin/cells_map.v

2.36. Executing Verilog-2005 frontend: /opt/homebrew/bin/../share/yosys/abc9_model.v
Parsing Verilog input from `/opt/homebrew/bin/../share/yosys/gowin/cells_map.v' to AST representation.
Generating RTLIL representation for module `$_DFF_N_'.
Generating RTLIL representation for module `$_DFF_P_'.
Generating RTLIL representation for module `$_DFFE_PP_'.
Generating RTLIL representation for module `$_DFFE_NP_'.
Generating RTLIL representation for module `$_SDFF_PP0_'.
Generating RTLIL representation for module `$_SDFF_NP0_'.
Generating RTLIL representation for module `$_SDFFE_PP0P_'.
Generating RTLIL representation for module `$_SDFFE_NP0P_'.
Generating RTLIL representation for module `$_SDFF_PP1_'.
Generating RTLIL representation for module `$_SDFF_NP1_'.
Generating RTLIL representation for module `$_SDFFE_PP1P_'.
Generating RTLIL representation for module `$_SDFFE_NP1P_'.
Generating RTLIL representation for module `$_DFF_PP1_'.
Generating RTLIL representation for module `$_DFF_NP1_'.
Generating RTLIL representation for module `$_DFF_PP0_'.
Generating RTLIL representation for module `$_DFF_NP0_'.
Generating RTLIL representation for module `$_DFFE_PP1P_'.
Generating RTLIL representation for module `$_DFFE_NP1P_'.
Generating RTLIL representation for module `$_DFFE_PP0P_'.
Generating RTLIL representation for module `$_DFFE_NP0P_'.
Generating RTLIL representation for module `$lut'.
Successfully finished Verilog frontend.

2.32.2. Continuing TECHMAP pass.
No more expansions possible.
Parsing Verilog input from `/opt/homebrew/bin/../share/yosys/abc9_model.v' to AST representation.
Generating RTLIL representation for module `$__ABC9_DELAY'.
Generating RTLIL representation for module `$__ABC9_SCC_BREAKER'.
Generating RTLIL representation for module `$__DFF_N__$abc9_flop'.
Generating RTLIL representation for module `$__DFF_P__$abc9_flop'.
Successfully finished Verilog frontend.

2.37. Executing ABC9 pass.

2.37.1. Executing ABC9_OPS pass (helper functions for ABC9).
<suppressed ~23 debug messages>

2.33. Executing OPT_EXPR pass (perform const folding).

2.37.2. Executing ABC9_OPS pass (helper functions for ABC9).

2.37.3. Executing SCC pass (detecting logic loops).
Found 0 SCCs in module top.
Found 0 SCCs.

2.37.4. Executing ABC9_OPS pass (helper functions for ABC9).

2.37.5. Executing TECHMAP pass (map to technology primitives).

2.37.5.1. Executing Verilog-2005 frontend: /opt/homebrew/bin/../share/yosys/techmap.v
Parsing Verilog input from `/opt/homebrew/bin/../share/yosys/techmap.v' to AST representation.
Generating RTLIL representation for module `\_90_simplemap_bool_ops'.
Generating RTLIL representation for module `\_90_simplemap_reduce_ops'.
Generating RTLIL representation for module `\_90_simplemap_logic_ops'.
Generating RTLIL representation for module `\_90_simplemap_compare_ops'.
Generating RTLIL representation for module `\_90_simplemap_various'.
Generating RTLIL representation for module `\_90_simplemap_registers'.
Generating RTLIL representation for module `\_90_shift_ops_shr_shl_sshl_sshr'.
Generating RTLIL representation for module `\_90_shift_shiftx'.
Generating RTLIL representation for module `\_90_fa'.
Generating RTLIL representation for module `\_90_lcu_brent_kung'.
Generating RTLIL representation for module `\_90_alu'.
Generating RTLIL representation for module `\_90_macc'.
Generating RTLIL representation for module `\_90_alumacc'.
Generating RTLIL representation for module `$__div_mod_u'.
Generating RTLIL representation for module `$__div_mod_trunc'.
Generating RTLIL representation for module `\_90_div'.
Generating RTLIL representation for module `\_90_mod'.
Generating RTLIL representation for module `$__div_mod_floor'.
Generating RTLIL representation for module `\_90_divfloor'.
Generating RTLIL representation for module `\_90_modfloor'.
Generating RTLIL representation for module `\_90_pow'.
Generating RTLIL representation for module `\_90_pmux'.
Generating RTLIL representation for module `\_90_demux'.
Generating RTLIL representation for module `\_90_lut'.
Generating RTLIL representation for module `$connect'.
Generating RTLIL representation for module `$input_port'.
Successfully finished Verilog frontend.

2.37.5.2. Continuing TECHMAP pass.
No more expansions possible.
<suppressed ~240 debug messages>

2.37.6. Executing OPT pass (performing simple optimizations).

2.37.6.1. Executing OPT_EXPR pass (perform const folding).

2.37.6.2. Executing OPT_MERGE pass (detect identical cells).
Removed a total of 0 cells.

2.37.6.3. Executing OPT_MUXTREE pass (detect dead branches in mux trees).
Removed 0 multiplexer ports.

2.37.6.4. Executing OPT_REDUCE pass (consolidate $*mux and $reduce_* inputs).
Performed a total of 0 changes.

2.37.6.5. Executing OPT_MERGE pass (detect identical cells).
Optimizing module top.

2.34. Executing SIMPLEMAP pass (map simple cells to gate primitives).
Removed a total of 0 cells.

2.37.6.6. Executing OPT_DFF pass (perform DFF optimizations).

2.37.6.7. Executing OPT_CLEAN pass (remove unused cells and wires).

2.35. Executing SORT pass.

2.37.6.8. Executing OPT_EXPR pass (perform const folding).

2.37.6.9. Finished fast OPT passes. (There is nothing left to do.)

2.36. Executing Verilog-2005 frontend: /opt/homebrew/bin/../share/yosys/abc9_model.v
Parsing Verilog input from `/opt/homebrew/bin/../share/yosys/abc9_model.v' to AST representation.
Generating RTLIL representation for module `$__ABC9_DELAY'.
Generating RTLIL representation for module `$__ABC9_SCC_BREAKER'.
Generating RTLIL representation for module `$__DFF_N__$abc9_flop'.
Generating RTLIL representation for module `$__DFF_P__$abc9_flop'.
Successfully finished Verilog frontend.

2.37. Executing ABC9 pass.

2.37.1. Executing ABC9_OPS pass (helper functions for ABC9).

2.37.2. Executing ABC9_OPS pass (helper functions for ABC9).

2.37.3. Executing SCC pass (detecting logic loops).
Found 0 SCCs in module top.
Found 0 SCCs.

2.37.4. Executing ABC9_OPS pass (helper functions for ABC9).

2.37.5. Executing TECHMAP pass (map to technology primitives).

2.37.5.1. Executing Verilog-2005 frontend: /opt/homebrew/bin/../share/yosys/techmap.v

2.37.7. Executing TECHMAP pass (map to technology primitives).

2.37.7.1. Executing Verilog-2005 frontend: /opt/homebrew/bin/../share/yosys/abc9_map.v
Parsing Verilog input from `/opt/homebrew/bin/../share/yosys/abc9_map.v' to AST representation.
Successfully finished Verilog frontend.

2.37.7.2. Continuing TECHMAP pass.
No more expansions possible.
<suppressed ~2 debug messages>

2.37.8. Executing Verilog-2005 frontend: /opt/homebrew/bin/../share/yosys/abc9_model.v
Parsing Verilog input from `/opt/homebrew/bin/../share/yosys/abc9_model.v' to AST representation.
Replacing existing blackbox module `$__ABC9_DELAY' at /opt/homebrew/bin/../share/yosys/abc9_model.v:2.1-7.10.
Generating RTLIL representation for module `$__ABC9_DELAY'.
Replacing existing blackbox module `$__ABC9_SCC_BREAKER' at /opt/homebrew/bin/../share/yosys/abc9_model.v:9.1-11.10.
Generating RTLIL representation for module `$__ABC9_SCC_BREAKER'.
Replacing existing module `$__DFF_N__$abc9_flop' at /opt/homebrew/bin/../share/yosys/abc9_model.v:14.1-20.10.
Generating RTLIL representation for module `$__DFF_N__$abc9_flop'.
Replacing existing module `$__DFF_P__$abc9_flop' at /opt/homebrew/bin/../share/yosys/abc9_model.v:23.1-29.10.
Generating RTLIL representation for module `$__DFF_P__$abc9_flop'.
Successfully finished Verilog frontend.

2.37.9. Executing ABC9_OPS pass (helper functions for ABC9).

2.37.10. Executing ABC9_OPS pass (helper functions for ABC9).

2.37.11. Executing ABC9_OPS pass (helper functions for ABC9).
<suppressed ~2 debug messages>

2.37.12. Executing AIGMAP pass (map logic to AIG).
Module top: replaced 0 cells with 0 new cells, skipped 8 cells.
  not replaced 4 cell types:
       5 IBUF
       1 CLKDIV
       1 OSER4
       1 OBUF

2.37.12.1. Executing ABC9_OPS pass (helper functions for ABC9).

2.37.12.2. Executing ABC9_OPS pass (helper functions for ABC9).

2.37.12.3. Executing XAIGER backend.
<suppressed ~5 debug messages>
Extracted 0 AND gates and 15 wires from module `top' to a netlist network with 13 inputs and 8 outputs.

2.37.12.4. Executing ABC9_EXE pass (technology mapping using ABC9).

2.37.12.5. Executing ABC9.
Parsing Verilog input from `/opt/homebrew/bin/../share/yosys/techmap.v' to AST representation.
Generating RTLIL representation for module `\_90_simplemap_bool_ops'.
Generating RTLIL representation for module `\_90_simplemap_reduce_ops'.
Generating RTLIL representation for module `\_90_simplemap_logic_ops'.
Generating RTLIL representation for module `\_90_simplemap_compare_ops'.
Generating RTLIL representation for module `\_90_simplemap_various'.
Generating RTLIL representation for module `\_90_simplemap_registers'.
Generating RTLIL representation for module `\_90_shift_ops_shr_shl_sshl_sshr'.
Generating RTLIL representation for module `\_90_shift_shiftx'.
Generating RTLIL representation for module `\_90_fa'.
Generating RTLIL representation for module `\_90_lcu_brent_kung'.
Generating RTLIL representation for module `\_90_alu'.
Generating RTLIL representation for module `\_90_macc'.
Generating RTLIL representation for module `\_90_alumacc'.
Generating RTLIL representation for module `$__div_mod_u'.
Generating RTLIL representation for module `$__div_mod_trunc'.
Generating RTLIL representation for module `\_90_div'.
Generating RTLIL representation for module `\_90_mod'.
Generating RTLIL representation for module `$__div_mod_floor'.
Generating RTLIL representation for module `\_90_divfloor'.
Generating RTLIL representation for module `\_90_modfloor'.
Generating RTLIL representation for module `\_90_pow'.
Generating RTLIL representation for module `\_90_pmux'.
Generating RTLIL representation for module `\_90_demux'.
Generating RTLIL representation for module `\_90_lut'.
Generating RTLIL representation for module `$connect'.
Generating RTLIL representation for module `$input_port'.
Successfully finished Verilog frontend.

2.37.5.2. Continuing TECHMAP pass.
No more expansions possible.
<suppressed ~240 debug messages>

2.37.6. Executing OPT pass (performing simple optimizations).

2.37.6.1. Executing OPT_EXPR pass (perform const folding).

2.37.6.2. Executing OPT_MERGE pass (detect identical cells).
Removed a total of 0 cells.

2.37.6.3. Executing OPT_MUXTREE pass (detect dead branches in mux trees).
Removed 0 multiplexer ports.

2.37.6.4. Executing OPT_REDUCE pass (consolidate $*mux and $reduce_* inputs).
Performed a total of 0 changes.

2.37.6.5. Executing OPT_MERGE pass (detect identical cells).
Removed a total of 0 cells.

2.37.6.6. Executing OPT_DFF pass (perform DFF optimizations).

2.37.6.7. Executing OPT_CLEAN pass (remove unused cells and wires).

2.37.6.8. Executing OPT_EXPR pass (perform const folding).

2.37.6.9. Finished fast OPT passes. (There is nothing left to do.)
Parsing Verilog input from `/opt/homebrew/bin/../share/yosys/techmap.v' to AST representation.
Generating RTLIL representation for module `\_90_simplemap_bool_ops'.
Generating RTLIL representation for module `\_90_simplemap_reduce_ops'.
Generating RTLIL representation for module `\_90_simplemap_logic_ops'.
Generating RTLIL representation for module `\_90_simplemap_compare_ops'.
Generating RTLIL representation for module `\_90_simplemap_various'.
Generating RTLIL representation for module `\_90_simplemap_registers'.
Generating RTLIL representation for module `\_90_shift_ops_shr_shl_sshl_sshr'.
Generating RTLIL representation for module `\_90_shift_shiftx'.
Generating RTLIL representation for module `\_90_fa'.
Generating RTLIL representation for module `\_90_lcu_brent_kung'.
Generating RTLIL representation for module `\_90_alu'.
Generating RTLIL representation for module `\_90_macc'.
Generating RTLIL representation for module `\_90_alumacc'.
Generating RTLIL representation for module `$__div_mod_u'.
Generating RTLIL representation for module `$__div_mod_trunc'.
Generating RTLIL representation for module `\_90_div'.
Generating RTLIL representation for module `\_90_mod'.
Generating RTLIL representation for module `$__div_mod_floor'.
Generating RTLIL representation for module `\_90_divfloor'.
Generating RTLIL representation for module `\_90_modfloor'.
Generating RTLIL representation for module `\_90_pow'.
Generating RTLIL representation for module `\_90_pmux'.
Generating RTLIL representation for module `\_90_demux'.
Generating RTLIL representation for module `\_90_lut'.
Generating RTLIL representation for module `$connect'.
Generating RTLIL representation for module `$input_port'.
Successfully finished Verilog frontend.

2.37.5.2. Continuing TECHMAP pass.

2.37.7. Executing TECHMAP pass (map to technology primitives).

2.37.7.1. Executing Verilog-2005 frontend: /opt/homebrew/bin/../share/yosys/abc9_map.v
Parsing Verilog input from `/opt/homebrew/bin/../share/yosys/abc9_map.v' to AST representation.
Successfully finished Verilog frontend.

2.37.7.2. Continuing TECHMAP pass.
No more expansions possible.
<suppressed ~2 debug messages>

2.37.8. Executing Verilog-2005 frontend: /opt/homebrew/bin/../share/yosys/abc9_model.v
No more expansions possible.
<suppressed ~240 debug messages>

2.37.6. Executing OPT pass (performing simple optimizations).

2.37.6.1. Executing OPT_EXPR pass (perform const folding).
Parsing Verilog input from `/opt/homebrew/bin/../share/yosys/abc9_model.v' to AST representation.
Replacing existing blackbox module `$__ABC9_DELAY' at /opt/homebrew/bin/../share/yosys/abc9_model.v:2.1-7.10.
Generating RTLIL representation for module `$__ABC9_DELAY'.
Replacing existing blackbox module `$__ABC9_SCC_BREAKER' at /opt/homebrew/bin/../share/yosys/abc9_model.v:9.1-11.10.
Generating RTLIL representation for module `$__ABC9_SCC_BREAKER'.
Replacing existing module `$__DFF_N__$abc9_flop' at /opt/homebrew/bin/../share/yosys/abc9_model.v:14.1-20.10.
Generating RTLIL representation for module `$__DFF_N__$abc9_flop'.
Replacing existing module `$__DFF_P__$abc9_flop' at /opt/homebrew/bin/../share/yosys/abc9_model.v:23.1-29.10.
Generating RTLIL representation for module `$__DFF_P__$abc9_flop'.
Successfully finished Verilog frontend.

2.37.9. Executing ABC9_OPS pass (helper functions for ABC9).

2.37.10. Executing ABC9_OPS pass (helper functions for ABC9).

2.37.6.2. Executing OPT_MERGE pass (detect identical cells).

2.37.11. Executing ABC9_OPS pass (helper functions for ABC9).
Removed a total of 0 cells.

2.37.6.3. Executing OPT_MUXTREE pass (detect dead branches in mux trees).
Removed 0 multiplexer ports.

2.37.6.4. Executing OPT_REDUCE pass (consolidate $*mux and $reduce_* inputs).
Performed a total of 0 changes.

2.37.6.5. Executing OPT_MERGE pass (detect identical cells).
Removed a total of 0 cells.

2.37.6.6. Executing OPT_DFF pass (perform DFF optimizations).

2.37.6.7. Executing OPT_CLEAN pass (remove unused cells and wires).

2.37.6.8. Executing OPT_EXPR pass (perform const folding).
<suppressed ~2 debug messages>

2.37.12. Executing AIGMAP pass (map logic to AIG).
Module top: replaced 0 cells with 0 new cells, skipped 8 cells.
  not replaced 4 cell types:
       5 IBUF
       1 CLKDIV
       1 OSER10
       1 OBUF

2.37.12.1. Executing ABC9_OPS pass (helper functions for ABC9).

2.37.6.9. Finished fast OPT passes. (There is nothing left to do.)

2.37.12.2. Executing ABC9_OPS pass (helper functions for ABC9).

2.37.12.3. Executing XAIGER backend.
<suppressed ~5 debug messages>
Extracted 0 AND gates and 15 wires from module `top' to a netlist network with 13 inputs and 8 outputs.

2.37.12.4. Executing ABC9_EXE pass (technology mapping using ABC9).

2.37.12.5. Executing ABC9.

2.37.7. Executing TECHMAP pass (map to technology primitives).

2.37.7.1. Executing Verilog-2005 frontend: /opt/homebrew/bin/../share/yosys/abc9_map.v
Parsing Verilog input from `/opt/homebrew/bin/../share/yosys/abc9_map.v' to AST representation.
Successfully finished Verilog frontend.

2.37.7.2. Continuing TECHMAP pass.
No more expansions possible.
<suppressed ~2 debug messages>

2.37.8. Executing Verilog-2005 frontend: /opt/homebrew/bin/../share/yosys/abc9_model.v
Parsing Verilog input from `/opt/homebrew/bin/../share/yosys/abc9_model.v' to AST representation.
Replacing existing blackbox module `$__ABC9_DELAY' at /opt/homebrew/bin/../share/yosys/abc9_model.v:2.1-7.10.
Generating RTLIL representation for module `$__ABC9_DELAY'.
Replacing existing blackbox module `$__ABC9_SCC_BREAKER' at /opt/homebrew/bin/../share/yosys/abc9_model.v:9.1-11.10.
Generating RTLIL representation for module `$__ABC9_SCC_BREAKER'.
Replacing existing module `$__DFF_N__$abc9_flop' at /opt/homebrew/bin/../share/yosys/abc9_model.v:14.1-20.10.
Generating RTLIL representation for module `$__DFF_N__$abc9_flop'.
Replacing existing module `$__DFF_P__$abc9_flop' at /opt/homebrew/bin/../share/yosys/abc9_model.v:23.1-29.10.
Generating RTLIL representation for module `$__DFF_P__$abc9_flop'.
Successfully finished Verilog frontend.

2.37.9. Executing ABC9_OPS pass (helper functions for ABC9).

2.37.10. Executing ABC9_OPS pass (helper functions for ABC9).

2.37.11. Executing ABC9_OPS pass (helper functions for ABC9).
<suppressed ~2 debug messages>

2.37.12. Executing AIGMAP pass (map logic to AIG).
Module top: replaced 0 cells with 0 new cells, skipped 8 cells.
  not replaced 4 cell types:
       5 IBUF
       1 CLKDIV
       1 OSER8
       1 OBUF

2.37.12.1. Executing ABC9_OPS pass (helper functions for ABC9).

2.37.12.2. Executing ABC9_OPS pass (helper functions for ABC9).

2.37.12.3. Executing XAIGER backend.
<suppressed ~5 debug messages>
Extracted 0 AND gates and 15 wires from module `top' to a netlist network with 13 inputs and 8 outputs.

2.37.12.4. Executing ABC9_EXE pass (technology mapping using ABC9).

2.37.12.5. Executing ABC9.
Running ABC command: "<yosys-exe-dir>/yosys-abc" -s -f <abc-temp-dir>/abc.script 2>&1
ABC: ======== ABC command line "source <abc-temp-dir>/abc.script"
ABC: + read_lut <abc-temp-dir>/input.lut 
ABC: + read_box <abc-temp-dir>/input.box 
ABC: + &read <abc-temp-dir>/input.xaig 
ABC: + &ps 
ABC: <abc-temp-dir>/input : i/o =     13/      8  and =       0  lev =    0 (0.00)  mem = 0.00 MB  box = 0  bb = 0
ABC: + &scorr 
ABC: Warning: The network is combinational.
ABC: + &sweep 
ABC: + &dc2 
ABC: + &dch -f -r 
ABC: + &ps 
ABC: <abc-temp-dir>/input : i/o =     13/      8  and =       0  lev =    0 (0.00)  mem = 0.00 MB  ch =    0  box = 0  bb = 0
ABC: cst =       0  cls =      0  lit =       0  unused =      13  proof =     0
ABC: + &if -W 500 -v 
ABC: K = 8. Memory (bytes): Truth =    0. Cut =   68. Obj =  152. Set =  708. CutMin = no
ABC: Node =       0.  Ch =     0.  Total mem =    0.00 MB. Peak cut mem =    0.00 MB.
ABC: P:  Del =    0.00.  Ar =       0.0.  Edge =        0.  Cut =        0.  T =     0.00 sec
ABC: P:  Del =    0.00.  Ar =       0.0.  Edge =        0.  Cut =        0.  T =     0.00 sec
ABC: P:  Del =    0.00.  Ar =       0.0.  Edge =        0.  Cut =        0.  T =     0.00 sec
ABC: F:  Del =    0.00.  Ar =       0.0.  Edge =        0.  Cut =        0.  T =     0.00 sec
ABC: A:  Del =    0.00.  Ar =       0.0.  Edge =        0.  Cut =        0.  T =     0.00 sec
ABC: A:  Del =    0.00.  Ar =       0.0.  Edge =        0.  Cut =        0.  T =     0.00 sec
ABC: Total time =     0.00 sec
ABC: + &write -n <abc-temp-dir>/output.aig 
ABC: + &mfs 
ABC: Timing manager is given but there is no GIA of boxes.
ABC: Error: Abc_FrameUpdateGia(): Transformation has failed.
ABC: + &ps -l 
ABC: <abc-temp-dir>/input : i/o =     13/      8  and =       0  lev =    0 (0.00)  mem = 0.00 MB  box = 0  bb = 0
ABC: Mapping (K=0)  :  lut =      0  edge =       0  lev =    0 (0.00)  mem = 0.00 MB
ABC: LUT = 0 : Ave = 0.00
ABC: + &write -n <abc-temp-dir>/output.aig 
ABC: + &verify 
ABC: Networks are equivalent.  Time =     0.00 sec
ABC: + time 
ABC: elapse: 0.02 seconds, total: 0.02 seconds

2.37.12.6. Executing AIGER frontend.
Running ABC command: "<yosys-exe-dir>/yosys-abc" -s -f <abc-temp-dir>/abc.script 2>&1
ABC: ======== ABC command line "source <abc-temp-dir>/abc.script"
ABC: + read_lut <abc-temp-dir>/input.lut 
ABC: + read_box <abc-temp-dir>/input.box 
ABC: + &read <abc-temp-dir>/input.xaig 
ABC: + &ps 
ABC: <abc-temp-dir>/input : i/o =     13/      8  and =       0  lev =    0 (0.00)  mem = 0.00 MB  box = 0  bb = 0
ABC: + &scorr 
ABC: Warning: The network is combinational.
ABC: + &sweep 
ABC: + &dc2 
ABC: + &dch -f -r 
ABC: + &ps 
ABC: <abc-temp-dir>/input : i/o =     13/      8  and =       0  lev =    0 (0.00)  mem = 0.00 MB  ch =    0  box = 0  bb = 0
ABC: cst =       0  cls =      0  lit =       0  unused =      13  proof =     0
ABC: + &if -W 500 -v 
ABC: K = 8. Memory (bytes): Truth =    0. Cut =   68. Obj =  152. Set =  708. CutMin = no
ABC: Node =       0.  Ch =     0.  Total mem =    0.00 MB. Peak cut mem =    0.00 MB.
ABC: P:  Del =    0.00.  Ar =       0.0.  Edge =        0.  Cut =        0.  T =     0.00 sec
ABC: P:  Del =    0.00.  Ar =       0.0.  Edge =        0.  Cut =        0.  T =     0.00 sec
ABC: P:  Del =    0.00.  Ar =       0.0.  Edge =        0.  Cut =        0.  T =     0.00 sec
ABC: F:  Del =    0.00.  Ar =       0.0.  Edge =        0.  Cut =        0.  T =     0.00 sec
ABC: A:  Del =    0.00.  Ar =       0.0.  Edge =        0.  Cut =        0.  T =     0.00 sec
ABC: A:  Del =    0.00.  Ar =       0.0.  Edge =        0.  Cut =        0.  T =     0.00 sec
ABC: Total time =     0.00 sec
ABC: + &write -n <abc-temp-dir>/output.aig 
ABC: + &mfs 
ABC: Timing manager is given but there is no GIA of boxes.
ABC: Error: Abc_FrameUpdateGia(): Transformation has failed.
ABC: + &ps -l 
ABC: <abc-temp-dir>/input : i/o =     13/      8  and =       0  lev =    0 (0.00)  mem = 0.00 MB  box = 0  bb = 0
ABC: Mapping (K=0)  :  lut =      0  edge =       0  lev =    0 (0.00)  mem = 0.00 MB
ABC: LUT = 0 : Ave = 0.00
ABC: + &write -n <abc-temp-dir>/output.aig 
ABC: + &verify 
ABC: Networks are equivalent.  Time =     0.00 sec
ABC: + time 
ABC: elapse: 0.01 seconds, total: 0.01 seconds

2.37.12.6. Executing AIGER frontend.
<suppressed ~50 debug messages>
Removed 0 unused cells and 21 unused wires.

2.37.12.7. Executing ABC9_OPS pass (helper functions for ABC9).
ABC RESULTS:           input signals:        5
ABC RESULTS:          output signals:        8
Removing temp directory.

2.37.13. Executing TECHMAP pass (map to technology primitives).
Running ABC command: "<yosys-exe-dir>/yosys-abc" -s -f <abc-temp-dir>/abc.script 2>&1
ABC: ======== ABC command line "source <abc-temp-dir>/abc.script"
ABC: + read_lut <abc-temp-dir>/input.lut 
ABC: + read_box <abc-temp-dir>/input.box 
ABC: + &read <abc-temp-dir>/input.xaig 
ABC: + &ps 
ABC: <abc-temp-dir>/input : i/o =     13/      8  and =       0  lev =    0 (0.00)  mem = 0.00 MB  box = 0  bb = 0
ABC: + &scorr 
ABC: Warning: The network is combinational.
ABC: + &sweep 
ABC: + &dc2 
ABC: + &dch -f -r 
ABC: + &ps 
ABC: <abc-temp-dir>/input : i/o =     13/      8  and =       0  lev =    0 (0.00)  mem = 0.00 MB  ch =    0  box = 0  bb = 0
ABC: cst =       0  cls =      0  lit =       0  unused =      13  proof =     0
ABC: + &if -W 500 -v 
ABC: K = 8. Memory (bytes): Truth =    0. Cut =   68. Obj =  152. Set =  708. CutMin = no
ABC: Node =       0.  Ch =     0.  Total mem =    0.00 MB. Peak cut mem =    0.00 MB.
ABC: P:  Del =    0.00.  Ar =       0.0.  Edge =        0.  Cut =        0.  T =     0.00 sec
ABC: P:  Del =    0.00.  Ar =       0.0.  Edge =        0.  Cut =        0.  T =     0.00 sec
ABC: P:  Del =    0.00.  Ar =       0.0.  Edge =        0.  Cut =        0.  T =     0.00 sec
ABC: F:  Del =    0.00.  Ar =       0.0.  Edge =        0.  Cut =        0.  T =     0.00 sec
ABC: A:  Del =    0.00.  Ar =       0.0.  Edge =        0.  Cut =        0.  T =     0.00 sec
ABC: A:  Del =    0.00.  Ar =       0.0.  Edge =        0.  Cut =        0.  T =     0.00 sec
ABC: Total time =     0.00 sec
ABC: + &write -n <abc-temp-dir>/output.aig 
ABC: + &mfs 
ABC: Timing manager is given but there is no GIA of boxes.
ABC: Error: Abc_FrameUpdateGia(): Transformation has failed.
ABC: + &ps -l 
ABC: <abc-temp-dir>/input : i/o =     13/      8  and =       0  lev =    0 (0.00)  mem = 0.00 MB  box = 0  bb = 0
ABC: Mapping (K=0)  :  lut =      0  edge =       0  lev =    0 (0.00)  mem = 0.00 MB
ABC: LUT = 0 : Ave = 0.00
ABC: + &write -n <abc-temp-dir>/output.aig 
ABC: + &verify 
ABC: Networks are equivalent.  Time =     0.00 sec
ABC: + time 
ABC: elapse: 0.02 seconds, total: 0.02 seconds

2.37.12.6. Executing AIGER frontend.

2.37.13.1. Executing Verilog-2005 frontend: /opt/homebrew/bin/../share/yosys/abc9_unmap.v
<suppressed ~50 debug messages>
Removed 0 unused cells and 21 unused wires.

2.37.12.7. Executing ABC9_OPS pass (helper functions for ABC9).
Parsing Verilog input from `/opt/homebrew/bin/../share/yosys/abc9_unmap.v' to AST representation.
Generating RTLIL representation for module `$__DFF_x__$abc9_flop'.
Generating RTLIL representation for module `$__ABC9_SCC_BREAKER'.
Successfully finished Verilog frontend.

2.37.13.2. Continuing TECHMAP pass.
No more expansions possible.
<suppressed ~5 debug messages>
<suppressed ~50 debug messages>
Removed 0 unused cells and 21 unused wires.

2.37.12.7. Executing ABC9_OPS pass (helper functions for ABC9).
ABC RESULTS:           input signals:        5
ABC RESULTS:          output signals:        8
Removing temp directory.

2.37.13. Executing TECHMAP pass (map to technology primitives).

2.37.13.1. Executing Verilog-2005 frontend: /opt/homebrew/bin/../share/yosys/abc9_unmap.v
Parsing Verilog input from `/opt/homebrew/bin/../share/yosys/abc9_unmap.v' to AST representation.
Generating RTLIL representation for module `$__DFF_x__$abc9_flop'.
Generating RTLIL representation for module `$__ABC9_SCC_BREAKER'.
Successfully finished Verilog frontend.

2.37.13.2. Continuing TECHMAP pass.
No more expansions possible.
<suppressed ~5 debug messages>
Removed 0 unused cells and 13 unused wires.

2.38. Executing TECHMAP pass (map to technology primitives).

2.38.1. Executing Verilog-2005 frontend: /opt/homebrew/bin/../share/yosys/gowin/cells_map.v
ABC RESULTS:           input signals:        5
ABC RESULTS:          output signals:        8
Removing temp directory.

2.37.13. Executing TECHMAP pass (map to technology primitives).

2.37.13.1. Executing Verilog-2005 frontend: /opt/homebrew/bin/../share/yosys/abc9_unmap.v
Parsing Verilog input from `/opt/homebrew/bin/../share/yosys/abc9_unmap.v' to AST representation.
Generating RTLIL representation for module `$__DFF_x__$abc9_flop'.
Generating RTLIL representation for module `$__ABC9_SCC_BREAKER'.
Successfully finished Verilog frontend.

2.37.13.2. Continuing TECHMAP pass.
No more expansions possible.
<suppressed ~5 debug messages>
Removed 0 unused cells and 13 unused wires.

2.38. Executing TECHMAP pass (map to technology primitives).

2.38.1. Executing Verilog-2005 frontend: /opt/homebrew/bin/../share/yosys/gowin/cells_map.v
Removed 0 unused cells and 13 unused wires.

2.38. Executing TECHMAP pass (map to technology primitives).

2.38.1. Executing Verilog-2005 frontend: /opt/homebrew/bin/../share/yosys/gowin/cells_map.v
Parsing Verilog input from `/opt/homebrew/bin/../share/yosys/gowin/cells_map.v' to AST representation.
Generating RTLIL representation for module `$_DFF_N_'.
Generating RTLIL representation for module `$_DFF_P_'.
Generating RTLIL representation for module `$_DFFE_PP_'.
Generating RTLIL representation for module `$_DFFE_NP_'.
Generating RTLIL representation for module `$_SDFF_PP0_'.
Generating RTLIL representation for module `$_SDFF_NP0_'.
Generating RTLIL representation for module `$_SDFFE_PP0P_'.
Generating RTLIL representation for module `$_SDFFE_NP0P_'.
Generating RTLIL representation for module `$_SDFF_PP1_'.
Generating RTLIL representation for module `$_SDFF_NP1_'.
Generating RTLIL representation for module `$_SDFFE_PP1P_'.
Generating RTLIL representation for module `$_SDFFE_NP1P_'.
Generating RTLIL representation for module `$_DFF_PP1_'.
Generating RTLIL representation for module `$_DFF_NP1_'.
Generating RTLIL representation for module `$_DFF_PP0_'.
Generating RTLIL representation for module `$_DFF_NP0_'.
Generating RTLIL representation for module `$_DFFE_PP1P_'.
Generating RTLIL representation for module `$_DFFE_NP1P_'.
Generating RTLIL representation for module `$_DFFE_PP0P_'.
Generating RTLIL representation for module `$_DFFE_NP0P_'.
Generating RTLIL representation for module `$lut'.
Successfully finished Verilog frontend.

2.38.2. Continuing TECHMAP pass.
No more expansions possible.
Parsing Verilog input from `/opt/homebrew/bin/../share/yosys/gowin/cells_map.v' to AST representation.
Generating RTLIL representation for module `$_DFF_N_'.
Generating RTLIL representation for module `$_DFF_P_'.
Generating RTLIL representation for module `$_DFFE_PP_'.
Generating RTLIL representation for module `$_DFFE_NP_'.
Generating RTLIL representation for module `$_SDFF_PP0_'.
Generating RTLIL representation for module `$_SDFF_NP0_'.
Generating RTLIL representation for module `$_SDFFE_PP0P_'.
Generating RTLIL representation for module `$_SDFFE_NP0P_'.
Generating RTLIL representation for module `$_SDFF_PP1_'.
Generating RTLIL representation for module `$_SDFF_NP1_'.
Generating RTLIL representation for module `$_SDFFE_PP1P_'.
Generating RTLIL representation for module `$_SDFFE_NP1P_'.
Generating RTLIL representation for module `$_DFF_PP1_'.
Generating RTLIL representation for module `$_DFF_NP1_'.
Generating RTLIL representation for module `$_DFF_PP0_'.
Generating RTLIL representation for module `$_DFF_NP0_'.
Generating RTLIL representation for module `$_DFFE_PP1P_'.
Generating RTLIL representation for module `$_DFFE_NP1P_'.
Generating RTLIL representation for module `$_DFFE_PP0P_'.
Generating RTLIL representation for module `$_DFFE_NP0P_'.
Generating RTLIL representation for module `$lut'.
Successfully finished Verilog frontend.

2.38.2. Continuing TECHMAP pass.
No more expansions possible.
<suppressed ~23 debug messages>

2.39. Executing OPT_LUT_INS pass (discard unused LUT inputs).
Optimizing LUTs in top.

2.40. Executing SETUNDEF pass (replace undef values with defined constants).

2.41. Executing HILOMAP pass (mapping to constant drivers).
Parsing Verilog input from `/opt/homebrew/bin/../share/yosys/gowin/cells_map.v' to AST representation.
Generating RTLIL representation for module `$_DFF_N_'.
Generating RTLIL representation for module `$_DFF_P_'.
Generating RTLIL representation for module `$_DFFE_PP_'.
Generating RTLIL representation for module `$_DFFE_NP_'.
Generating RTLIL representation for module `$_SDFF_PP0_'.
Generating RTLIL representation for module `$_SDFF_NP0_'.
Generating RTLIL representation for module `$_SDFFE_PP0P_'.
Generating RTLIL representation for module `$_SDFFE_NP0P_'.
Generating RTLIL representation for module `$_SDFF_PP1_'.
Generating RTLIL representation for module `$_SDFF_NP1_'.
Generating RTLIL representation for module `$_SDFFE_PP1P_'.
Generating RTLIL representation for module `$_SDFFE_NP1P_'.
Generating RTLIL representation for module `$_DFF_PP1_'.
Generating RTLIL representation for module `$_DFF_NP1_'.
Generating RTLIL representation for module `$_DFF_PP0_'.
Generating RTLIL representation for module `$_DFF_NP0_'.
Generating RTLIL representation for module `$_DFFE_PP1P_'.
Generating RTLIL representation for module `$_DFFE_NP1P_'.
Generating RTLIL representation for module `$_DFFE_PP0P_'.
Generating RTLIL representation for module `$_DFFE_NP0P_'.
Generating RTLIL representation for module `$lut'.
Successfully finished Verilog frontend.

2.38.2. Continuing TECHMAP pass.
No more expansions possible.
<suppressed ~23 debug messages>

2.39. Executing OPT_LUT_INS pass (discard unused LUT inputs).
<suppressed ~23 debug messages>

2.39. Executing OPT_LUT_INS pass (discard unused LUT inputs).
Optimizing LUTs in top.

2.40. Executing SETUNDEF pass (replace undef values with defined constants).
Optimizing LUTs in top.

2.40. Executing SETUNDEF pass (replace undef values with defined constants).

2.42. Executing AUTONAME pass.

2.41. Executing HILOMAP pass (mapping to constant drivers).
Renamed 16 objects in module top (12 iterations).
<suppressed ~16 debug messages>

2.43. Executing HIERARCHY pass (managing design hierarchy).
Attribute `top' found on module `top'. Setting top module to top.

2.43.1. Analyzing design hierarchy..
Top module:  \top

2.43.2. Analyzing design hierarchy..
Top module:  \top
Removed 0 unused modules.

2.41. Executing HILOMAP pass (mapping to constant drivers).

2.44. Printing statistics.

=== top ===

        +----------Local Count, excluding submodules.
        | 
       15 wires
       15 wire bits
       15 public wires
       15 public wire bits
        6 ports
        6 port bits
       10 cells
        1   CLKDIV
        1   GND
        5   IBUF
        1   OBUF
        1   OSER8
        1   VCC

2.45. Executing CHECK pass (checking for obvious problems).

2.42. Executing AUTONAME pass.
Renamed 16 objects in module top (11 iterations).
<suppressed ~16 debug messages>

2.43. Executing HIERARCHY pass (managing design hierarchy).
Attribute `top' found on module `top'. Setting top module to top.

2.43.1. Analyzing design hierarchy..
Top module:  \top

2.43.2. Analyzing design hierarchy..
Top module:  \top
Removed 0 unused modules.

2.44. Printing statistics.

2.42. Executing AUTONAME pass.

=== top ===

        +----------Local Count, excluding submodules.
        | 
       15 wires
       15 wire bits
       15 public wires
       15 public wire bits
        6 ports
        6 port bits
       10 cells
        1   CLKDIV
        1   GND
        5   IBUF
        1   OBUF
        1   OSER4
        1   VCC

2.45. Executing CHECK pass (checking for obvious problems).
Checking module top...
Found and reported 0 problems.

2.46. Executing JSON backend.
Renamed 14 objects in module top (10 iterations).
<suppressed ~14 debug messages>

2.43. Executing HIERARCHY pass (managing design hierarchy).
Attribute `top' found on module `top'. Setting top module to top.

2.43.1. Analyzing design hierarchy..
Top module:  \top

2.43.2. Analyzing design hierarchy..
Top module:  \top
Removed 0 unused modules.
Checking module top...
Found and reported 0 problems.

2.46. Executing JSON backend.

2.44. Printing statistics.

=== top ===

        +----------Local Count, excluding submodules.
        | 
       14 wires
       14 wire bits
       14 public wires
       14 public wire bits
        6 ports
        6 port bits
        9 cells
        1   CLKDIV
        1   GND
        5   IBUF
        1   OBUF
        1   OSER10

2.45. Executing CHECK pass (checking for obvious problems).
Checking module top...
Found and reported 0 problems.

2.46. Executing JSON backend.

End of script. Logfile hash: efa500ef88, CPU: user 0.38s system 0.05s, MEM: 32.81 MB peak
Yosys 0.63 (git sha1 70a11c6bf0e8dd669f56c7da3587f78b405138e2, clang++ 17.0.0 -fPIC -O3)
Time spent: 42% 19x read_verilog (0 sec), 17% 1x abc9_exe (0 sec), ...

End of script. Logfile hash: 8f7104ae86, CPU: user 0.39s system 0.05s, MEM: 33.09 MB peak
Yosys 0.63 (git sha1 70a11c6bf0e8dd669f56c7da3587f78b405138e2, clang++ 17.0.0 -fPIC -O3)
Time spent: 42% 19x read_verilog (0 sec), 15% 1x abc9_exe (0 sec), ...
yosys -p "read_verilog ovideo-io.v; synth_gowin -json ovideo-io-tangmega138k-synth.json -family gw5a -setundef"
yosys -p "read_verilog ides4-io.v; synth_gowin -json ides4-io-tangmega138k-synth.json -family gw5a -setundef"

End of script. Logfile hash: 2561174861, CPU: user 0.38s system 0.05s, MEM: 33.02 MB peak
Yosys 0.63 (git sha1 70a11c6bf0e8dd669f56c7da3587f78b405138e2, clang++ 17.0.0 -fPIC -O3)
Time spent: 42% 19x read_verilog (0 sec), 16% 1x abc9_exe (0 sec), ...
yosys -p "read_verilog ides8-io.v; synth_gowin -json ides8-io-tangmega138k-synth.json -family gw5a -setundef"

 /----------------------------------------------------------------------------\
 |  yosys -- Yosys Open SYnthesis Suite                                       |
 |  Copyright (C) 2012 - 2026  Claire Xenia Wolf <claire@yosyshq.com>         |
 |  Distributed under an ISC-like license, type "license" to see terms        |
 \----------------------------------------------------------------------------/
 Yosys 0.63 (git sha1 70a11c6bf0e8dd669f56c7da3587f78b405138e2, clang++ 17.0.0 -fPIC -O3)

-- Running command `read_verilog ovideo-io.v; synth_gowin -json ovideo-io-tangmega138k-synth.json -family gw5a -setundef' --

1. Executing Verilog-2005 frontend: ovideo-io.v
Parsing Verilog input from `ovideo-io.v' to AST representation.
Generating RTLIL representation for module `\top'.
Successfully finished Verilog frontend.

2. Executing SYNTH_GOWIN pass.

2.1. Executing Verilog-2005 frontend: /opt/homebrew/bin/../share/yosys/gowin/cells_sim.v

 /----------------------------------------------------------------------------\
 |  yosys -- Yosys Open SYnthesis Suite                                       |
 |  Copyright (C) 2012 - 2026  Claire Xenia Wolf <claire@yosyshq.com>         |
 |  Distributed under an ISC-like license, type "license" to see terms        |
 \----------------------------------------------------------------------------/
 Yosys 0.63 (git sha1 70a11c6bf0e8dd669f56c7da3587f78b405138e2, clang++ 17.0.0 -fPIC -O3)

-- Running command `read_verilog ides4-io.v; synth_gowin -json ides4-io-tangmega138k-synth.json -family gw5a -setundef' --

1. Executing Verilog-2005 frontend: ides4-io.v
Parsing Verilog input from `ides4-io.v' to AST representation.
Generating RTLIL representation for module `\top'.
Successfully finished Verilog frontend.

2. Executing SYNTH_GOWIN pass.

2.1. Executing Verilog-2005 frontend: /opt/homebrew/bin/../share/yosys/gowin/cells_sim.v

 /----------------------------------------------------------------------------\
 |  yosys -- Yosys Open SYnthesis Suite                                       |
 |  Copyright (C) 2012 - 2026  Claire Xenia Wolf <claire@yosyshq.com>         |
 |  Distributed under an ISC-like license, type "license" to see terms        |
 \----------------------------------------------------------------------------/
 Yosys 0.63 (git sha1 70a11c6bf0e8dd669f56c7da3587f78b405138e2, clang++ 17.0.0 -fPIC -O3)

-- Running command `read_verilog ides8-io.v; synth_gowin -json ides8-io-tangmega138k-synth.json -family gw5a -setundef' --

1. Executing Verilog-2005 frontend: ides8-io.v
Parsing Verilog input from `ides8-io.v' to AST representation.
Generating RTLIL representation for module `\top'.
Successfully finished Verilog frontend.

2. Executing SYNTH_GOWIN pass.

2.1. Executing Verilog-2005 frontend: /opt/homebrew/bin/../share/yosys/gowin/cells_sim.v
Parsing Verilog input from `/opt/homebrew/bin/../share/yosys/gowin/cells_sim.v' to AST representation.
Generating RTLIL representation for module `\LUT1'.
Generating RTLIL representation for module `\LUT2'.
Generating RTLIL representation for module `\LUT3'.
Generating RTLIL representation for module `\LUT4'.
Generating RTLIL representation for module `\__APICULA_LUT5'.
Generating RTLIL representation for module `\__APICULA_LUT6'.
Generating RTLIL representation for module `\__APICULA_LUT7'.
Generating RTLIL representation for module `\__APICULA_LUT8'.
Generating RTLIL representation for module `\MUX2'.
Generating RTLIL representation for module `\MUX2_LUT5'.
Generating RTLIL representation for module `\MUX2_LUT6'.
Generating RTLIL representation for module `\MUX2_LUT7'.
Generating RTLIL representation for module `\MUX2_LUT8'.
Generating RTLIL representation for module `\DFF'.
Generating RTLIL representation for module `\DFFE'.
Generating RTLIL representation for module `\DFFS'.
Generating RTLIL representation for module `\DFFSE'.
Generating RTLIL representation for module `\DFFR'.
Generating RTLIL representation for module `\DFFRE'.
Generating RTLIL representation for module `\DFFP'.
Generating RTLIL representation for module `\DFFPE'.
Generating RTLIL representation for module `\DFFC'.
Generating RTLIL representation for module `\DFFCE'.
Generating RTLIL representation for module `\DFFN'.
Generating RTLIL representation for module `\DFFNE'.
Generating RTLIL representation for module `\DFFNS'.
Generating RTLIL representation for module `\DFFNSE'.
Generating RTLIL representation for module `\DFFNR'.
Generating RTLIL representation for module `\DFFNRE'.
Generating RTLIL representation for module `\DFFNP'.
Generating RTLIL representation for module `\DFFNPE'.
Generating RTLIL representation for module `\DFFNC'.
Generating RTLIL representation for module `\DFFNCE'.
Generating RTLIL representation for module `\VCC'.
Generating RTLIL representation for module `\GND'.
Generating RTLIL representation for module `\IBUF'.
Generating RTLIL representation for module `\OBUF'.
Generating RTLIL representation for module `\TBUF'.
Generating RTLIL representation for module `\IOBUF'.
Generating RTLIL representation for module `\ELVDS_OBUF'.
Generating RTLIL representation for module `\TLVDS_OBUF'.
Generating RTLIL representation for module `\OSER4'.
Generating RTLIL representation for module `\OSER4_MEM'.
Generating RTLIL representation for module `\OSER8'.
Generating RTLIL representation for module `\OSER10'.
Generating RTLIL representation for module `\OVIDEO'.
Generating RTLIL representation for module `\OSER16'.
Generating RTLIL representation for module `\IDES4'.
Generating RTLIL representation for module `\IDES4_MEM'.
Generating RTLIL representation for module `\IDES8'.
Generating RTLIL representation for module `\IDES10'.
Generating RTLIL representation for module `\IVIDEO'.
Generating RTLIL representation for module `\IDES16'.
Generating RTLIL representation for module `\IDDR'.
Generating RTLIL representation for module `\IDDRC'.
Generating RTLIL representation for module `\DQS'.
Generating RTLIL representation for module `\ODDR'.
Generating RTLIL representation for module `\ODDRC'.
Generating RTLIL representation for module `\GSR'.
Generating RTLIL representation for module `\BANDGAP'.
Generating RTLIL representation for module `\ALU'.
Generating RTLIL representation for module `\RAM16S1'.
Generating RTLIL representation for module `\RAM16S2'.
Generating RTLIL representation for module `\RAM16S4'.
Generating RTLIL representation for module `\RAM16SDP1'.
Generating RTLIL representation for module `\RAM16SDP2'.
Generating RTLIL representation for module `\RAM16SDP4'.
Generating RTLIL representation for module `\SP'.
Generating RTLIL representation for module `\SPX9'.
Generating RTLIL representation for module `\SDP'.
Generating RTLIL representation for module `\SDPX9'.
Generating RTLIL representation for module `\DP'.
Generating RTLIL representation for module `\DPX9'.
Generating RTLIL representation for module `\rPLL'.
GeneratingParsing Verilog input from `/opt/homebrew/bin/../share/yosys/gowin/cells_sim.v' to AST representation.
Generating RTLIL representation for module `\LUT1'.
Generating RTLIL representation for module `\LUT2'.
Generating RTLIL representation for module `\LUT3'.
Generating RTLIL representation for module `\LUT4'.
Generating RTLIL representation for module `\__APICULA_LUT5'.
Generating RTLIL representation for module `\__APICULA_LUT6'.
Generating RTLIL representation for module `\__APICULA_LUT7'.
Generating RTLIL representation for module `\__APICULA_LUT8'.
Generating RTLIL representation for module `\MUX2'.
Generating RTLIL representation for module `\MUX2_LUT5'.
Generating RTLIL representation for module `\MUX2_LUT6'.
Generating RTLIL representation for module `\MUX2_LUT7'.
Generating RTLIL representation for module `\MUX2_LUT8'.
Generating RTLIL representation for module `\DFF'.
Generating RTLIL representation for module `\DFFE'.
Generating RTLIL representation for module `\DFFS'.
Generating RTLIL representation for module `\DFFSE'.
Generating RTLIL representation for module `\DFFR'.
Generating RTLIL representation for module `\DFFRE'.
Generating RTLIL representation for module `\DFFP'.
Generating RTLIL representation for module `\DFFPE'.
Generating RTLIL representation for module `\DFFC'.
Generating RTLIL representation for module `\DFFCE'.
Generating RTLIL representation for module `\DFFN'.
Generating RTLIL representation for module `\DFFNE'.
Generating RTLIL representation for module `\DFFNS'.
Generating RTLIL representation for module `\DFFNSE'.
Generating RTLIL representation for module `\DFFNR'.
Generating RTLIL representation for module `\DFFNRE'.
Generating RTLIL representation for module `\DFFNP'.
Generating RTLIL representation for module `\DFFNPE'.
Generating RTLIL representation for module `\DFFNC'.
Generating RTLIL representation for module `\DFFNCE'.
Generating RTLIL representation for module `\VCC'.
Generating RTLIL representation for module `\GND'.
Generating RTLIL representation for module `\IBUF'.
Generating RTLIL representation for module `\OBUF'.
Generating RTLIL representation for module `\TBUF'.
Generating RTLIL representation for module `\IOBUF'.
Generating RTLIL representation for module `\ELVDS_OBUF'.
Generating RTLIL representation for module `\TLVDS_OBUF'.
Generating RTLIL representation for module `\OSER4'.
Generating RTLIL representation for module `\OSER4_MEM'.
Generating RTLIL representation for module `\OSER8'.
Generating RTLIL representation for module `\OSER10'.
Generating RTLIL representation for module `\OVIDEO'.
Generating RTLIL representation for module `\OSER16'.
Generating RTLIL representation for module `\IDES4'.
Generating RTLIL representation for module `\IDES4_MEM'.
Generating RTLIL representation for module `\IDES8'.
Generating RTLIL representation for module `\IDES10'.
Generating RTLIL representation for module `\IVIDEO'.
Generating RTLIL representation for module `\IDES16'.
Generating RTLIL representation for module `\IDDR'.
Generating RTLIL representation for module `\IDDRC'.
Generating RTLIL representation for module `\DQS'.
Generating RTLIL representation for module `\ODDR'.
Generating RTLIL representation for module `\ODDRC'.
Generating RTLIL representation for module `\GSR'.
Generating RTLIL representation for module `\BANDGAP'.
Generating RTLIL representation for module `\ALU'.
Generating RTLIL representation for module `\RAM16S1'.
Generating RTLIL representation for module `\RAM16S2'.
Generating RTLIL representation for module `\RAM16S4'.
Generating RTLIL representation for module `\RAM16SDP1'.
Generating RTLIL representation for module `\RAM16SDP2'.
Generating RTLIL representation for module `\RAM16SDP4'.
Generating RTLIL representation for module `\SP'.
Generating RTLIL representation for module `\SPX9'.
Generating RTLIL representation for module `\SDP'.
Generating RTLIL representation for module `\SDPX9'.
Generating RTLIL representation for module `\DP'.
Generating RTLIL representation for module `\DPX9'.
Generating RTLIL representation for module `\rPLL'.
Generating RTLIL representation for module `\PLLVR'.
Generating RTLIL representation for module `\OSC'.
Generating RTLIL representation for module `\OSCZ'.
Generating RTLIL representation for module `\OSCF'.
Generating RTLIL representation for module `\OSCH'.
Generating RTLIL representation for module `\OSCW'.
Generating RTLIL representation for module `\OSCO'.
Generating RTLIL representation for module `\EMCU'.
Successfully finished Verilog frontend.

2.2. Executing Verilog-2005 frontend: /opt/homebrew/bin/../share/yosys/gowin/cells_xtra_gw5a.v
 RTLIL representation for module `\PLLVR'.
Generating RTLIL representation for module `\OSC'.
Generating RTLIL representation for module `\OSCZ'.
Generating RTLIL representation for module `\OSCF'.
Generating RTLIL representation for module `\OSCH'.
Generating RTLIL representation for module `\OSCW'.
Generating RTLIL representation for module `\OSCO'.
Generating RTLIL representation for module `\EMCU'.
Successfully finished Verilog frontend.

2.2. Executing Verilog-2005 frontend: /opt/homebrew/bin/../share/yosys/gowin/cells_xtra_gw5a.v
Parsing Verilog input from `/opt/homebrew/bin/../share/yosys/gowin/cells_sim.v' to AST representation.
Generating RTLIL representation for module `\LUT1'.
Generating RTLIL representation for module `\LUT2'.
Generating RTLIL representation for module `\LUT3'.
Generating RTLIL representation for module `\LUT4'.
Generating RTLIL representation for module `\__APICULA_LUT5'.
Generating RTLIL representation for module `\__APICULA_LUT6'.
Generating RTLIL representation for module `\__APICULA_LUT7'.
Generating RTLIL representation for module `\__APICULA_LUT8'.
Generating RTLIL representation for module `\MUX2'.
Generating RTLIL representation for module `\MUX2_LUT5'.
Generating RTLIL representation for module `\MUX2_LUT6'.
Generating RTLIL representation for module `\MUX2_LUT7'.
Generating RTLIL representation for module `\MUX2_LUT8'.
Generating RTLIL representation for module `\DFF'.
Generating RTLIL representation for module `\DFFE'.
Generating RTLIL representation for module `\DFFS'.
Generating RTLIL representation for module `\DFFSE'.
Generating RTLIL representation for module `\DFFR'.
Generating RTLIL representation for module `\DFFRE'.
Generating RTLIL representation for module `\DFFP'.
Generating RTLIL representation for module `\DFFPE'.
Generating RTLIL representation for module `\DFFC'.
Generating RTLIL representation for module `\DFFCE'.
Generating RTLIL representation for module `\DFFN'.
Generating RTLIL representation for module `\DFFNE'.
Generating RTLIL representation for module `\DFFNS'.
Generating RTLIL representation for module `\DFFNSE'.
Generating RTLIL representation for module `\DFFNR'.
Generating RTLIL representation for module `\DFFNRE'.
Generating RTLIL representation for module `\DFFNP'.
Generating RTLIL representation for module `\DFFNPE'.
Generating RTLIL representation for module `\DFFNC'.
Generating RTLIL representation for module `\DFFNCE'.
Generating RTLIL representation for module `\VCC'.
Generating RTLIL representation for module `\GND'.
Generating RTLIL representation for module `\IBUF'.
Generating RTLIL representation for module `\OBUF'.
Generating RTLIL representation for module `\TBUF'.
Generating RTLIL representation for module `\IOBUF'.
Generating RTLIL representation for module `\ELVDS_OBUF'.
Generating RTLIL representation for module `\TLVDS_OBUF'.
Generating RTLIL representation for module `\OSER4'.
Generating RTLIL representation for module `\OSER4_MEM'.
Generating RTLIL representation for module `\OSER8'.
Generating RTLIL representation for module `\OSER10'.
Generating RTLIL representation for module `\OVIDEO'.
Generating RTLIL representation for module `\OSER16'.
Generating RTLIL representation for module `\IDES4'.
Generating RTLIL representation for module `\IDES4_MEM'.
Generating RTLIL representation for module `\IDES8'.
Generating RTLIL representation for module `\IDES10'.
Generating RTLIL representation for module `\IVIDEO'.
Generating RTLIL representation for module `\IDES16'.
Generating RTLIL representation for module `\IDDR'.
Generating RTLIL representation for module `\IDDRC'.
Generating RTLIL representation for module `\DQS'.
Generating RTLIL representation for module `\ODDR'.
Generating RTLIL representation for module `\ODDRC'.
Generating RTLIL representation for module `\GSR'.
Generating RTLIL representation for module `\BANDGAP'.
Generating RTLIL representation for module `\ALU'.
Generating RTLIL representation for module `\RAM16S1'.
Generating RTLIL representation for module `\RAM16S2'.
Generating RTLIL representation for module `\RAM16S4'.
Generating RTLIL representation for module `\RAM16SDP1'.
Generating RTLIL representation for module `\RAM16SDP2'.
Generating RTLIL representation for module `\RAM16SDP4'.
Generating RTLIL representation for module `\SP'.
Generating RTLIL representation for module `\SPX9'.
Generating RTLIL representation for module `\SDP'.
Generating RTLIL representation for module `\SDPX9'.
Generating RTLIL representation for module `\DP'.
Generating RTLIL representation for module `\DPX9'.
Generating RTLIL representation for module `\rPLL'.
Generating RTLIL representation for module `\PLLVR'.
Generating RTLIL representation for module `\OSC'.
Generating RTLIL representation for module `\OSCZ'.
Generating RTLIL representation for module `\OSCF'.
Generating RTLIL representation for module `\OSCH'.
Generating RTLIL representation for module `\OSCW'.
Generating RTLIL representation for module `\OSCO'.
Generating RTLIL representation for module `\EMCU'.
Successfully finished Verilog frontend.

2.2. Executing Verilog-2005 frontend: /opt/homebrew/bin/../share/yosys/gowin/cells_xtra_gw5a.v
Parsing Verilog input from `/opt/homebrew/bin/../share/yosys/gowin/cells_xtra_gw5a.v' to AST representation.
Generating RTLIL representation for module `\LUT5'.
Generating RTLIL representation for module `\LUT6'.
Generating RTLIL representation for module `\LUT7'.
Generating RTLIL representation for module `\LUT8'.
Generating RTLIL representation for module `\ROM16'.
Generating RTLIL representation for module `\INV'.
Generating RTLIL representation for module `\TLVDS_IBUF'.
Generating RTLIL representation for module `\TLVDS_TBUF'.
Generating RTLIL representation for module `\TLVDS_IOBUF'.
Generating RTLIL representation for module `\ELVDS_TBUF'.
Generating RTLIL representation for module `\ELVDS_IOBUF'.
Generating RTLIL representation for module `\MIPI_IBUF'.
Generating RTLIL representation for module `\MIPI_OBUF_A'.
Generating RTLIL representation for module `\ELVDS_IOBUF_R'.
Generating RTLIL representation for module `\I3C_IOBUF'.
Generating RTLIL representation for module `\TLVDS_IBUF_ADC'.
Generating RTLIL representation for module `\MIPI_CPHY_IBUF'.
Generating RTLIL representation for module `\MIPI_CPHY_OBUF'.
Generating RTLIL representation for module `\SDPB'.
Generating RTLIL representation for module `\SDPX9B'.
Generating RTLIL representation for module `\DPB'.
Generating RTLIL representation for module `\DPX9B'.
Generating RTLIL representation for module `\pROM'.
Generating RTLIL representation for module `\pROMX9'.
Generating RTLIL representation for module `\SDP36KE'.
Generating RTLIL representation for module `\SDP136K'.
Generating RTLIL representation for module `\MULTADDALU12X12'.
Generating RTLIL representation for module `\MULTALU27X18'.
Generating RTLIL representation for module `\MULT12X12'.
Generating RTLIL representation for module `\MULT27X36'.
Generating RTLIL representation for module `\MULTACC'.
Generating RTLIL representation for module `\IDDR_MEM'.
Generating RTLIL representation for module `\ODDR_MEM'.
Replacing existing blackbox module `\IDES4_MEM' at /opt/homebrew/bin/../share/yosys/gowin/cells_xtra_gw5a.v:1033.1-1038.10.
Generating RTLIL representation for module `\IDES4_MEM'.
Generating RTLIL representation for module `\IDES8_MEM'.
Generating RTLIL representation for module `\IDES14'.
Generating RTLIL representation for module `\IDES32'.
Replacing existing blackbox module `\OSER4_MEM' at /opt/homebrew/bin/../share/yosys/gowin/cells_xtra_gw5a.v:1062.1-1070.10.
Generating RTLIL representation for module `\OSER4_MEM'.
Generating RTLIL representation for module `\OSER8_MEM'.
Generating RTLIL representation for module `\OSER14'.
Generating RTLIL representation for module `\IODELAY'.
Generating RTLIL representation for module `\OSIDES32'.
Generating RTLIL representation for module `\OSIDES64'.
Generating RTLIL representation for module `\DCE'.
Generating RTLIL representation for module `\DCS'.
Generating RTLIL representation for module `\DDRDLL'.
Generating RTLIL representation for module `\DLLDLY'.
Generating RTLIL representation for module `\CLKDIV'.
Generating RTLIL representation for module `\CLKDIV2'.
Generating RTLIL representation for module `\DHCE'.
Generating RTLIL representation for module `\OSCA'.
Generating RTLIL representation for module `\OSCB'.
Generating RTLIL representation for module `\PLL'.
Generating RTLIL representation for module `\PLLA'.
Generating RTLIL representation for module `\AE350_SOC'.
Generating RTLIL representation for module `\AE350_RAM'.
Generating RTLIL representation for module `\SAMB'.
Generating RTLIL representation for module `\OTP'.
Generating RTLIL representation for module `\CMSER'.
Generating RTLIL representation for module `\CMSERA'.
Generating RTLIL representation for module `\CMSERB'.
Generating RTLIL representation for module `\SAMBA'.
Generating RTLIL representation for module `\LICD'.
Generating RTLIL representation for module `\MIPI_DPHY'.
Generating RTLIL representation for module `\MIPI_DPHYA'.
Generating RTLIL representation for module `\MIPI_CPHY'.
Generating RTLIL representation for module `\GTR12_QUAD'.
Generating RTLIL representation for module `\GTR12_UPAR'.
Generating RTLIL representation for module `\GTR12_PMAC'.
Generating RTLIL representation for module `\GTR12_QUADA'.
Generating RTLIL representation for module `\GTR12_UPARA'.
Generating RTLIL representation for module `\GTR12_PMACA'.
Generating RTLIL representation for module `\GTR12_QUADB'.
Replacing existing blackbox module `\DQS' at /opt/homebrew/bin/../share/yosys/gowin/cells_xtra_gw5a.v:2512.1-2527.10.
Generating RTLIL representation for module `\DQS'.
Generating RTLIL representation for module `\ADCLRC'.
Generating RTLIL representation for module `\ADCULC'.
Generating RTLIL representation for module `\ADC'.
Generating RTLIL representation for module `\ADC_SAR'.
Generating RTLIL representation for module `\ADCA'.
Successfully finished Verilog frontend.

2.3. Executing HIERARCHY pass (managing design hierarchy).

2.3.1. Finding top of design hierarchy..
root of   1 design levels: top                 
Automatically selected top as design top module.

2.3.2. Analyzing design hierarchy..
Top module:  \top

2.3.3. Analyzing design hierarchy..
Top module:  \top
Removed 0 unused modules.
Parsing Verilog input from `/opt/homebrew/bin/../share/yosys/gowin/cells_xtra_gw5a.v' to AST representation.
Generating RTLIL representation for module `\LUT5'.
Generating RTLIL representation for module `\LUT6'.
Generating RTLIL representation for module `\LUT7'.
Generating RTLIL representation for module `\LUT8'.
Generating RTLIL representation for module `\ROM16'.
Generating RTLIL representation for module `\INV'.
Generating RTLIL representation for module `\TLVDS_IBUF'.
Generating RTLIL representation for module `\TLVDS_TBUF'.
Generating RTLIL representation for module `\TLVDS_IOBUF'.
Generating RTLIL representation for module `\ELVDS_TBUF'.
Generating RTLIL representation for module `\ELVDS_IOBUF'.
Generating RTLIL representation for module `\MIPI_IBUF'.
Generating RTLIL representation for module `\MIPI_OBUF_A'.
Generating RTLIL representation for module `\ELVDS_IOBUF_R'.
Generating RTLIL representation for module `\I3C_IOBUF'.
Generating RTLIL representation for module `\TLVDS_IBUF_ADC'.
Generating RTLIL representation for module `\MIPI_CPHY_IBUF'.
Generating RTLIL representation for module `\MIPI_CPHY_OBUF'.
Generating RTLIL representation for module `\SDPB'.
Generating RTLIL representation for module `\SDPX9B'.
Generating RTLIL representation for module `\DPB'.
Generating RTLIL representation for module `\DPX9B'.
Generating RTLIL representation for module `\pROM'.
Generating RTLIL representation for module `\pROMX9'.
Generating RTLIL representation for module `\SDP36KE'.
Generating RTLIL representation for module `\SDP136K'.
Generating RTLIL representation for module `\MULTADDALU12X12'.
Generating RTLIL representation for module `\MULTALU27X18'.
Generating RTLIL representation for module `\MULT12X12'.
Generating RTLIL representation for module `\MULT27X36'.
Generating RTLIL representation for module `\MULTACC'.
Generating RTLIL representation for module `\IDDR_MEM'.
Generating RTLIL representation for module `\ODDR_MEM'.
Replacing existing blackbox module `\IDES4_MEM' at /opt/homebrew/bin/../share/yosys/gowin/cells_xtra_gw5a.v:1033.1-1038.10.
Generating RTLIL representation for module `\IDES4_MEM'.
Generating RTLIL representation for module `\IDES8_MEM'.
Generating RTLIL representation for module `\IDES14'.
Generating RTLIL representation for module `\IDES32'.
Replacing existing blackbox module `\OSER4_MEM' at /opt/homebrew/bin/../share/yosys/gowin/cells_xtra_gw5a.v:1062.1-1070.10.
Generating RTLIL representation for module `\OSER4_MEM'.
Generating RTLIL representation for module `\OSER8_MEM'.
Generating RTLIL representation for module `\OSER14'.
Generating RTLIL representation for module `\IODELAY'.
Generating RTLIL representation for module `\OSIDES32'.
Generating RTLIL representation for module `\OSIDES64'.
Generating RTLIL representation for module `\DCE'.
Generating RTLIL representation for module `\DCS'.
Generating RTLIL representation for module `\DDRDLL'.
Generating RTLIL representation for module `\DLLDLY'.
Generating RTLIL representation for module `\CLKDIV'.
Generating RTLIL representation for module `\CLKDIV2'.
Generating RTLIL representation for module `\DHCE'.
Generating RTLIL representation for module `\OSCA'.
Generating RTLIL representation for module `\OSCB'.
Generating RTLIL representation for module `\PLL'.
Generating RTLIL representation for module `\PLLA'.
Generating RTLIL representation for module `\AE350_SOC'.
Generating RTLIL representation for module `\AE350_RAM'.
Generating RTLIL representation for module `\SAMB'.
Generating RTLIL representation for module `\OTP'.
Generating RTLIL representation for module `\CMSER'.
Generating RTLIL representation for module `\CMSERA'.
Generating RTLIL representation for module `\CMSERB'.
Generating RTLIL representation for module `\SAMBA'.
Generating RTLIL representation for module `\LICD'.
Generating RTLIL representation for module `\MIPI_DPHY'.
Generating RTLIL representation for module `\MIPI_DPHYA'.
Generating RTLIL representation for module `\MIPI_CPHY'.
Generating RTLIL representation for module `\GTR12_QUAD'.
Generating RTLIL representation for module `\GTR12_UPAR'.
Generating RTLIL representation for module `\GTR12_PMAC'.
Generating RTLIL representation for module `\GTR12_QUADA'.
Generating RTLIL representation for module `\GTR12_UPARA'.
Generating RTLIL representation for module `\GTR12_PMACA'.
Generating RTLIL representation for module `\GTR12_QUADB'.
Replacing existing blackbox module `\DQS' at /opt/homebrew/bin/../share/yosys/gowin/cells_xtra_gw5a.v:2512.1-2527.10.
Generating RTLIL representation for module `\DQS'.
Generating RTLIL representation for module `\ADCLRC'.
Generating RTLIL representation for module `\ADCULC'.
Generating RTLIL representation for module `\ADC'.
Generating RTLIL representation for module `\ADC_SAR'.
Generating RTLIL representation for module `\ADCA'.
Successfully finished Verilog frontend.

2.3. Executing HIERARCHY pass (managing design hierarchy).

2.3.1. Finding top of design hierarchy..
root of   1 design levels: top                 
Automatically selected top as design top module.

2.3.2. Analyzing design hierarchy..
Top module:  \top

2.3.3. Analyzing design hierarchy..

2.4. Executing PROC pass (convert processes to netlists).

2.4.1. Executing PROC_CLEAN pass (remove empty switches from decision trees).
Cleaned up 0 empty switches.

2.4.2. Executing PROC_RMDEAD pass (remove dead branches from decision trees).
Top module:  \top
Removed 0 unused modules.
Removed a total of 0 dead cases.

2.4.3. Executing PROC_PRUNE pass (remove redundant assignments in processes).
Removed 0 redundant assignments.
Promoted 0 assignments to connections.

2.4.4. Executing PROC_INIT pass (extract init attributes).

2.4.5. Executing PROC_ARST pass (detect async resets in processes).

2.4.6. Executing PROC_ROM pass (convert switches to ROMs).
Converted 0 switches.

2.4.7. Executing PROC_MUX pass (convert decision trees to multiplexers).

2.4.8. Executing PROC_DLATCH pass (convert process syncs to latches).

2.4. Executing PROC pass (convert processes to netlists).

2.4.1. Executing PROC_CLEAN pass (remove empty switches from decision trees).
Cleaned up 0 empty switches.

2.4.2. Executing PROC_RMDEAD pass (remove dead branches from decision trees).
Removed a total of 0 dead cases.

2.4.3. Executing PROC_PRUNE pass (remove redundant assignments in processes).
Removed 0 redundant assignments.
Promoted 0 assignments to connections.

2.4.4. Executing PROC_INIT pass (extract init attributes).

2.4.5. Executing PROC_ARST pass (detect async resets in processes).

2.4.6. Executing PROC_ROM pass (convert switches to ROMs).
Converted 0 switches.

2.4.7. Executing PROC_MUX pass (convert decision trees to multiplexers).

2.4.8. Executing PROC_DLATCH pass (convert process syncs to latches).

2.4.9. Executing PROC_DFF pass (convert process syncs to FFs).

2.4.10. Executing PROC_MEMWR pass (convert process memory writes to cells).

2.4.11. Executing PROC_CLEAN pass (remove empty switches from decision trees).
Cleaned up 0 empty switches.

2.4.12. Executing OPT_EXPR pass (perform const folding).

2.4.9. Executing PROC_DFF pass (convert process syncs to FFs).

2.4.10. Executing PROC_MEMWR pass (convert process memory writes to cells).

2.4.11. Executing PROC_CLEAN pass (remove empty switches from decision trees).
Cleaned up 0 empty switches.

2.4.12. Executing OPT_EXPR pass (perform const folding).
Optimizing module top.

2.5. Executing FLATTEN pass (flatten design).

2.6. Executing TRIBUF pass.

2.7. Executing DEMINOUT pass (demote inout ports to input or output).
Optimizing module top.

2.8. Executing OPT_EXPR pass (perform const folding).

2.5. Executing FLATTEN pass (flatten design).

2.6. Executing TRIBUF pass.

2.7. Executing DEMINOUT pass (demote inout ports to input or output).

2.8. Executing OPT_EXPR pass (perform const folding).
Optimizing module top.

2.9. Executing OPT_CLEAN pass (remove unused cells and wires).
Parsing Verilog input from `/opt/homebrew/bin/../share/yosys/gowin/cells_xtra_gw5a.v' to AST representation.
Generating RTLIL representation for module `\LUT5'.
Generating RTLIL representation for module `\LUT6'.
Generating RTLIL representation for module `\LUT7'.
Generating RTLIL representation for module `\LUT8'.
Generating RTLIL representation for module `\ROM16'.
Generating RTLIL representation for module `\INV'.
Generating RTLIL representation for module `\TLVDS_IBUF'.
Generating RTLIL representation for module `\TLVDS_TBUF'.
Generating RTLIL representation for module `\TLVDS_IOBUF'.
Generating RTLIL representation for module `\ELVDS_TBUF'.
Generating RTLIL representation for module `\ELVDS_IOBUF'.
Generating RTLIL representation for module `\MIPI_IBUF'.
Generating RTLIL representation for module `\MIPI_OBUF_A'.
Generating RTLIL representation for module `\ELVDS_IOBUF_R'.
Generating RTLIL representation for module `\I3C_IOBUF'.
Generating RTLIL representation for module `\TLVDS_IBUF_ADC'.
Generating RTLIL representation for module `\MIPI_CPHY_IBUF'.
Generating RTLIL representation for module `\MIPI_CPHY_OBUF'.
Generating RTLIL representation for module `\SDPB'.
Generating RTLIL representation for module `\SDPX9B'.
Generating RTLIL representation for module `\DPB'.
Generating RTLIL representation for module `\DPX9B'.
Generating RTLIL representation for module `\pROM'.
Generating RTLIL representation for module `\pROMX9'.
Generating RTLIL representation for module `\SDP36KE'.
Generating RTLIL representation for module `\SDP136K'.
Generating RTLIL representation for module `\MULTADDALU12X12'.
Generating RTLIL representation for module `\MULTALU27X18'.
Generating RTLIL representation for module `\MULT12X12'.
Generating RTLIL representation for module `\MULT27X36'.
Generating RTLIL representation for module `\MULTACC'.
Generating RTLIL representation for module `\IDDR_MEM'.
Generating RTLIL representation for module `\ODDR_MEM'.
Replacing existing blackbox module `\IDES4_MEM' at /opt/homebrew/bin/../share/yosys/gowin/cells_xtra_gw5a.v:1033.1-1038.10.
Generating RTLIL representation for module `\IDES4_MEM'.
Generating RTLIL representation for module `\IDES8_MEM'.
Generating RTLIL representation for module `\IDES14'.
Generating RTLIL representation for module `\IDES32'.
Replacing existing blackbox module `\OSER4_MEM' at /opt/homebrew/bin/../share/yosys/gowin/cells_xtra_gw5a.v:1062.1-1070.10.
Generating RTLIL representation for module `\OSER4_MEM'.
Generating RTLIL representation for module `\OSER8_MEM'.
Generating RTLIL representation for module `\OSER14'.
Generating RTLIL representation for module `\IODELAY'.
Generating RTLIL representation for module `\OSIDES32'.
Generating RTLIL representation for module `\OSIDES64'.
Generating RTLIL representation for module `\DCE'.
Generating RTLIL representation for module `\DCS'.
Generating RTLIL representation for module `\DDRDLL'.
Generating RTLIL representation for module `\DLLDLY'.
Generating RTLIL representation for module `\CLKDIV'.
Generating RTLIL representation for module `\CLKDIV2'.
Generating RTLIL representation for module `\DHCE'.
Generating RTLIL representation for module `\OSCA'.
Generating RTLIL representation for module `\OSCB'.
Generating RTLIL representation for module `\PLL'.
Generating RTLIL representation for module `\PLLA'.
Generating RTLIL representation for module `\AE350_SOC'.
Generating RTLIL representation for module `\AE350_RAM'.
Generating RTLIL representation for module `\SAMB'.
Generating RTLIL representation for module `\OTP'.
Generating RTLIL representation for module `\CMSER'.
Generating RTLIL representation for module `\CMSERA'.
Generating RTLIL representation for module `\CMSERB'.
Generating RTLIL representation for module `\SAMBA'.
Generating RTLIL representation for module `\LICD'.
Generating RTLIL representation for module `\MIPI_DPHY'.
Generating RTLIL representation for module `\MIPI_DPHYA'.
Generating RTLIL representation for module `\MIPI_CPHY'.
Generating RTLIL representation for module `\GTR12_QUAD'.
Generating RTLIL representation for mFinding unused cells or wires in module \top..
Optimizing module top.
odule `\GTR12_UPAR'.
Generating RTLIL representation for module `\GTR12_PMAC'.
Generating RTLIL representation for module `\GTR12_QUADA'.
Generating RTLIL representation for module `\GTR12_UPARA'.
Generating RTLIL representation for module `\GTR12_PMACA'.
Generating RTLIL representation for module `\GTR12_QUADB'.
Replacing existing blackbox module `\DQS' at /opt/homebrew/bin/../share/yosys/gowin/cells_xtra_gw5a.v:2512.1-2527.10.
Generating RTLIL representation for module `\DQS'.
Generating RTLIL representation for module `\ADCLRC'.
Generating RTLIL representation for module `\ADCULC'.
Generating RTLIL representation for module `\ADC'.
Generating RTLIL representation for module `\ADC_SAR'.
Generating RTLIL representation for module `\ADCA'.
Successfully finished Verilog frontend.

2.3. Executing HIERARCHY pass (managing design hierarchy).

2.3.1. Finding top of design hierarchy..
root of   1 design levels: top                 
Automatically selected top as design top module.

2.3.2. Analyzing design hierarchy..
Top module:  \top

2.3.3. Analyzing design hierarchy..

2.9. Executing OPT_CLEAN pass (remove unused cells and wires).
Top module:  \top
Removed 0 unused modules.

2.10. Executing CHECK pass (checking for obvious problems).

2.4. Executing PROC pass (convert processes to netlists).

2.4.1. Executing PROC_CLEAN pass (remove empty switches from decision trees).
Cleaned up 0 empty switches.

2.4.2. Executing PROC_RMDEAD pass (remove dead branches from decision trees).
Removed a total of 0 dead cases.

2.4.3. Executing PROC_PRUNE pass (remove redundant assignments in processes).
Removed 0 redundant assignments.
Promoted 0 assignments to connections.

2.4.4. Executing PROC_INIT pass (extract init attributes).

2.4.5. Executing PROC_ARST pass (detect async resets in processes).

2.4.6. Executing PROC_ROM pass (convert switches to ROMs).
Converted 0 switches.

2.4.7. Executing PROC_MUX pass (convert decision trees to multiplexers).

2.4.8. Executing PROC_DLATCH pass (convert process syncs to latches).

2.4.9. Executing PROC_DFF pass (convert process syncs to FFs).

2.4.10. Executing PROC_MEMWR pass (convert process memory writes to cells).

2.4.11. Executing PROC_CLEAN pass (remove empty switches from decision trees).
Cleaned up 0 empty switches.

2.4.12. Executing OPT_EXPR pass (perform const folding).
Checking module top...
Found and reported 0 problems.

2.11. Executing OPT pass (performing simple optimizations).

2.11.1. Executing OPT_EXPR pass (perform const folding).
Finding unused cells or wires in module \top..
Optimizing module top.

2.10. Executing CHECK pass (checking for obvious problems).
Checking module top...
Found and reported 0 problems.

2.11. Executing OPT pass (performing simple optimizations).

2.11.1. Executing OPT_EXPR pass (perform const folding).

2.5. Executing FLATTEN pass (flatten design).
Optimizing module top.

2.11.2. Executing OPT_MERGE pass (detect identical cells).
Optimizing module top.

2.11.2. Executing OPT_MERGE pass (detect identical cells).
Finding identical cells in module `\top'.
Computing hashes of 2 cells of `\top'.
Finding duplicate cells in `\top'.
Removed a total of 0 cells.

2.11.3. Executing OPT_MUXTREE pass (detect dead branches in mux trees).

2.6. Executing TRIBUF pass.
Running muxtree optimizer on module \top..
  Creating internal representation of mux trees.
  No muxes found in this module.
Removed 0 multiplexer ports.

2.11.4. Executing OPT_REDUCE pass (consolidate $*mux and $reduce_* inputs).
  Optimizing cells in module \top.
Performed a total of 0 changes.

2.11.5. Executing OPT_MERGE pass (detect identical cells).
Finding identical cells in module `\top'.
Computing hashes of 2 cells of `\top'.
Finding duplicate cells in `\top'.
Removed a total of 0 cells.

2.11.6. Executing OPT_DFF pass (perform DFF optimizations).
Finding identical cells in module `\top'.
Computing hashes of 2 cells of `\top'.
Finding duplicate cells in `\top'.
Removed a total of 0 cells.

2.11.3. Executing OPT_MUXTREE pass (detect dead branches in mux trees).
Running muxtree optimizer on module \top..
  Creating internal representation of mux trees.
  No muxes found in this module.
Removed 0 multiplexer ports.

2.11.4. Executing OPT_REDUCE pass (consolidate $*mux and $reduce_* inputs).
  Optimizing cells in module \top.
Performed a total of 0 changes.

2.11.5. Executing OPT_MERGE pass (detect identical cells).

2.7. Executing DEMINOUT pass (demote inout ports to input or output).

2.8. Executing OPT_EXPR pass (perform const folding).

2.11.7. Executing OPT_CLEAN pass (remove unused cells and wires).
Finding identical cells in module `\top'.
Computing hashes of 2 cells of `\top'.
Finding duplicate cells in `\top'.
Removed a total of 0 cells.

2.11.6. Executing OPT_DFF pass (perform DFF optimizations).
Optimizing module top.
Finding unused cells or wires in module \top..

2.11.7. Executing OPT_CLEAN pass (remove unused cells and wires).

2.11.8. Executing OPT_EXPR pass (perform const folding).

2.9. Executing OPT_CLEAN pass (remove unused cells and wires).
Optimizing module top.

2.11.9. Finished fast OPT passes. (There is nothing left to do.)
Finding unused cells or wires in module \top..

2.11.8. Executing OPT_EXPR pass (perform const folding).

2.12. Executing FSM pass (extract and optimize FSM).

2.12.1. Executing FSM_DETECT pass (finding FSMs in design).

2.12.2. Executing FSM_EXTRACT pass (extracting FSM from design).

2.12.3. Executing FSM_OPT pass (simple optimizations of FSMs).

2.12.4. Executing OPT_CLEAN pass (remove unused cells and wires).
Finding unused cells or wires in module \top..

2.12.5. Executing FSM_OPT pass (simple optimizations of FSMs).

2.12.6. Executing FSM_RECODE pass (re-assigning FSM state encoding).

2.12.7. Executing FSM_INFO pass (dumping all available information on FSM cells).

2.12.8. Executing FSM_MAP pass (mapping FSMs to basic logic).
Optimizing module top.

2.13. Executing OPT pass (performing simple optimizations).

2.13.1. Executing OPT_EXPR pass (perform const folding).
Optimizing module top.

2.13.2. Executing OPT_MERGE pass (detect identical cells).

2.11.9. Finished fast OPT passes. (There is nothing left to do.)
Finding identical cells in module `\top'.
Computing hashes of 2 cells of `\top'.
Finding duplicate cells in `\top'.
Removed a total of 0 cells.

2.13.3. Executing OPT_MUXTREE pass (detect dead branches in mux trees).
Running muxtree optimizer on module \top..
  Creating internal representation of mux trees.
  No muxes found in this module.
Removed 0 multiplexer ports.

2.13.4. Executing OPT_REDUCE pass (consolidate $*mux and $reduce_* inputs).
  Optimizing cells in module \top.
Performed a total of 0 changes.

2.13.5. Executing OPT_MERGE pass (detect identical cells).
Finding identical cells in module `\top'.
Computing hashes of 2 cells of `\top'.
Finding duplicate cells in `\top'.
Removed a total of 0 cells.

2.13.6. Executing OPT_DFF pass (perform DFF optimizations).

2.12. Executing FSM pass (extract and optimize FSM).

2.12.1. Executing FSM_DETECT pass (finding FSMs in design).

2.13.7. Executing OPT_CLEAN pass (remove unused cells and wires).

2.12.2. Executing FSM_EXTRACT pass (extracting FSM from design).
Finding unused cells or wires in module \top..
Finding unused cells or wires in module \top..

2.13.8. Executing OPT_EXPR pass (perform const folding).
Optimizing module top.

2.13.9. Finished fast OPT passes. (There is nothing left to do.)

2.14. Executing WREDUCE pass (reducing word size of cells).

2.15. Executing PEEPOPT pass (run peephole optimizers).

2.10. Executing CHECK pass (checking for obvious problems).

2.16. Executing OPT_CLEAN pass (remove unused cells and wires).
Checking module top...
Found and reported 0 problems.

2.11. Executing OPT pass (performing simple optimizations).

2.11.1. Executing OPT_EXPR pass (perform const folding).

2.12.3. Executing FSM_OPT pass (simple optimizations of FSMs).

2.12.4. Executing OPT_CLEAN pass (remove unused cells and wires).
Finding unused cells or wires in module \top..

2.17. Executing SHARE pass (SAT-based resource sharing).
Optimizing module top.

2.11.2. Executing OPT_MERGE pass (detect identical cells).
Finding identical cells in module `\top'.
Computing hashes of 2 cells of `\top'.
Finding duplicate cells in `\top'.
Removed a total of 0 cells.

2.11.3. Executing OPT_MUXTREE pass (detect dead branches in mux trees).
Running muxtree optimizer on module \top..
  Creating internal representation of mux trees.
  No muxes found in this module.
Removed 0 multiplexer ports.

2.11.4. Executing OPT_REDUCE pass (consolidate $*mux and $reduce_* inputs).
  Optimizing cells in module \top.
Performed a total of 0 changes.

2.11.5. Executing OPT_MERGE pass (detect identical cells).
Finding identical cells in module `\top'.
Computing hashes of 2 cells of `\top'.
Finding duplicate cells in `\top'.
Removed a total of 0 cells.

2.11.6. Executing OPT_DFF pass (perform DFF optimizations).

2.11.7. Executing OPT_CLEAN pass (remove unused cells and wires).
Finding unused cells or wires in module \top..

2.11.8. Executing OPT_EXPR pass (perform const folding).
Finding unused cells or wires in module \top..

2.12.5. Executing FSM_OPT pass (simple optimizations of FSMs).

2.12.6. Executing FSM_RECODE pass (re-assigning FSM state encoding).

2.12.7. Executing FSM_INFO pass (dumping all available information on FSM cells).

2.12.8. Executing FSM_MAP pass (mapping FSMs to basic logic).
Optimizing module top.

2.13. Executing OPT pass (performing simple optimizations).

2.13.1. Executing OPT_EXPR pass (perform const folding).
Optimizing module top.

2.11.9. Finished fast OPT passes. (There is nothing left to do.)

2.13.2. Executing OPT_MERGE pass (detect identical cells).

2.12. Executing FSM pass (extract and optimize FSM).

2.12.1. Executing FSM_DETECT pass (finding FSMs in design).

2.12.2. Executing FSM_EXTRACT pass (extracting FSM from design).
Finding identical cells in module `\top'.
Computing hashes of 2 cells of `\top'.
Finding duplicate cells in `\top'.
Removed a total of 0 cells.

2.13.3. Executing OPT_MUXTREE pass (detect dead branches in mux trees).
Running muxtree optimizer on module \top..
  Creating internal representation of mux trees.
  No muxes found in this module.
Removed 0 multiplexer ports.

2.13.4. Executing OPT_REDUCE pass (consolidate $*mux and $reduce_* inputs).
  Optimizing cells in module \top.
Performed a total of 0 changes.

2.13.5. Executing OPT_MERGE pass (detect identical cells).
Finding identical cells in module `\top'.
Computing hashes of 2 cells of `\top'.
Finding duplicate cells in `\top'.
Removed a total of 0 cells.

2.13.6. Executing OPT_DFF pass (perform DFF optimizations).

2.12.3. Executing FSM_OPT pass (simple optimizations of FSMs).

2.12.4. Executing OPT_CLEAN pass (remove unused cells and wires).

2.13.7. Executing OPT_CLEAN pass (remove unused cells and wires).
Finding unused cells or wires in module \top..

2.12.5. Executing FSM_OPT pass (simple optimizations of FSMs).

2.12.6. Executing FSM_RECODE pass (re-assigning FSM state encoding).
Finding unused cells or wires in module \top..

2.13.8. Executing OPT_EXPR pass (perform const folding).

2.12.7. Executing FSM_INFO pass (dumping all available information on FSM cells).

2.12.8. Executing FSM_MAP pass (mapping FSMs to basic logic).

2.13. Executing OPT pass (performing simple optimizations).

2.13.1. Executing OPT_EXPR pass (perform const folding).
Optimizing module top.

2.13.9. Finished fast OPT passes. (There is nothing left to do.)
Optimizing module top.

2.13.2. Executing OPT_MERGE pass (detect identical cells).
Finding identical cells in module `\top'.
Computing hashes of 2 cells of `\top'.
Finding duplicate cells in `\top'.
Removed a total of 0 cells.

2.13.3. Executing OPT_MUXTREE pass (detect dead branches in mux trees).
Running muxtree optimizer on module \top..
  Creating internal representation of mux trees.
  No muxes found in this module.
Removed 0 multiplexer ports.

2.13.4. Executing OPT_REDUCE pass (consolidate $*mux and $reduce_* inputs).
  Optimizing cells in module \top.
Performed a total of 0 changes.

2.13.5. Executing OPT_MERGE pass (detect identical cells).

2.14. Executing WREDUCE pass (reducing word size of cells).
Finding identical cells in module `\top'.
Computing hashes of 2 cells of `\top'.
Finding duplicate cells in `\top'.
Removed a total of 0 cells.

2.13.6. Executing OPT_DFF pass (perform DFF optimizations).

2.18. Executing ALUMACC pass (create $alu and $macc cells).
Extracting $alu and $macc cells in module top:
  created 0 $alu and 0 $macc cells.

2.19. Executing OPT pass (performing simple optimizations).

2.19.1. Executing OPT_EXPR pass (perform const folding).

2.15. Executing PEEPOPT pass (run peephole optimizers).

2.16. Executing OPT_CLEAN pass (remove unused cells and wires).

2.13.7. Executing OPT_CLEAN pass (remove unused cells and wires).
Finding unused cells or wires in module \top..

2.17. Executing SHARE pass (SAT-based resource sharing).

2.18. Executing ALUMACC pass (create $alu and $macc cells).
Finding unused cells or wires in module \top..

2.13.8. Executing OPT_EXPR pass (perform const folding).
Extracting $alu and $macc cells in module top:
  created 0 $alu and 0 $macc cells.

2.19. Executing OPT pass (performing simple optimizations).

2.19.1. Executing OPT_EXPR pass (perform const folding).
Optimizing module top.

2.19.2. Executing OPT_MERGE pass (detect identical cells).
Finding identical cells in module `\top'.
Computing hashes of 2 cells of `\top'.
Finding duplicate cells in `\top'.
Removed a total of 0 cells.

2.19.3. Executing OPT_MUXTREE pass (detect dead branches in mux trees).
Running muxtree optimizer on module \top..
  Creating internal representation of mux trees.
  No muxes found in this module.
Removed 0 multiplexer ports.

2.19.4. Executing OPT_REDUCE pass (consolidate $*mux and $reduce_* inputs).
  Optimizing cells in module \top.
Performed a total of 0 changes.

2.19.5. Executing OPT_MERGE pass (detect identical cells).
Finding identical cells in module `\top'.
Computing hashes of 2 cells of `\top'.
Finding duplicate cells in `\top'.
Removed a total of 0 cells.

2.19.6. Executing OPT_DFF pass (perform DFF optimizations).
Optimizing module top.

2.19.7. Executing OPT_CLEAN pass (remove unused cells and wires).

2.13.9. Finished fast OPT passes. (There is nothing left to do.)

2.14. Executing WREDUCE pass (reducing word size of cells).

2.15. Executing PEEPOPT pass (run peephole optimizers).

2.16. Executing OPT_CLEAN pass (remove unused cells and wires).
Finding unused cells or wires in module \top..

2.19.8. Executing OPT_EXPR pass (perform const folding).
Finding unused cells or wires in module \top..
Optimizing module top.

2.19.9. Finished fast OPT passes. (There is nothing left to do.)

2.17. Executing SHARE pass (SAT-based resource sharing).

2.20. Executing MEMORY pass.

2.20.1. Executing OPT_MEM pass (optimize memories).
Performed a total of 0 transformations.

2.20.2. Executing OPT_MEM_PRIORITY pass (removing unnecessary memory write priority relations).
Performed a total of 0 transformations.

2.20.3. Executing OPT_MEM_FEEDBACK pass (finding memory read-to-write feedback paths).

2.20.4. Executing MEMORY_BMUX2ROM pass (converting muxes to ROMs).

2.20.5. Executing MEMORY_DFF pass (merging $dff cells to $memrd).

2.20.6. Executing OPT_CLEAN pass (remove unused cells and wires).
Optimizing module top.

2.19.2. Executing OPT_MERGE pass (detect identical cells).
Finding identical cells in module `\top'.
Computing hashes of 2 cells of `\top'.
Finding duplicate cells in `\top'.
Removed a total of 0 cells.

2.19.3. Executing OPT_MUXTREE pass (detect dead branches in mux trees).
Running muxtree optimizer on module \top..
  Creating internal representation of mux trees.
  No muxes found in this module.
Removed 0 multiplexer ports.

2.19.4. Executing OPT_REDUCE pass (consolidate $*mux and $reduce_* inputs).
  Optimizing cells in module \top.
Performed a total of 0 changes.

2.19.5. Executing OPT_MERGE pass (detect identical cells).
Finding identical cells in module `\top'.
Computing hashes of 2 cells of `\top'.
Finding duplicate cells in `\top'.
Removed a total of 0 cells.

2.19.6. Executing OPT_DFF pass (perform DFF optimizations).

2.18. Executing ALUMACC pass (create $alu and $macc cells).
Finding unused cells or wires in module \top..

2.20.7. Executing MEMORY_SHARE pass (consolidating $memrd/$memwr cells).
Extracting $alu and $macc cells in module top:
  created 0 $alu and 0 $macc cells.

2.19. Executing OPT pass (performing simple optimizations).

2.19.1. Executing OPT_EXPR pass (perform const folding).

2.20.8. Executing OPT_MEM_WIDEN pass (optimize memories where all ports are wide).
Performed a total of 0 transformations.

2.20.9. Executing OPT_CLEAN pass (remove unused cells and wires).

2.19.7. Executing OPT_CLEAN pass (remove unused cells and wires).
Optimizing module top.

2.19.2. Executing OPT_MERGE pass (detect identical cells).
Finding identical cells in module `\top'.
Computing hashes of 2 cells of `\top'.
Finding duplicate cells in `\top'.
Removed a total of 0 cells.

2.19.3. Executing OPT_MUXTREE pass (detect dead branches in mux trees).
Running muxtree optimizer on module \top..
  Creating internal representation of mux trees.
  No muxes found in this module.
Removed 0 multiplexer ports.

2.19.4. Executing OPT_REDUCE pass (consolidate $*mux and $reduce_* inputs).
  Optimizing cells in module \top.
Performed a total of 0 changes.

2.19.5. Executing OPT_MERGE pass (detect identical cells).
Finding identical cells in module `\top'.
Computing hashes of 2 cells of `\top'.
Finding duplicate cells in `\top'.
Removed a total of 0 cells.

2.19.6. Executing OPT_DFF pass (perform DFF optimizations).

2.19.7. Executing OPT_CLEAN pass (remove unused cells and wires).
Finding unused cells or wires in module \top..

2.19.8. Executing OPT_EXPR pass (perform const folding).
Finding unused cells or wires in module \top..

2.20.10. Executing MEMORY_COLLECT pass (generating $mem cells).

2.21. Executing OPT_CLEAN pass (remove unused cells and wires).
Finding unused cells or wires in module \top..

2.19.8. Executing OPT_EXPR pass (perform const folding).
Optimizing module top.
Optimizing module top.
Finding unused cells or wires in module \top..

2.19.9. Finished fast OPT passes. (There is nothing left to do.)

2.22. Executing MEMORY_LIBMAP pass (mapping memories to cells).

2.20. Executing MEMORY pass.

2.20.1. Executing OPT_MEM pass (optimize memories).
Performed a total of 0 transformations.

2.20.2. Executing OPT_MEM_PRIORITY pass (removing unnecessary memory write priority relations).

2.23. Executing TECHMAP pass (map to technology primitives).

2.23.1. Executing Verilog-2005 frontend: /opt/homebrew/bin/../share/yosys/gowin/lutrams_map.v
Performed a total of 0 transformations.

2.20.3. Executing OPT_MEM_FEEDBACK pass (finding memory read-to-write feedback paths).

2.20.4. Executing MEMORY_BMUX2ROM pass (converting muxes to ROMs).

2.20.5. Executing MEMORY_DFF pass (merging $dff cells to $memrd).

2.19.9. Finished fast OPT passes. (There is nothing left to do.)

2.20.6. Executing OPT_CLEAN pass (remove unused cells and wires).

2.20. Executing MEMORY pass.

2.20.1. Executing OPT_MEM pass (optimize memories).
Performed a total of 0 transformations.

2.20.2. Executing OPT_MEM_PRIORITY pass (removing unnecessary memory write priority relations).
Performed a total of 0 transformations.

2.20.3. Executing OPT_MEM_FEEDBACK pass (finding memory read-to-write feedback paths).

2.20.4. Executing MEMORY_BMUX2ROM pass (converting muxes to ROMs).

2.20.5. Executing MEMORY_DFF pass (merging $dff cells to $memrd).
Finding unused cells or wires in module \top..

2.20.7. Executing MEMORY_SHARE pass (consolidating $memrd/$memwr cells).

2.20.6. Executing OPT_CLEAN pass (remove unused cells and wires).

2.20.8. Executing OPT_MEM_WIDEN pass (optimize memories where all ports are wide).
Performed a total of 0 transformations.

2.20.9. Executing OPT_CLEAN pass (remove unused cells and wires).
Finding unused cells or wires in module \top..

2.20.7. Executing MEMORY_SHARE pass (consolidating $memrd/$memwr cells).
Finding unused cells or wires in module \top..

2.20.10. Executing MEMORY_COLLECT pass (generating $mem cells).

2.20.8. Executing OPT_MEM_WIDEN pass (optimize memories where all ports are wide).
Performed a total of 0 transformations.

2.20.9. Executing OPT_CLEAN pass (remove unused cells and wires).

2.21. Executing OPT_CLEAN pass (remove unused cells and wires).
Finding unused cells or wires in module \top..
Finding unused cells or wires in module \top..

2.20.10. Executing MEMORY_COLLECT pass (generating $mem cells).

2.22. Executing MEMORY_LIBMAP pass (mapping memories to cells).

2.21. Executing OPT_CLEAN pass (remove unused cells and wires).

2.23. Executing TECHMAP pass (map to technology primitives).

2.23.1. Executing Verilog-2005 frontend: /opt/homebrew/bin/../share/yosys/gowin/lutrams_map.v
Finding unused cells or wires in module \top..
Parsing Verilog input from `/opt/homebrew/bin/../share/yosys/gowin/lutrams_map.v' to AST representation.
Generating RTLIL representation for module `$__GOWIN_LUTRAM_'.
Successfully finished Verilog frontend.

2.23.2. Executing Verilog-2005 frontend: /opt/homebrew/bin/../share/yosys/gowin/brams_map_gw5a.v

2.22. Executing MEMORY_LIBMAP pass (mapping memories to cells).

2.23. Executing TECHMAP pass (map to technology primitives).

2.23.1. Executing Verilog-2005 frontend: /opt/homebrew/bin/../share/yosys/gowin/lutrams_map.v
Parsing Verilog input from `/opt/homebrew/bin/../share/yosys/gowin/lutrams_map.v' to AST representation.
Generating RTLIL representation for module `$__GOWIN_LUTRAM_'.
Successfully finished Verilog frontend.

2.23.2. Executing Verilog-2005 frontend: /opt/homebrew/bin/../share/yosys/gowin/brams_map_gw5a.v
Parsing Verilog input from `/opt/homebrew/bin/../share/yosys/gowin/lutrams_map.v' to AST representation.
Generating RTLIL representation for module `$__GOWIN_LUTRAM_'.
Successfully finished Verilog frontend.

2.23.2. Executing Verilog-2005 frontend: /opt/homebrew/bin/../share/yosys/gowin/brams_map_gw5a.v
Parsing Verilog input from `/opt/homebrew/bin/../share/yosys/gowin/brams_map_gw5a.v' to AST representation.
Generating RTLIL representation for module `$__GOWIN_SP_'.
Generating RTLIL representation for module `$__GOWIN_DP_'.
Generating RTLIL representation for module `$__GOWIN_SDP_'.
Successfully finished Verilog frontend.

2.23.3. Continuing TECHMAP pass.
No more expansions possible.
<suppressed ~6 debug messages>

2.24. Executing OPT pass (performing simple optimizations).

2.24.1. Executing OPT_EXPR pass (perform const folding).
Optimizing module top.

2.24.2. Executing OPT_MERGE pass (detect identical cells).
Finding identical cells in module `\top'.
Computing hashes of 2 cells of `\top'.
Finding duplicate cells in `\top'.
Removed a total of 0 cells.

2.24.3. Executing OPT_DFF pass (perform DFF optimizations).

2.24.4. Executing OPT_CLEAN pass (remove unused cells and wires).
Finding unused cells or wires in module \top..

2.24.5. Finished fast OPT passes.

2.25. Executing MEMORY_MAP pass (converting memories to logic and flip-flops).

2.26. Executing OPT pass (performing simple optimizations).

2.26.1. Executing OPT_EXPR pass (perform const folding).
Parsing Verilog input from `/opt/homebrew/bin/../share/yosys/gowin/brams_map_gw5a.v' to AST representation.
Generating RTLIL representation for module `$__GOWIN_SP_'.
Generating RTLIL representation for module `$__GOWIN_DP_'.
Generating RTLIL representation for module `$__GOWIN_SDP_'.
Successfully finished Verilog frontend.

2.23.3. Continuing TECHMAP pass.
No more expansions possible.
<suppressed ~6 debug messages>

2.24. Executing OPT pass (performing simple optimizations).

2.24.1. Executing OPT_EXPR pass (perform const folding).
Optimizing module top.

2.26.2. Executing OPT_MERGE pass (detect identical cells).
Finding identical cells in module `\top'.
Computing hashes of 2 cells of `\top'.
Finding duplicate cells in `\top'.
Removed a total of 0 cells.

2.26.3. Executing OPT_MUXTREE pass (detect dead branches in mux trees).
Optimizing module top.

2.24.2. Executing OPT_MERGE pass (detect identical cells).
Finding identical cells in module `\top'.
Computing hashes of 2 cells of `\top'.
Finding duplicate cells in `\top'.
Removed a total of 0 cells.

2.24.3. Executing OPT_DFF pass (perform DFF optimizations).
Running muxtree optimizer on module \top..
  Creating internal representation of mux trees.
  No muxes found in this module.
Removed 0 multiplexer ports.

2.26.4. Executing OPT_REDUCE pass (consolidate $*mux and $reduce_* inputs).
  Optimizing cells in module \top.
Performed a total of 0 changes.

2.26.5. Executing OPT_MERGE pass (detect identical cells).
Finding identical cells in module `\top'.
Computing hashes of 2 cells of `\top'.
Finding duplicate cells in `\top'.
Removed a total of 0 cells.

2.26.6. Executing OPT_DFF pass (perform DFF optimizations).

2.24.4. Executing OPT_CLEAN pass (remove unused cells and wires).

2.26.7. Executing OPT_CLEAN pass (remove unused cells and wires).
Finding unused cells or wires in module \top..
Finding unused cells or wires in module \top..

2.26.8. Executing OPT_EXPR pass (perform const folding).

2.24.5. Finished fast OPT passes.

2.25. Executing MEMORY_MAP pass (converting memories to logic and flip-flops).

2.26. Executing OPT pass (performing simple optimizations).

2.26.1. Executing OPT_EXPR pass (perform const folding).
Optimizing module top.

2.26.9. Finished fast OPT passes. (There is nothing left to do.)

2.27. Executing TECHMAP pass (map to technology primitives).
Parsing Verilog input from `/opt/homebrew/bin/../share/yosys/gowin/brams_map_gw5a.v' to AST representation.
Generating RTLIL representation for module `$__GOWIN_SP_'.
Generating RTLIL representation for module `$__GOWIN_DP_'.
Generating RTLIL representation for module `$__GOWIN_SDP_'.
Successfully finished Verilog frontend.

2.23.3. Continuing TECHMAP pass.
No more expansions possible.
Optimizing module top.

2.26.2. Executing OPT_MERGE pass (detect identical cells).

2.27.1. Executing Verilog-2005 frontend: /opt/homebrew/bin/../share/yosys/techmap.v
<suppressed ~6 debug messages>

2.24. Executing OPT pass (performing simple optimizations).

2.24.1. Executing OPT_EXPR pass (perform const folding).
Finding identical cells in module `\top'.
Computing hashes of 2 cells of `\top'.
Finding duplicate cells in `\top'.
Removed a total of 0 cells.

2.26.3. Executing OPT_MUXTREE pass (detect dead branches in mux trees).
Running muxtree optimizer on module \top..
  Creating internal representation of mux trees.
  No muxes found in this module.
Removed 0 multiplexer ports.

2.26.4. Executing OPT_REDUCE pass (consolidate $*mux and $reduce_* inputs).
  Optimizing cells in module \top.
Performed a total of 0 changes.

2.26.5. Executing OPT_MERGE pass (detect identical cells).
Finding identical cells in module `\top'.
Computing hashes of 2 cells of `\top'.
Finding duplicate cells in `\top'.
Removed a total of 0 cells.

2.26.6. Executing OPT_DFF pass (perform DFF optimizations).

2.26.7. Executing OPT_CLEAN pass (remove unused cells and wires).
Finding unused cells or wires in module \top..

2.26.8. Executing OPT_EXPR pass (perform const folding).
Optimizing module top.

2.24.2. Executing OPT_MERGE pass (detect identical cells).
Finding identical cells in module `\top'.
Computing hashes of 2 cells of `\top'.
Finding duplicate cells in `\top'.
Removed a total of 0 cells.

2.24.3. Executing OPT_DFF pass (perform DFF optimizations).
Optimizing module top.

2.26.9. Finished fast OPT passes. (There is nothing left to do.)

2.24.4. Executing OPT_CLEAN pass (remove unused cells and wires).

2.27. Executing TECHMAP pass (map to technology primitives).

2.27.1. Executing Verilog-2005 frontend: /opt/homebrew/bin/../share/yosys/techmap.v
Finding unused cells or wires in module \top..

2.24.5. Finished fast OPT passes.

2.25. Executing MEMORY_MAP pass (converting memories to logic and flip-flops).

2.26. Executing OPT pass (performing simple optimizations).

2.26.1. Executing OPT_EXPR pass (perform const folding).
Optimizing module top.

2.26.2. Executing OPT_MERGE pass (detect identical cells).
Finding identical cells in module `\top'.
Computing hashes of 2 cells of `\top'.
Finding duplicate cells in `\top'.
Removed a total of 0 cells.

2.26.3. Executing OPT_MUXTREE pass (detect dead branches in mux trees).
Running muxtree optimizer on module \top..
  Creating internal representation of mux trees.
  No muxes found in this module.
Removed 0 multiplexer ports.

2.26.4. Executing OPT_REDUCE pass (consolidate $*mux and $reduce_* inputs).
  Optimizing cells in module \top.
Performed a total of 0 changes.

2.26.5. Executing OPT_MERGE pass (detect identical cells).
Finding identical cells in module `\top'.
Computing hashes of 2 cells of `\top'.
Finding duplicate cells in `\top'.
Removed a total of 0 cells.

2.26.6. Executing OPT_DFF pass (perform DFF optimizations).
Parsing Verilog input from `/opt/homebrew/bin/../share/yosys/techmap.v' to AST representation.
Generating RTLIL representation for module `\_90_simplemap_bool_ops'.
Generating RTLIL representation for module `\_90_simplemap_reduce_ops'.
Generating RTLIL representation for module `\_90_simplemap_logic_ops'.
Generating RTLIL representation for module `\_90_simplemap_compare_ops'.
Generating RTLIL representation for module `\_90_simplemap_various'.
Generating RTLIL representation for module `\_90_simplemap_registers'.
Generating RTLIL representation for module `\_90_shift_ops_shr_shl_sshl_sshr'.
Generating RTLIL representation for module `\_90_shift_shiftx'.
Generating RTLIL representation for module `\_90_fa'.
Generating RTLIL representation for module `\_90_lcu_brent_kung'.
Generating RTLIL representation for module `\_90_alu'.
Generating RTLIL representation for module `\_90_macc'.
Generating RTLIL representation for module `\_90_alumacc'.
Generating RTLIL representation for module `$__div_mod_u'.
Generating RTLIL representation for module `$__div_mod_trunc'.
Generating RTLIL representation for module `\_90_div'.
Generating RTLIL representation for module `\_90_mod'.
Generating RTLIL representation for module `$__div_mod_floor'.
Generating RTLIL representation for module `\_90_divfloor'.
Generating RTLIL representation for module `\_90_modfloor'.
Generating RTLIL representation for module `\_90_pow'.
Generating RTLIL representation for module `\_90_pmux'.
Generating RTLIL representation for module `\_90_demux'.
Generating RTLIL representation for module `\_90_lut'.
Generating RTLIL representation for module `$connect'.
Generating RTLIL representation for module `$input_port'.
Successfully finished Verilog frontend.

2.27.2. Executing Verilog-2005 frontend: /opt/homebrew/bin/../share/yosys/gowin/arith_map.v

2.26.7. Executing OPT_CLEAN pass (remove unused cells and wires).
Finding unused cells or wires in module \top..

2.26.8. Executing OPT_EXPR pass (perform const folding).
Optimizing module top.
Parsing Verilog input from `/opt/homebrew/bin/../share/yosys/gowin/arith_map.v' to AST representation.
Generating RTLIL representation for module `\_80_gw1n_alu'.
Successfully finished Verilog frontend.

2.27.3. Continuing TECHMAP pass.
No more expansions possible.

2.26.9. Finished fast OPT passes. (There is nothing left to do.)
<suppressed ~77 debug messages>

2.28. Executing OPT pass (performing simple optimizations).

2.28.1. Executing OPT_EXPR pass (perform const folding).

2.27. Executing TECHMAP pass (map to technology primitives).

2.27.1. Executing Verilog-2005 frontend: /opt/homebrew/bin/../share/yosys/techmap.v
Optimizing module top.
Parsing Verilog input from `/opt/homebrew/bin/../share/yosys/techmap.v' to AST representation.
Generating RTLIL representation for module `\_90_simplemap_bool_ops'.
Generating RTLIL representation for module `\_90_simplemap_reduce_ops'.
Generating RTLIL representation for module `\_90_simplemap_logic_ops'.
Generating RTLIL representation for module `\_90_simplemap_compare_ops'.
Generating RTLIL representation for module `\_90_simplemap_various'.
Generating RTLIL representation for module `\_90_simplemap_registers'.
Generating RTLIL representation for module `\_90_shift_ops_shr_shl_sshl_sshr'.
Generating RTLIL representation for module `\_90_shift_shiftx'.
Generating RTLIL representation for module `\_90_fa'.
Generating RTLIL representation for module `\_90_lcu_brent_kung'.
Generating RTLIL representation for module `\_90_alu'.
Generating RTLIL representation for module `\_90_macc'.
Generating RTLIL representation for module `\_90_alumacc'.
Generating RTLIL representation for module `$__div_mod_u'.
Generating RTLIL representation for module `$__div_mod_trunc'.
Generating RTLIL representation for module `\_90_div'.
Generating RTLIL representation for module `\_90_mod'.
Generating RTLIL representation for module `$__div_mod_floor'.
Generating RTLIL representation for module `\_90_divfloor'.
Generating RTLIL representation for module `\_90_modfloor'.
Generating RTLIL representation for module `\_90_pow'.
Generating RTLIL representation for module `\_90_pmux'.
Generating RTLIL representation for module `\_90_demux'.
Generating RTLIL representation for module `\_90_lut'.
Generating RTLIL representation for module `$connect'.
Generating RTLIL representation for module `$input_port'.
Successfully finished Verilog frontend.

2.27.2. Executing Verilog-2005 frontend: /opt/homebrew/bin/../share/yosys/gowin/arith_map.v
Parsing Verilog input from `/opt/homebrew/bin/../share/yosys/gowin/arith_map.v' to AST representation.
Generating RTLIL representation for module `\_80_gw1n_alu'.
Successfully finished Verilog frontend.

2.27.3. Continuing TECHMAP pass.
No more expansions possible.

2.28.2. Executing OPT_MERGE pass (detect identical cells).
<suppressed ~77 debug messages>

2.28. Executing OPT pass (performing simple optimizations).

2.28.1. Executing OPT_EXPR pass (perform const folding).
Optimizing module top.

2.28.2. Executing OPT_MERGE pass (detect identical cells).
Finding identical cells in module `\top'.
Computing hashes of 2 cells of `\top'.
Finding duplicate cells in `\top'.
Removed a total of 0 cells.

2.28.3. Executing OPT_DFF pass (perform DFF optimizations).
Finding identical cells in module `\top'.
Computing hashes of 2 cells of `\top'.
Finding duplicate cells in `\top'.
Removed a total of 0 cells.

2.28.3. Executing OPT_DFF pass (perform DFF optimizations).

2.28.4. Executing OPT_CLEAN pass (remove unused cells and wires).
Finding unused cells or wires in module \top..

2.28.5. Finished fast OPT passes.

2.28.4. Executing OPT_CLEAN pass (remove unused cells and wires).

2.29. Executing IOPADMAP pass (mapping inputs/outputs to IO-PAD cells).
Finding unused cells or wires in module \top..
Mapping port top.q9 using OBUF.
Mapping port top.q8 using OBUF.
Mapping port top.q7 using OBUF.
Mapping port top.q6 using OBUF.
Mapping port top.q5 using OBUF.
Mapping port top.q4 using OBUF.
Mapping port top.q3 using OBUF.
Mapping port top.q2 using OBUF.
Mapping port top.q1 using OBUF.
Mapping port top.q0 using OBUF.
Mapping port top.tap using OBUF.
Mapping port top.din using IBUF.
Mapping port top.rst using IBUF.
Mapping port top.resetn using IBUF.
Mapping port top.fclk using IBUF.

2.30. Executing OPT_CLEAN pass (remove unused cells and wires).

2.28.5. Finished fast OPT passes.

2.29. Executing IOPADMAP pass (mapping inputs/outputs to IO-PAD cells).
Finding unused cells or wires in module \top..
Removed 0 unused cells and 7 unused wires.
<suppressed ~1 debug messages>

2.31. Executing DFFLEGALIZE pass (convert FFs to types supported by the target).

2.32. Executing TECHMAP pass (map to technology primitives).

2.32.1. Executing Verilog-2005 frontend: /opt/homebrew/bin/../share/yosys/gowin/cells_map.v
Mapping port top.dout using OBUF.
Mapping port top.din_odd using IBUF.
Mapping port top.din_even using IBUF.
Mapping port top.rst using IBUF.
Mapping port top.resetn using IBUF.
Mapping port top.fclk using IBUF.

2.30. Executing OPT_CLEAN pass (remove unused cells and wires).
Parsing Verilog input from `/opt/homebrew/bin/../share/yosys/gowin/cells_map.v' to AST representation.
Generating RTLIL representation for module `$_DFF_N_'.
Generating RTLIL representation for module `$_DFF_P_'.
Generating RTLIL representation for module `$_DFFE_PP_'.
Generating RTLIL representation for module `$_DFFE_NP_'.
Generating RTLIL representation for module `$_SDFF_PP0_'.
Generating RTLIL representation for module `$_SDFF_NP0_'.
Generating RTLIL representation for module `$_SDFFE_PP0P_'.
Generating RTLIL representation for module `$_SDFFE_NP0P_'.
Generating RTLIL representation for module `$_SDFF_PP1_'.
Generating RTLIL representation for module `$_SDFF_NP1_'.
Generating RTLIL representation for module `$_SDFFE_PP1P_'.
Generating RTLIL representation for module `$_SDFFE_NP1P_'.
Generating RTLIL representation for module `$_DFF_PP1_'.
Generating RTLIL representation for module `$_DFF_NP1_'.
Generating RTLIL representation for module `$_DFF_PP0_'.
Generating RTLIL representation for module `$_DFF_NP0_'.
Generating RTLIL representation for module `$_DFFE_PP1P_'.
Generating RTLIL representation for module `$_DFFE_NP1P_'.
Generating RTLIL representation for module `$_DFFE_PP0P_'.
Generating RTLIL representation for module `$_DFFE_NP0P_'.
Generating RTLIL representation for module `$lut'.
Successfully finished Verilog frontend.

2.32.2. Continuing TECHMAP pass.
No more expansions possible.
<suppressed ~23 debug messages>

2.33. Executing OPT_EXPR pass (perform const folding).
Parsing Verilog input from `/opt/homebrew/bin/../share/yosys/techmap.v' to AST representation.
Generating RTLIL representation for module `\_90_simplemap_bool_ops'.
Generating RTLIL representation for module `\_90_simplemap_reduce_ops'.
Generating RTLIL representation for module `\_90_simplemap_logic_ops'.
Generating RTLIL representation for module `\_90_simplemap_compare_ops'.
Generating RTLIL representation for module `\_90_simplemap_various'.
Generating RTLIL representation for module `\_90_simplemap_registers'.
Generating RTLIL representation for module `\_90_shift_ops_shr_shl_sshl_sshr'.
Generating RTLIL representation for module `\_90_shift_shiftx'.
Generating RTLIL representation for module `\_90_fa'.
Generating RTLIL representation for module `\_90_lcu_brent_kung'.
Generating RTLIL representation for module `\_90_alu'.
Generating RTLIL representation for module `\_90_macc'.
Generating RTLIL representation for module `\_90_alumacc'.
Generating RTLIL representation for module `$__div_mod_u'.
Generating RTLIL representation for module `$__div_mod_trunc'.
Generating RTLIL representation for module `\_90_div'.
Generating RTLIL representation for module `\_90_mod'.
Generating RTLIL representation for module `$__div_mod_floor'.
Generating RTLIL representation for module `\_90_divfloor'.
Generating RTLIL representation for module `\_90_modfloor'.
Generating RTLIL representation for module `\_90_pow'.
Generating RTLIL representation for module `\_90_pmux'.
Generating RTLIL representation for module `\_90_demux'.
Generating RTLIL representation for module `\_90_lut'.
Generating RTLIL representation for module `$connect'.
Generating RTLIL representation for module `$input_port'.
Successfully finished Verilog frontend.

2.27.2. Executing Verilog-2005 frontend: /opt/homebrew/bin/../share/yosys/gowin/arith_map.v
Optimizing module top.

2.34. Executing SIMPLEMAP pass (map simple cells to gate primitives).

2.35. Executing SORT pass.
Parsing Verilog input from `/opt/homebrew/bin/../share/yosys/gowin/arith_map.v' to AST representation.
Generating RTLIL representation for module `\_80_gw1n_alu'.
Successfully finished Verilog frontend.

2.27.3. Continuing TECHMAP pass.
No more expansions possible.

2.36. Executing Verilog-2005 frontend: /opt/homebrew/bin/../share/yosys/abc9_model.v
Parsing Verilog input from `/opt/homebrew/bin/../share/yosys/abc9_model.v' to AST representation.
Generating RTLIL representation for module `$__ABC9_DELAY'.
Generating RTLIL representation for module `$__ABC9_SCC_BREAKER'.
Generating RTLIL representation for module `$__DFF_N__$abc9_flop'.
Generating RTLIL representation for module `$__DFF_P__$abc9_flop'.
Successfully finished Verilog frontend.

2.37. Executing ABC9 pass.

2.37.1. Executing ABC9_OPS pass (helper functions for ABC9).

2.37.2. Executing ABC9_OPS pass (helper functions for ABC9).

2.37.3. Executing SCC pass (detecting logic loops).
Found 0 SCCs in module top.
Found 0 SCCs.

2.37.4. Executing ABC9_OPS pass (helper functions for ABC9).
<suppressed ~77 debug messages>

2.28. Executing OPT pass (performing simple optimizations).

2.28.1. Executing OPT_EXPR pass (perform const folding).
Finding unused cells or wires in module \top..

2.31. Executing DFFLEGALIZE pass (convert FFs to types supported by the target).

2.37.5. Executing TECHMAP pass (map to technology primitives).
Optimizing module top.

2.28.2. Executing OPT_MERGE pass (detect identical cells).

2.37.5.1. Executing Verilog-2005 frontend: /opt/homebrew/bin/../share/yosys/techmap.v

2.32. Executing TECHMAP pass (map to technology primitives).
Finding identical cells in module `\top'.
Computing hashes of 2 cells of `\top'.
Finding duplicate cells in `\top'.
Removed a total of 0 cells.

2.28.3. Executing OPT_DFF pass (perform DFF optimizations).

2.32.1. Executing Verilog-2005 frontend: /opt/homebrew/bin/../share/yosys/gowin/cells_map.v
Parsing Verilog input from `/opt/homebrew/bin/../share/yosys/gowin/cells_map.v' to AST representation.
Generating RTLIL representation for module `$_DFF_N_'.
Generating RTLIL representation for module `$_DFF_P_'.
Generating RTLIL representation for module `$_DFFE_PP_'.
Generating RTLIL representation for module `$_DFFE_NP_'.
Generating RTLIL representation for module `$_SDFF_PP0_'.
Generating RTLIL representation for module `$_SDFF_NP0_'.
Generating RTLIL representation for module `$_SDFFE_PP0P_'.
Generating RTLIL representation for module `$_SDFFE_NP0P_'.
Generating RTLIL representation for module `$_SDFF_PP1_'.
Generating RTLIL representation for module `$_SDFF_NP1_'.
Generating RTLIL representation for module `$_SDFFE_PP1P_'.
Generating RTLIL representation for module `$_SDFFE_NP1P_'.
Generating RTLIL representation for module `$_DFF_PP1_'.
Generating RTLIL representation for module `$_DFF_NP1_'.
Generating RTLIL representation for module `$_DFF_PP0_'.
Generating RTLIL representation for module `$_DFF_NP0_'.
Generating RTLIL representation for module `$_DFFE_PP1P_'.
Generating RTLIL representation for module `$_DFFE_NP1P_'.
Generating RTLIL representation for module `$_DFFE_PP0P_'.
Generating RTLIL representation for module `$_DFFE_NP0P_'.
Generating RTLIL representation for module `$lut'.
Successfully finished Verilog frontend.

2.32.2. Continuing TECHMAP pass.
No more expansions possible.

2.28.4. Executing OPT_CLEAN pass (remove unused cells and wires).
<suppressed ~23 debug messages>

2.33. Executing OPT_EXPR pass (perform const folding).
Optimizing module top.

2.34. Executing SIMPLEMAP pass (map simple cells to gate primitives).

2.35. Executing SORT pass.
Finding unused cells or wires in module \top..

2.28.5. Finished fast OPT passes.

2.36. Executing Verilog-2005 frontend: /opt/homebrew/bin/../share/yosys/abc9_model.v
Parsing Verilog input from `/opt/homebrew/bin/../share/yosys/abc9_model.v' to AST representation.
Generating RTLIL representation for module `$__ABC9_DELAY'.
Generating RTLIL representation for module `$__ABC9_SCC_BREAKER'.
Generating RTLIL representation for module `$__DFF_N__$abc9_flop'.
Generating RTLIL representation for module `$__DFF_P__$abc9_flop'.
Successfully finished Verilog frontend.

2.37. Executing ABC9 pass.

2.37.1. Executing ABC9_OPS pass (helper functions for ABC9).

2.37.2. Executing ABC9_OPS pass (helper functions for ABC9).

2.37.3. Executing SCC pass (detecting logic loops).
Found 0 SCCs in module top.
Found 0 SCCs.

2.37.4. Executing ABC9_OPS pass (helper functions for ABC9).

2.29. Executing IOPADMAP pass (mapping inputs/outputs to IO-PAD cells).
Mapping port top.q9 using OBUF.
Mapping port top.q8 using OBUF.
Mapping port top.q7 using OBUF.
Mapping port top.q6 using OBUF.
Mapping port top.q5 using OBUF.
Mapping port top.q4 using OBUF.
Mapping port top.q3 using OBUF.
Mapping port top.q2 using OBUF.
Mapping port top.q1 using OBUF.
Mapping port top.q0 using OBUF.
Mapping port top.tap using OBUF.
Mapping port top.din using IBUF.
Mapping port top.rst using IBUF.
Mapping port top.resetn using IBUF.
Mapping port top.fclk using IBUF.

2.30. Executing OPT_CLEAN pass (remove unused cells and wires).

2.37.5. Executing TECHMAP pass (map to technology primitives).
Finding unused cells or wires in module \top..
Removed 0 unused cells and 3 unused wires.
<suppressed ~1 debug messages>

2.31. Executing DFFLEGALIZE pass (convert FFs to types supported by the target).

2.32. Executing TECHMAP pass (map to technology primitives).

2.32.1. Executing Verilog-2005 frontend: /opt/homebrew/bin/../share/yosys/gowin/cells_map.v

2.37.5.1. Executing Verilog-2005 frontend: /opt/homebrew/bin/../share/yosys/techmap.v
Parsing Verilog input from `/opt/homebrew/bin/../share/yosys/gowin/cells_map.v' to AST representation.
Generating RTLIL representation for module `$_DFF_N_'.
Generating RTLIL representation for module `$_DFF_P_'.
Generating RTLIL representation for module `$_DFFE_PP_'.
Generating RTLIL representation for module `$_DFFE_NP_'.
Generating RTLIL representation for module `$_SDFF_PP0_'.
Generating RTLIL representation for module `$_SDFF_NP0_'.
Generating RTLIL representation for module `$_SDFFE_PP0P_'.
Generating RTLIL representation for module `$_SDFFE_NP0P_'.
Generating RTLIL representation for module `$_SDFF_PP1_'.
Generating RTLIL representation for module `$_SDFF_NP1_'.
Generating RTLIL representation for module `$_SDFFE_PP1P_'.
Generating RTLIL representation for module `$_SDFFE_NP1P_'.
Generating RTLIL representation for module `$_DFF_PP1_'.
Generating RTLIL representation for module `$_DFF_NP1_'.
Generating RTLIL representation for module `$_DFF_PP0_'.
Generating RTLIL representation for module `$_DFF_NP0_'.
Generating RTLIL representation for module `$_DFFE_PP1P_'.
Generating RTLIL representation for module `$_DFFE_NP1P_'.
Generating RTLIL representation for module `$_DFFE_PP0P_'.
Generating RTLIL representation for module `$_DFFE_NP0P_'.
Generating RTLIL representation for module `$lut'.
Successfully finished Verilog frontend.

2.32.2. Continuing TECHMAP pass.
No more expansions possible.
<suppressed ~23 debug messages>

2.33. Executing OPT_EXPR pass (perform const folding).
Optimizing module top.

2.34. Executing SIMPLEMAP pass (map simple cells to gate primitives).

2.35. Executing SORT pass.

2.36. Executing Verilog-2005 frontend: /opt/homebrew/bin/../share/yosys/abc9_model.v
Parsing Verilog input from `/opt/homebrew/bin/../share/yosys/abc9_model.v' to AST representation.
Generating RTLIL representation for module `$__ABC9_DELAY'.
Generating RTLIL representation for module `$__ABC9_SCC_BREAKER'.
Generating RTLIL representation for module `$__DFF_N__$abc9_flop'.
Generating RTLIL representation for module `$__DFF_P__$abc9_flop'.
Successfully finished Verilog frontend.

2.37. Executing ABC9 pass.

2.37.1. Executing ABC9_OPS pass (helper functions for ABC9).

2.37.2. Executing ABC9_OPS pass (helper functions for ABC9).

2.37.3. Executing SCC pass (detecting logic loops).
Found 0 SCCs in module top.
Found 0 SCCs.

2.37.4. Executing ABC9_OPS pass (helper functions for ABC9).

2.37.5. Executing TECHMAP pass (map to technology primitives).

2.37.5.1. Executing Verilog-2005 frontend: /opt/homebrew/bin/../share/yosys/techmap.v
Parsing Verilog input from `/opt/homebrew/bin/../share/yosys/techmap.v' to AST representation.
Generating RTLIL representation for module `\_90_simplemap_bool_ops'.
Generating RTLIL representation for module `\_90_simplemap_reduce_ops'.
Generating RTLIL representation for module `\_90_simplemap_logic_ops'.
Generating RTLIL representation for module `\_90_simplemap_compare_ops'.
Generating RTLIL representation for module `\_90_simplemap_various'.
Generating RTLIL representation for module `\_90_simplemap_registers'.
Generating RTLIL representation for module `\_90_shift_ops_shr_shl_sshl_sshr'.
Generating RTLIL representation for module `\_90_shift_shiftx'.
Generating RTLIL representation for module `\_90_fa'.
Generating RTLIL representation for module `\_90_lcu_brent_kung'.
Generating RTLIL representation for module `\_90_alu'.
Generating RTLIL representation for module `\_90_macc'.
Generating RTLIL representation for module `\_90_alumacc'.
Generating RTLIL representation for module `$__div_mod_u'.
Generating RTLIL representation for module `$__div_mod_trunc'.
Generating RTLIL representation for module `\_90_div'.
Generating RTLIL representation for module `\_90_mod'.
Generating RTLIL representation for module `$__div_mod_floor'.
Generating RTLIL representation for module `\_90_divfloor'.
Generating RTLIL representation for module `\_90_modfloor'.
Generating RTLIL representation for module `\_90_pow'.
Generating RTLIL representation for module `\_90_pmux'.
Generating RTLIL representation for module `\_90_demux'.
Generating RTLIL representation for module `\_90_lut'.
Generating RTLIL representation for module `$connect'.
Generating RTLIL representation for module `$input_port'.
Successfully finished Verilog frontend.

2.37.5.2. Continuing TECHMAP pass.
No more expansions possible.
<suppressed ~240 debug messages>

2.37.6. Executing OPT pass (performing simple optimizations).

2.37.6.1. Executing OPT_EXPR pass (perform const folding).

2.37.6.2. Executing OPT_MERGE pass (detect identical cells).
Removed a total of 0 cells.

2.37.6.3. Executing OPT_MUXTREE pass (detect dead branches in mux trees).
Removed 0 multiplexer ports.

2.37.6.4. Executing OPT_REDUCE pass (consolidate $*mux and $reduce_* inputs).
Performed a total of 0 changes.

2.37.6.5. Executing OPT_MERGE pass (detect identical cells).
Removed a total of 0 cells.

2.37.6.6. Executing OPT_DFF pass (perform DFF optimizations).

2.37.6.7. Executing OPT_CLEAN pass (remove unused cells and wires).

2.37.6.8. Executing OPT_EXPR pass (perform const folding).

2.37.6.9. Finished fast OPT passes. (There is nothing left to do.)
Parsing Verilog input from `/opt/homebrew/bin/../share/yosys/techmap.v' to AST representation.
Generating RTLIL representation for module `\_90_simplemap_bool_ops'.
Generating RTLIL representation for module `\_90_simplemap_reduce_ops'.
Generating RTLIL representation for module `\_90_simplemap_logic_ops'.
Generating RTLIL representation for module `\_90_simplemap_compare_ops'.
Generating RTLIL representation for module `\_90_simplemap_various'.
Generating RTLIL representation for module `\_90_simplemap_registers'.
Generating RTLIL representation for module `\_90_shift_ops_shr_shl_sshl_sshr'.
Generating RTLIL representation for module `\_90_shift_shiftx'.
Generating RTLIL representation for module `\_90_fa'.
Generating RTLIL representation for module `\_90_lcu_brent_kung'.
Generating RTLIL representation for module `\_90_alu'.
Generating RTLIL representation for module `\_90_macc'.
Generating RTLIL representation for module `\_90_alumacc'.
Generating RTLIL representation for module `$__div_mod_u'.
Generating RTLIL representation for module `$__div_mod_trunc'.
Generating RTLIL representation for module `\_90_div'.
Generating RTLIL representation for module `\_90_mod'.
Generating RTLIL representation for module `$__div_mod_floor'.
Generating RTLIL representation for module `\_90_divfloor'.
Generating RTLIL representation for module `\_90_modfloor'.
Generating RTLIL representation for module `\_90_pow'.
Generating RTLIL representation for module `\_90_pmux'.
Generating RTLIL representation for module `\_90_demux'.
Generating RTLIL representation for module `\_90_lut'.
Generating RTLIL representation for module `$connect'.
Generating RTLIL representation for module `$input_port'.
Successfully finished Verilog frontend.

2.37.5.2. Continuing TECHMAP pass.
No more expansions possible.
<suppressed ~240 debug messages>

2.37.6. Executing OPT pass (performing simple optimizations).

2.37.6.1. Executing OPT_EXPR pass (perform const folding).

2.37.6.2. Executing OPT_MERGE pass (detect identical cells).
Parsing Verilog input from `/opt/homebrew/bin/../share/yosys/techmap.v' to AST representation.
Generating RTLIL representation for module `\_90_simplemap_bool_ops'.
Generating RTLIL representation for module `\_90_simplemap_reduce_ops'.
Generating RTLIL representation for module `\_90_simplemap_logic_ops'.
Generating RTLIL representation for module `\_90_simplemap_compare_ops'.
Generating RTLIL representation for module `\_90_simplemap_various'.
Generating RTLIL representation for module `\_90_simplemap_registers'.
Generating RTLIL representation for module `\_90_shift_ops_shr_shl_sshl_sshr'.
Generating RTLIL representation for module `\_90_shift_shiftx'.
Generating RTLIL representation for module `\_90_fa'.
Generating RTLIL representation for module `\_90_lcu_brent_kung'.
Generating RTLIL representation for module `\_90_alu'.
Generating RTLIL representation for module `\_90_macc'.
Generating RTLIL representation for module `\_90_alumacc'.
Generating RTLIL representation for module `$__div_mod_u'.
Generating RTLIL representation for module `$__div_mod_trunc'.
Generating RTLIL representation for module `\_90_div'.
Generating RTLIL representation for module `\_90_mod'.
Generating RTLIL representation for module `$__div_mod_floor'.
Generating RTLIL representation for module `\_90_divfloor'.
Generating RTLIL representation for module `\_90_modfloor'.
Generating RTLIL representation for module `\_90_pow'.
Generating RTLIL representation for module `\_90_pmux'.
Generating RTLIL representation for module `\_90_demux'.
Generating RTLIL representation for module `\_90_lut'.
Generating RTLIL representation for module `$connect'.
Generating RTLIL representation for module `$input_port'.
Successfully finished Verilog frontend.

2.37.5.2. Continuing TECHMAP pass.

2.37.7. Executing TECHMAP pass (map to technology primitives).

2.37.7.1. Executing Verilog-2005 frontend: /opt/homebrew/bin/../share/yosys/abc9_map.v
Parsing Verilog input from `/opt/homebrew/bin/../share/yosys/abc9_map.v' to AST representation.
Successfully finished Verilog frontend.

2.37.7.2. Continuing TECHMAP pass.
No more expansions possible.
Removed a total of 0 cells.

2.37.6.3. Executing OPT_MUXTREE pass (detect dead branches in mux trees).
Removed 0 multiplexer ports.

2.37.6.4. Executing OPT_REDUCE pass (consolidate $*mux and $reduce_* inputs).
Performed a total of 0 changes.

2.37.6.5. Executing OPT_MERGE pass (detect identical cells).
Removed a total of 0 cells.

2.37.6.6. Executing OPT_DFF pass (perform DFF optimizations).

2.37.6.7. Executing OPT_CLEAN pass (remove unused cells and wires).

2.37.6.8. Executing OPT_EXPR pass (perform const folding).
No more expansions possible.
<suppressed ~240 debug messages>

2.37.6. Executing OPT pass (performing simple optimizations).

2.37.6.1. Executing OPT_EXPR pass (perform const folding).
<suppressed ~2 debug messages>

2.37.8. Executing Verilog-2005 frontend: /opt/homebrew/bin/../share/yosys/abc9_model.v

2.37.6.2. Executing OPT_MERGE pass (detect identical cells).
Removed a total of 0 cells.

2.37.6.3. Executing OPT_MUXTREE pass (detect dead branches in mux trees).
Removed 0 multiplexer ports.

2.37.6.4. Executing OPT_REDUCE pass (consolidate $*mux and $reduce_* inputs).
Performed a total of 0 changes.

2.37.6.5. Executing OPT_MERGE pass (detect identical cells).

2.37.6.9. Finished fast OPT passes. (There is nothing left to do.)
Removed a total of 0 cells.

2.37.6.6. Executing OPT_DFF pass (perform DFF optimizations).

2.37.6.7. Executing OPT_CLEAN pass (remove unused cells and wires).

2.37.6.8. Executing OPT_EXPR pass (perform const folding).

2.37.6.9. Finished fast OPT passes. (There is nothing left to do.)
Parsing Verilog input from `/opt/homebrew/bin/../share/yosys/abc9_model.v' to AST representation.
Replacing existing blackbox module `$__ABC9_DELAY' at /opt/homebrew/bin/../share/yosys/abc9_model.v:2.1-7.10.
Generating RTLIL representation for module `$__ABC9_DELAY'.
Replacing existing blackbox module `$__ABC9_SCC_BREAKER' at /opt/homebrew/bin/../share/yosys/abc9_model.v:9.1-11.10.
Generating RTLIL representation for module `$__ABC9_SCC_BREAKER'.
Replacing existing module `$__DFF_N__$abc9_flop' at /opt/homebrew/bin/../share/yosys/abc9_model.v:14.1-20.10.
Generating RTLIL representation for module `$__DFF_N__$abc9_flop'.
Replacing existing module `$__DFF_P__$abc9_flop' at /opt/homebrew/bin/../share/yosys/abc9_model.v:23.1-29.10.
Generating RTLIL representation for module `$__DFF_P__$abc9_flop'.
Successfully finished Verilog frontend.

2.37.9. Executing ABC9_OPS pass (helper functions for ABC9).

2.37.10. Executing ABC9_OPS pass (helper functions for ABC9).

2.37.11. Executing ABC9_OPS pass (helper functions for ABC9).
<suppressed ~2 debug messages>

2.37.12. Executing AIGMAP pass (map logic to AIG).
Module top: replaced 0 cells with 0 new cells, skipped 17 cells.
  not replaced 4 cell types:
       4 IBUF
       1 CLKDIV
       1 IDES4
      11 OBUF

2.37.12.1. Executing ABC9_OPS pass (helper functions for ABC9).

2.37.12.2. Executing ABC9_OPS pass (helper functions for ABC9).

2.37.12.3. Executing XAIGER backend.
<suppressed ~5 debug messages>
Extracted 0 AND gates and 26 wires from module `top' to a netlist network with 24 inputs and 20 outputs.

2.37.12.4. Executing ABC9_EXE pass (technology mapping using ABC9).

2.37.7. Executing TECHMAP pass (map to technology primitives).

2.37.7.1. Executing Verilog-2005 frontend: /opt/homebrew/bin/../share/yosys/abc9_map.v
Parsing Verilog input from `/opt/homebrew/bin/../share/yosys/abc9_map.v' to AST representation.
Successfully finished Verilog frontend.

2.37.7.2. Continuing TECHMAP pass.
No more expansions possible.

2.37.12.5. Executing ABC9.
<suppressed ~2 debug messages>

2.37.8. Executing Verilog-2005 frontend: /opt/homebrew/bin/../share/yosys/abc9_model.v
Parsing Verilog input from `/opt/homebrew/bin/../share/yosys/abc9_model.v' to AST representation.
Replacing existing blackbox module `$__ABC9_DELAY' at /opt/homebrew/bin/../share/yosys/abc9_model.v:2.1-7.10.
Generating RTLIL representation for module `$__ABC9_DELAY'.
Replacing existing blackbox module `$__ABC9_SCC_BREAKER' at /opt/homebrew/bin/../share/yosys/abc9_model.v:9.1-11.10.
Generating RTLIL representation for module `$__ABC9_SCC_BREAKER'.
Replacing existing module `$__DFF_N__$abc9_flop' at /opt/homebrew/bin/../share/yosys/abc9_model.v:14.1-20.10.
Generating RTLIL representation for module `$__DFF_N__$abc9_flop'.
Replacing existing module `$__DFF_P__$abc9_flop' at /opt/homebrew/bin/../share/yosys/abc9_model.v:23.1-29.10.
Generating RTLIL representation for module `$__DFF_P__$abc9_flop'.
Successfully finished Verilog frontend.

2.37.9. Executing ABC9_OPS pass (helper functions for ABC9).

2.37.10. Executing ABC9_OPS pass (helper functions for ABC9).

2.37.11. Executing ABC9_OPS pass (helper functions for ABC9).

2.37.7. Executing TECHMAP pass (map to technology primitives).

2.37.7.1. Executing Verilog-2005 frontend: /opt/homebrew/bin/../share/yosys/abc9_map.v
Parsing Verilog input from `/opt/homebrew/bin/../share/yosys/abc9_map.v' to AST representation.
Successfully finished Verilog frontend.

2.37.7.2. Continuing TECHMAP pass.
No more expansions possible.
<suppressed ~2 debug messages>

2.37.12. Executing AIGMAP pass (map logic to AIG).
Module top: replaced 0 cells with 0 new cells, skipped 8 cells.
  not replaced 4 cell types:
       5 IBUF
       1 CLKDIV
       1 OVIDEO
       1 OBUF

2.37.12.1. Executing ABC9_OPS pass (helper functions for ABC9).

2.37.12.2. Executing ABC9_OPS pass (helper functions for ABC9).

2.37.12.3. Executing XAIGER backend.
<suppressed ~2 debug messages>

2.37.8. Executing Verilog-2005 frontend: /opt/homebrew/bin/../share/yosys/abc9_model.v
Parsing Verilog input from `/opt/homebrew/bin/../share/yosys/abc9_model.v' to AST representation.
Replacing existing blackbox module `$__ABC9_DELAY' at /opt/homebrew/bin/../share/yosys/abc9_model.v:2.1-7.10.
Generating RTLIL representation for module `$__ABC9_DELAY'.
Replacing existing blackbox module `$__ABC9_SCC_BREAKER' at /opt/homebrew/bin/../share/yosys/abc9_model.v:9.1-11.10.
Generating RTLIL representation for module `$__ABC9_SCC_BREAKER'.
Replacing existing module `$__DFF_N__$abc9_flop' at /opt/homebrew/bin/../share/yosys/abc9_model.v:14.1-20.10.
Generating RTLIL representation for module `$__DFF_N__$abc9_flop'.
Replacing existing module `$__DFF_P__$abc9_flop' at /opt/homebrew/bin/../share/yosys/abc9_model.v:23.1-29.10.
Generating RTLIL representation for module `$__DFF_P__$abc9_flop'.
Successfully finished Verilog frontend.

2.37.9. Executing ABC9_OPS pass (helper functions for ABC9).

2.37.10. Executing ABC9_OPS pass (helper functions for ABC9).
<suppressed ~5 debug messages>
Extracted 0 AND gates and 15 wires from module `top' to a netlist network with 13 inputs and 8 outputs.

2.37.12.4. Executing ABC9_EXE pass (technology mapping using ABC9).

2.37.12.5. Executing ABC9.

2.37.11. Executing ABC9_OPS pass (helper functions for ABC9).
<suppressed ~2 debug messages>

2.37.12. Executing AIGMAP pass (map logic to AIG).
Module top: replaced 0 cells with 0 new cells, skipped 17 cells.
  not replaced 4 cell types:
       4 IBUF
       1 CLKDIV
       1 IDES8
      11 OBUF

2.37.12.1. Executing ABC9_OPS pass (helper functions for ABC9).

2.37.12.2. Executing ABC9_OPS pass (helper functions for ABC9).

2.37.12.3. Executing XAIGER backend.
<suppressed ~5 debug messages>
Extracted 0 AND gates and 30 wires from module `top' to a netlist network with 28 inputs and 24 outputs.

2.37.12.4. Executing ABC9_EXE pass (technology mapping using ABC9).

2.37.12.5. Executing ABC9.
Running ABC command: "<yosys-exe-dir>/yosys-abc" -s -f <abc-temp-dir>/abc.script 2>&1
ABC: ======== ABC command line "source <abc-temp-dir>/abc.script"
ABC: + read_lut <abc-temp-dir>/input.lut 
ABC: + read_box <abc-temp-dir>/input.box 
ABC: + &read <abc-temp-dir>/input.xaig 
ABC: + &ps 
ABC: <abc-temp-dir>/input : i/o =     24/     20  and =       0  lev =    0 (0.00)  mem = 0.00 MB  box = 0  bb = 0
ABC: + &scorr 
ABC: Warning: The network is combinational.
ABC: + &sweep 
ABC: + &dc2 
ABC: + &dch -f -r 
ABC: + &ps 
ABC: <abc-temp-dir>/input : i/o =     24/     20  and =       0  lev =    0 (0.00)  mem = 0.00 MB  ch =    0  box = 0  bb = 0
ABC: cst =       0  cls =      0  lit =       0  unused =      24  proof =     0
ABC: + &if -W 500 -v 
ABC: K = 8. Memory (bytes): Truth =    0. Cut =   68. Obj =  152. Set =  708. CutMin = no
ABC: Node =       0.  Ch =     0.  Total mem =    0.01 MB. Peak cut mem =    0.00 MB.
ABC: P:  Del =    0.00.  Ar =       0.0.  Edge =        0.  Cut =        0.  T =     0.00 sec
ABC: P:  Del =    0.00.  Ar =       0.0.  Edge =        0.  Cut =        0.  T =     0.00 sec
ABC: P:  Del =    0.00.  Ar =       0.0.  Edge =        0.  Cut =        0.  T =     0.00 sec
ABC: F:  Del =    0.00.  Ar =       0.0.  Edge =        0.  Cut =        0.  T =     0.00 sec
ABC: A:  Del =    0.00.  Ar =       0.0.  Edge =        0.  Cut =        0.  T =     0.00 sec
ABC: A:  Del =    0.00.  Ar =       0.0.  Edge =        0.  Cut =        0.  T =     0.00 sec
ABC: Total time =     0.00 sec
ABC: + &write -n <abc-temp-dir>/output.aig 
ABC: + &mfs 
ABC: Timing manager is given but there is no GIA of boxes.
ABC: Error: Abc_FrameUpdateGia(): Transformation has failed.
ABC: + &ps -l 
ABC: <abc-temp-dir>/input : i/o =     24/     20  and =       0  lev =    0 (0.00)  mem = 0.00 MB  box = 0  bb = 0
ABC: Mapping (K=0)  :  lut =      0  edge =       0  lev =    0 (0.00)  mem = 0.00 MB
ABC: LUT = 0 : Ave = 0.00
ABC: + &write -n <abc-temp-dir>/output.aig 
ABC: + &verify 
ABC: Networks are equivalent.  Time =     0.00 sec
ABC: + time 
ABC: elapse: 0.02 seconds, total: 0.02 seconds

2.37.12.6. Executing AIGER frontend.
<suppressed ~96 debug messages>
Removed 0 unused cells and 44 unused wires.

2.37.12.7. Executing ABC9_OPS pass (helper functions for ABC9).
ABC RESULTS:           input signals:        4
ABC RESULTS:          output signals:       20
Removing temp directory.

2.37.13. Executing TECHMAP pass (map to technology primitives).

2.37.13.1. Executing Verilog-2005 frontend: /opt/homebrew/bin/../share/yosys/abc9_unmap.v
Parsing Verilog input from `/opt/homebrew/bin/../share/yosys/abc9_unmap.v' to AST representation.
Generating RTLIL representation for module `$__DFF_x__$abc9_flop'.
Generating RTLIL representation for module `$__ABC9_SCC_BREAKER'.
Successfully finished Verilog frontend.

2.37.13.2. Continuing TECHMAP pass.
No more expansions possible.
<suppressed ~5 debug messages>
Removed 0 unused cells and 24 unused wires.

2.38. Executing TECHMAP pass (map to technology primitives).

2.38.1. Executing Verilog-2005 frontend: /opt/homebrew/bin/../share/yosys/gowin/cells_map.v
Parsing Verilog input from `/opt/homebrew/bin/../share/yosys/gowin/cells_map.v' to AST representation.
Generating RTLIL representation for module `$_DFF_N_'.
Generating RTLIL representation for module `$_DFF_P_'.
Generating RTLIL representation for module `$_DFFE_PP_'.
Generating RTLIL representation for module `$_DFFE_NP_'.
Generating RTLIL representation for module `$_SDFF_PP0_'.
Generating RTLIL representation for module `$_SDFF_NP0_'.
Generating RTLIL representation for module `$_SDFFE_PP0P_'.
Generating RTLIL representation for module `$_SDFFE_NP0P_'.
Generating RTLIL representation for module `$_SDFF_PP1_'.
Generating RTLIL representation for module `$_SDFF_NP1_'.
Generating RTLIL representation for module `$_SDFFE_PP1P_'.
Generating RTLIL representation for module `$_SDFFE_NP1P_'.
Generating RTLIL representation for module `$_DFF_PP1_'.
Generating RTLIL representation for module `$_DFF_NP1_'.
Generating RTLIL representation for module `$_DFF_PP0_'.
Generating RTLIL representation for module `$_DFF_NP0_'.
Generating RTLIL representation for module `$_DFFE_PP1P_'.
Generating RTLIL representation for module `$_DFFE_NP1P_'.
Generating RTLIL representation for module `$_DFFE_PP0P_'.
Generating RTLIL representation for module `$_DFFE_NP0P_'.
Generating RTLIL representation for module `$lut'.
Successfully finished Verilog frontend.

2.38.2. Continuing TECHMAP pass.
No more expansions possible.
<suppressed ~23 debug messages>

2.39. Executing OPT_LUT_INS pass (discard unused LUT inputs).
Optimizing LUTs in top.

2.40. Executing SETUNDEF pass (replace undef values with defined constants).

2.41. Executing HILOMAP pass (mapping to constant drivers).

2.42. Executing AUTONAME pass.
Renamed 25 objects in module top (10 iterations).
<suppressed ~25 debug messages>

2.43. Executing HIERARCHY pass (managing design hierarchy).
Attribute `top' found on module `top'. Setting top module to top.

2.43.1. Analyzing design hierarchy..
Top module:  \top

2.43.2. Analyzing design hierarchy..
Running ABC command: "<yosys-exe-dir>/yosys-abc" -s -f <abc-temp-dir>/abc.script 2>&1
ABC: ======== ABC command line "source <abc-temp-dir>/abc.script"
ABC: + read_lut <abc-temp-dir>/input.lut 
ABC: + read_box <abc-temp-dir>/input.box 
ABC: + &read <abc-temp-dir>/input.xaig 
ABC: + &ps 
ABC: <abc-temp-dir>/input : i/o =     13/      8  and =       0  lev =    0 (0.00)  mem = 0.00 MB  box = 0  bb = 0
ABC: + &scorr 
ABC: Warning: The network is combinational.
ABC: + &sweep 
ABC: + &dc2 
ABC: + &dch -f -r 
ABC: + &ps 
ABC: <abc-temp-dir>/input : i/o =     13/      8  and =       0  lev =    0 (0.00)  mem = 0.00 MB  ch =    0  box = 0  bb = 0
ABC: cst =       0  cls =      0  lit =       0  unused =      13  proof =     0
ABC: + &if -W 500 -v 
ABC: K = 8. Memory (bytes): Truth =    0. Cut =   68. Obj =  152. Set =  708. CutMin = no
ABC: Node =       0.  Ch =     0.  Total mem =    0.00 MB. Peak cut mem =    0.00 MB.
ABC: P:  Del =    0.00.  Ar =       0.0.  Edge =        0.  Cut =        0.  T =     0.00 sec
ABC: P:  Del =    0.00.  Ar =       0.0.  Edge =        0.  Cut =        0.  T =     0.00 sec
ABC: P:  Del =    0.00.  Ar =       0.0.  Edge =        0.  Cut =        0.  T =     0.00 sec
ABC: F:  Del =    0.00.  Ar =       0.0.  Edge =        0.  Cut =        0.  T =     0.00 sec
ABC: A:  Del =    0.00.  Ar =       0.0.  Edge =        0.  Cut =        0.  T =     0.00 sec
ABC: A:  Del =    0.00.  Ar =       0.0.  Edge =        0.  Cut =        0.  T =     0.00 sec
ABC: Total time =     0.00 sec
ABC: + &write -n <abc-temp-dir>/output.aig 
ABC: + &mfs 
ABC: Timing manager is given but there is no GIA of boxes.
ABC: Error: Abc_FrameUpdateGia(): Transformation has failed.
ABC: + &ps -l 
ABC: <abc-temp-dir>/input : i/o =     13/      8  and =       0  lev =    0 (0.00)  mem = 0.00 MB  box = 0  bb = 0
ABC: Mapping (K=0)  :  lut =      0  edge =       0  lev =    0 (0.00)  mem = 0.00 MB
ABC: LUT = 0 : Ave = 0.00
ABC: + &write -n <abc-temp-dir>/output.aig 
ABC: + &verify 
ABC: Networks are equivalent.  Time =     0.00 sec
ABC: + time 
ABC: elapse: 0.03 seconds, total: 0.03 seconds

2.37.12.6. Executing AIGER frontend.
<suppressed ~50 debug messages>
Removed 0 unused cells and 21 unused wires.

2.37.12.7. Executing ABC9_OPS pass (helper functions for ABC9).
Top module:  \top
Removed 0 unused modules.

2.44. Printing statistics.
ABC RESULTS:           input signals:        5
ABC RESULTS:          output signals:        8
Removing temp directory.

=== top ===

        +----------Local Count, excluding submodules.
        | 
       25 wires
       25 wire bits
       25 public wires
       25 public wire bits
       15 ports
       15 port bits
       18 cells
        1   CLKDIV
        1   GND
        4   IBUF
        1   IDES4
       11   OBUF

2.45. Executing CHECK pass (checking for obvious problems).

2.37.13. Executing TECHMAP pass (map to technology primitives).

2.37.13.1. Executing Verilog-2005 frontend: /opt/homebrew/bin/../share/yosys/abc9_unmap.v
Parsing Verilog input from `/opt/homebrew/bin/../share/yosys/abc9_unmap.v' to AST representation.
Generating RTLIL representation for module `$__DFF_x__$abc9_flop'.
Generating RTLIL representation for module `$__ABC9_SCC_BREAKER'.
Successfully finished Verilog frontend.

2.37.13.2. Continuing TECHMAP pass.
No more expansions possible.
Checking module top...
Found and reported 0 problems.

2.46. Executing JSON backend.
<suppressed ~5 debug messages>
Removed 0 unused cells and 13 unused wires.

2.38. Executing TECHMAP pass (map to technology primitives).

2.38.1. Executing Verilog-2005 frontend: /opt/homebrew/bin/../share/yosys/gowin/cells_map.v
Parsing Verilog input from `/opt/homebrew/bin/../share/yosys/gowin/cells_map.v' to AST representation.
Generating RTLIL representation for module `$_DFF_N_'.
Generating RTLIL representation for module `$_DFF_P_'.
Generating RTLIL representation for module `$_DFFE_PP_'.
Generating RTLIL representation for module `$_DFFE_NP_'.
Generating RTLIL representation for module `$_SDFF_PP0_'.
Generating RTLIL representation for module `$_SDFF_NP0_'.
Generating RTLIL representation for module `$_SDFFE_PP0P_'.
Generating RTLIL representation for module `$_SDFFE_NP0P_'.
Generating RTLIL representation for module `$_SDFF_PP1_'.
Generating RTLIL representation for module `$_SDFF_NP1_'.
Generating RTLIL representation for module `$_SDFFE_PP1P_'.
Generating RTLIL representation for module `$_SDFFE_NP1P_'.
Generating RTLIL representation for module `$_DFF_PP1_'.
Generating RTLIL representation for module `$_DFF_NP1_'.
Generating RTLIL representation for module `$_DFF_PP0_'.
Generating RTLIL representation for module `$_DFF_NP0_'.
Generating RTLIL representation for module `$_DFFE_PP1P_'.
Generating RTLIL representation for module `$_DFFE_NP1P_'.
Generating RTLIL representation for module `$_DFFE_PP0P_'.
Generating RTLIL representation for module `$_DFFE_NP0P_'.
Generating RTLIL representation for module `$lut'.
Successfully finished Verilog frontend.

2.38.2. Continuing TECHMAP pass.
No more expansions possible.
<suppressed ~23 debug messages>

2.39. Executing OPT_LUT_INS pass (discard unused LUT inputs).
Optimizing LUTs in top.

2.40. Executing SETUNDEF pass (replace undef values with defined constants).

2.41. Executing HILOMAP pass (mapping to constant drivers).

2.42. Executing AUTONAME pass.
Renamed 14 objects in module top (10 iterations).
<suppressed ~14 debug messages>

2.43. Executing HIERARCHY pass (managing design hierarchy).
Attribute `top' found on module `top'. Setting top module to top.

2.43.1. Analyzing design hierarchy..
Top module:  \top

2.43.2. Analyzing design hierarchy..
Top module:  \top
Removed 0 unused modules.

2.44. Printing statistics.

=== top ===

        +----------Local Count, excluding submodules.
        | 
       14 wires
       14 wire bits
       14 public wires
       14 public wire bits
        6 ports
        6 port bits
        9 cells
        1   CLKDIV
        1   GND
        5   IBUF
        1   OBUF
        1   OVIDEO

2.45. Executing CHECK pass (checking for obvious problems).
Checking module top...
Found and reported 0 problems.

2.46. Executing JSON backend.

End of script. Logfile hash: 8504c590ca, CPU: user 0.40s system 0.05s, MEM: 33.19 MB peak
Yosys 0.63 (git sha1 70a11c6bf0e8dd669f56c7da3587f78b405138e2, clang++ 17.0.0 -fPIC -O3)
Time spent: 41% 19x read_verilog (0 sec), 16% 1x abc9_exe (0 sec), ...
yosys -p "read_verilog ides10-io.v; synth_gowin -json ides10-io-tangmega138k-synth.json -family gw5a -setundef"

End of script. Logfile hash: 60be9fbc51, CPU: user 0.39s system 0.05s, MEM: 33.05 MB peak
Yosys 0.63 (git sha1 70a11c6bf0e8dd669f56c7da3587f78b405138e2, clang++ 17.0.0 -fPIC -O3)
Time spent: 40% 19x read_verilog (0 sec), 17% 1x abc9_exe (0 sec), ...
yosys -p "read_verilog oser16-io.v; synth_gowin -json oser16-io-tangmega138k-synth.json -family gw5a -setundef"

 /----------------------------------------------------------------------------\
 |  yosys -- Yosys Open SYnthesis Suite                                       |
 |  Copyright (C) 2012 - 2026  Claire Xenia Wolf <claire@yosyshq.com>         |
 |  Distributed under an ISC-like license, type "license" to see terms        |
 \----------------------------------------------------------------------------/
 Yosys 0.63 (git sha1 70a11c6bf0e8dd669f56c7da3587f78b405138e2, clang++ 17.0.0 -fPIC -O3)

-- Running command `read_verilog ides10-io.v; synth_gowin -json ides10-io-tangmega138k-synth.json -family gw5a -setundef' --

1. Executing Verilog-2005 frontend: ides10-io.v
Parsing Verilog input from `ides10-io.v' to AST representation.
Generating RTLIL representation for module `\top'.
Successfully finished Verilog frontend.

2. Executing SYNTH_GOWIN pass.

2.1. Executing Verilog-2005 frontend: /opt/homebrew/bin/../share/yosys/gowin/cells_sim.v

 /----------------------------------------------------------------------------\
 |  yosys -- Yosys Open SYnthesis Suite                                       |
 |  Copyright (C) 2012 - 2026  Claire Xenia Wolf <claire@yosyshq.com>         |
 |  Distributed under an ISC-like license, type "license" to see terms        |
 \----------------------------------------------------------------------------/
 Yosys 0.63 (git sha1 70a11c6bf0e8dd669f56c7da3587f78b405138e2, clang++ 17.0.0 -fPIC -O3)

-- Running command `read_verilog oser16-io.v; synth_gowin -json oser16-io-tangmega138k-synth.json -family gw5a -setundef' --

1. Executing Verilog-2005 frontend: oser16-io.v
Parsing Verilog input from `oser16-io.v' to AST representation.
Generating RTLIL representation for module `\top'.
Successfully finished Verilog frontend.

2. Executing SYNTH_GOWIN pass.

2.1. Executing Verilog-2005 frontend: /opt/homebrew/bin/../share/yosys/gowin/cells_sim.v
Running ABC command: "<yosys-exe-dir>/yosys-abc" -s -f <abc-temp-dir>/abc.script 2>&1
ABC: ======== ABC command line "source <abc-temp-dir>/abc.script"
ABC: + read_lut <abc-temp-dir>/input.lut 
ABC: + read_box <abc-temp-dir>/input.box 
ABC: + &read <abc-temp-dir>/input.xaig 
ABC: + &ps 
ABC: <abc-temp-dir>/input : i/o =     28/     24  and =       0  lev =    0 (0.00)  mem = 0.00 MB  box = 0  bb = 0
ABC: + &scorr 
ABC: Warning: The network is combinational.
ABC: + &sweep 
ABC: + &dc2 
ABC: + &dch -f -r 
ABC: + &ps 
ABC: <abc-temp-dir>/input : i/o =     28/     24  and =       0  lev =    0 (0.00)  mem = 0.00 MB  ch =    0  box = 0  bb = 0
ABC: cst =       0  cls =      0  lit =       0  unused =      28  proof =     0
ABC: + &if -W 500 -v 
ABC: K = 8. Memory (bytes): Truth =    0. Cut =   68. Obj =  152. Set =  708. CutMin = no
ABC: Node =       0.  Ch =     0.  Total mem =    0.01 MB. Peak cut mem =    0.00 MB.
ABC: P:  Del =    0.00.  Ar =       0.0.  Edge =        0.  Cut =        0.  T =     0.00 sec
ABC: P:  Del =    0.00.  Ar =       0.0.  Edge =        0.  Cut =        0.  T =     0.00 sec
ABC: P:  Del =    0.00.  Ar =       0.0.  Edge =        0.  Cut =        0.  T =     0.00 sec
ABC: F:  Del =    0.00.  Ar =       0.0.  Edge =        0.  Cut =        0.  T =     0.00 sec
ABC: A:  Del =    0.00.  Ar =       0.0.  Edge =        0.  Cut =        0.  T =     0.00 sec
ABC: A:  Del =    0.00.  Ar =       0.0.  Edge =        0.  Cut =        0.  T =     0.00 sec
ABC: Total time =     0.00 sec
ABC: + &write -n <abc-temp-dir>/output.aig 
ABC: + &mfs 
ABC: Timing manager is given but there is no GIA of boxes.
ABC: Error: Abc_FrameUpdateGia(): Transformation has failed.
ABC: + &ps -l 
ABC: <abc-temp-dir>/input : i/o =     28/     24  and =       0  lev =    0 (0.00)  mem = 0.00 MB  box = 0  bb = 0
ABC: Mapping (K=0)  :  lut =      0  edge =       0  lev =    0 (0.00)  mem = 0.00 MB
ABC: LUT = 0 : Ave = 0.00
ABC: + &write -n <abc-temp-dir>/output.aig 
ABC: + &verify 
ABC: Networks are equivalent.  Time =     0.00 sec
ABC: + time 
ABC: elapse: 0.03 seconds, total: 0.03 seconds

2.37.12.6. Executing AIGER frontend.
<suppressed ~112 debug messages>
Removed 0 unused cells and 52 unused wires.

2.37.12.7. Executing ABC9_OPS pass (helper functions for ABC9).
ABC RESULTS:           input signals:        4
ABC RESULTS:          output signals:       24
Removing temp directory.

2.37.13. Executing TECHMAP pass (map to technology primitives).

2.37.13.1. Executing Verilog-2005 frontend: /opt/homebrew/bin/../share/yosys/abc9_unmap.v
Parsing Verilog input from `/opt/homebrew/bin/../share/yosys/abc9_unmap.v' to AST representation.
Generating RTLIL representation for module `$__DFF_x__$abc9_flop'.
Generating RTLIL representation for module `$__ABC9_SCC_BREAKER'.
Successfully finished Verilog frontend.

2.37.13.2. Continuing TECHMAP pass.
No more expansions possible.
<suppressed ~5 debug messages>
Removed 0 unused cells and 28 unused wires.

2.38. Executing TECHMAP pass (map to technology primitives).

2.38.1. Executing Verilog-2005 frontend: /opt/homebrew/bin/../share/yosys/gowin/cells_map.v
Parsing Verilog input from `/opt/homebrew/bin/../share/yosys/gowin/cells_map.v' to AST representation.
Generating RTLIL representation for module `$_DFF_N_'.
Generating RTLIL representation for module `$_DFF_P_'.
Generating RTLIL representation for module `$_DFFE_PP_'.
Generating RTLIL representation for module `$_DFFE_NP_'.
Generating RTLIL representation for module `$_SDFF_PP0_'.
Generating RTLIL representation for module `$_SDFF_NP0_'.
Generating RTLIL representation for module `$_SDFFE_PP0P_'.
Generating RTLIL representation for module `$_SDFFE_NP0P_'.
Generating RTLIL representation for module `$_SDFF_PP1_'.
Generating RTLIL representation for module `$_SDFF_NP1_'.
Generating RTLIL representation for module `$_SDFFE_PP1P_'.
Generating RTLIL representation for module `$_SDFFE_NP1P_'.
Generating RTLIL representation for module `$_DFF_PP1_'.
Generating RTLIL representation for module `$_DFF_NP1_'.
Generating RTLIL representation for module `$_DFF_PP0_'.
Generating RTLIL representation for module `$_DFF_NP0_'.
Generating RTLIL representation for module `$_DFFE_PP1P_'.
Generating RTLIL representation for module `$_DFFE_NP1P_'.
Generating RTLIL representation for module `$_DFFE_PP0P_'.
Generating RTLIL representation for module `$_DFFE_NP0P_'.
Generating RTLIL representation for module `$lut'.
Successfully finished Verilog frontend.

2.38.2. Continuing TECHMAP pass.
No more expansions possible.
<suppressed ~23 debug messages>

2.39. Executing OPT_LUT_INS pass (discard unused LUT inputs).
Optimizing LUTs in top.

2.40. Executing SETUNDEF pass (replace undef values with defined constants).

2.41. Executing HILOMAP pass (mapping to constant drivers).

2.42. Executing AUTONAME pass.
Renamed 29 objects in module top (10 iterations).
<suppressed ~29 debug messages>

2.43. Executing HIERARCHY pass (managing design hierarchy).
Attribute `top' found on module `top'. Setting top module to top.

2.43.1. Analyzing design hierarchy..
Top module:  \top

2.43.2. Analyzing design hierarchy..
Top module:  \top
Removed 0 unused modules.

2.44. Printing statistics.

=== top ===

        +----------Local Count, excluding submodules.
        | 
       29 wires
       29 wire bits
       29 public wires
       29 public wire bits
       15 ports
       15 port bits
       18 cells
        1   CLKDIV
        1   GND
        4   IBUF
        1   IDES8
       11   OBUF

2.45. Executing CHECK pass (checking for obvious problems).
Checking module top...
Found and reported 0 problems.

2.46. Executing JSON backend.

End of script. Logfile hash: b6a3bfa42e, CPU: user 0.39s system 0.06s, MEM: 33.11 MB peak
Yosys 0.63 (git sha1 70a11c6bf0e8dd669f56c7da3587f78b405138e2, clang++ 17.0.0 -fPIC -O3)
Time spent: 40% 19x read_verilog (0 sec), 17% 1x abc9_exe (0 sec), ...
yosys -p "read_verilog ides16-io.v; synth_gowin -json ides16-io-tangmega138k-synth.json -family gw5a -setundef"

 /----------------------------------------------------------------------------\
 |  yosys -- Yosys Open SYnthesis Suite                                       |
 |  Copyright (C) 2012 - 2026  Claire Xenia Wolf <claire@yosyshq.com>         |
 |  Distributed under an ISC-like license, type "license" to see terms        |
 \----------------------------------------------------------------------------/
 Yosys 0.63 (git sha1 70a11c6bf0e8dd669f56c7da3587f78b405138e2, clang++ 17.0.0 -fPIC -O3)

-- Running command `read_verilog ides16-io.v; synth_gowin -json ides16-io-tangmega138k-synth.json -family gw5a -setundef' --

1. Executing Verilog-2005 frontend: ides16-io.v
Parsing Verilog input from `ides16-io.v' to AST representation.
Generating RTLIL representation for module `\top'.
Successfully finished Verilog frontend.

2. Executing SYNTH_GOWIN pass.

2.1. Executing Verilog-2005 frontend: /opt/homebrew/bin/../share/yosys/gowin/cells_sim.v
Parsing Verilog input from `/opt/homebrew/bin/../share/yosys/gowin/cells_sim.v' to AST representation.
Generating RTLIL representation for module `\LUT1'.
Generating RTLIL representation for module `\LUT2'.
Generating RTLIL representation for module `\LUT3'.
Generating RTLIL representation for module `\LUT4'.
Generating RTLIL representation for module `\__APICULA_LUT5'.
Generating RTLIL representation for module `\__APICULA_LUT6'.
Generating RTLIL representation for module `\__APICULA_LUT7'.
Generating RTLIL representation for module `\__APICULA_LUT8'.
Generating RTLIL representation for module `\MUX2'.
Generating RTLIL representation for module `\MUX2_LUT5'.
Generating RTLIL representation for module `\MUX2_LUT6'.
Generating RTLIL representation for module `\MUX2_LUT7'.
Generating RTLIL representation for module `\MUX2_LUT8'.
Generating RTLIL representation for module `\DFF'.
Generating RTLIL representation for module `\DFFE'.
Generating RTLIL representation for module `\DFFS'.
Generating RTLIL representation for module `\DFFSE'.
Generating RTLIL representation for module `\DFFR'.
Generating RTLIL representation for module `\DFFRE'.
Generating RTLIL representation for module `\DFFP'.
Generating RTLIL representation for module `\DFFPE'.
Generating RTLIL representation for module `\DFFC'.
Generating RTLIL representation for module `\DFFCE'.
Generating RTLIL representation for module `\DFFN'.
Generating RTLIL representation for module `\DFFNE'.
Generating RTLIL representation for module `\DFFNS'.
Generating RTLIL representation for module `\DFFNSE'.
Generating RTLIL representation for module `\DFFNR'.
Generating RTLIL representation for module `\DFFNRE'.
Generating RTLIL representation for module `\DFFNP'.
Generating RTLIL representation for module `\DFFNPE'.
Generating RTLIL representation for module `\DFFNC'.
Generating RTLIL representation for module `\DFFNCE'.
Generating RTLIL representation for module `\VCC'.
Generating RTLIL representation for module `\GND'.
Generating RTLIL representation for module `\IBUF'.
Generating RTLIL representation for module `\OBUF'.
Generating RTLIL representation for module `\TBUF'.
Generating RTLIL representation for module `\IOBUF'.
Generating RTLIL representation for module `\ELVDS_OBUF'.
Generating RTLIL representation for module `\TLVDS_OBUF'.
Generating RTLIL representation for module `\OSER4'.
Generating RTLIL representation for module `\OSER4_MEM'.
Generating RTLIL representation for module `\OSER8'.
Generating RTLIL representation for module `\OSER10'.
Generating RTLIL representation for module `\OVIDEO'.
Generating RTLIL representation for module `\OSER16'.
Generating RTLIL representation for module `\IDES4'.
Generating RTLIL representation for module `\IDES4_MEM'.
Generating RTLIL representation for module `\IDES8'.
Generating RTLIL representation for module `\IDES10'.
Generating RTLIL representation for module `\IVIDEO'.
Generating RTLIL representation for module `\IDES16'.
Generating RTLIL representation for module `\IDDR'.
Generating RTLIL representation for module `\IDDRC'.
Generating RTLIL representation for module `\DQS'.
Generating RTLIL representation for module `\ODDR'.
Generating RTLIL representation for module `\ODDRC'.
Generating RTLIL representation for module `\GSR'.
Generating RTLIL representation for module `\BANDGAP'.
Generating RTLIL representation for module `\ALU'.
Generating RTLIL representation for module `\RAM16S1'.
Generating RTLIL representation for module `\RAM16S2'.
Generating RTLIL representation for module `\RAM16S4'.
Generating RTLIL representation for module `\RAM16SDP1'.
Generating RTLIL representation for module `\RAM16SDP2'.
Generating RTLIL representation for module `\RAM16SDP4'.
Generating RTLIL representation for module `\SP'.
Generating RTLIL representation for module `\SPX9'.
Generating RTLIL representation for module `\SDP'.
Generating RTLIL representation for module `\SDPX9'.
Generating RTLIL representation for module `\DP'.
Generating RTLIL representation for module `\DPX9'.
Generating RTLIL representation for module `\rPLL'.
Generating RTLIL representation for module `\PLLVR'.
Generating RTLIL representation for module `\OSC'.
Generating RTLIL representation for module `\OSCZ'.
Generating RTLIL representation for module `\OSCF'.
Generating RTLIL representation for module `\OSCH'.
Generating RTLIL representation for module `\OSCW'.
Generating RTLIL representation for module `\OSCO'.
Generating RTLIL representation for module `\EMCU'.
Successfully finished Verilog frontend.

2.2. Executing Verilog-2005 frontend: /opt/homebrew/bin/../share/yosys/gowin/cells_xtra_gw5a.v
Parsing Verilog input from `/opt/homebrew/bin/../share/yosys/gowin/cells_sim.v' to AST representation.
Generating RTLIL representation for module `\LUT1'.
Generating RTLIL representation for module `\LUT2'.
Generating RTLIL representation for module `\LUT3'.
Generating RTLIL representation for module `\LUT4'.
Generating RTLIL representation for module `\__APICULA_LUT5'.
Generating RTLIL representation for module `\__APICULA_LUT6'.
Generating RTLIL representation for module `\__APICULA_LUT7'.
Generating RTLIL representation for module `\__APICULA_LUT8'.
Generating RTLIL representation for module `\MUX2'.
Generating RTLIL representation for module `\MUX2_LUT5'.
Generating RTLIL representation for module `\MUX2_LUT6'.
Generating RTLIL representation for module `\MUX2_LUT7'.
Generating RTLIL representation for module `\MUX2_LUT8'.
Generating RTLIL representation for module `\DFF'.
Generating RTLIL representation for module `\DFFE'.
Generating RTLIL representation for module `\DFFS'.
Generating RTLIL representation for module `\DFFSE'.
Generating RTLIL representation for module `\DFFR'.
Generating RTLIL representation for module `\DFFRE'.
Generating RTLIL representation for module `\DFFP'.
Generating RTLIL representation for module `\DFFPE'.
Generating RTLIL representation for module `\DFFC'.
Generating RTLIL representation for module `\DFFCE'.
Generating RTLIL representation for module `\DFFN'.
Generating RTLIL representation for module `\DFFNE'.
Generating RTLIL representation for module `\DFFNS'.
Generating RTLIL representation for module `\DFFNSE'.
Generating RTLIL representation for module `\DFFNR'.
Generating RTLIL representation for module `\DFFNRE'.
Generating RTLIL representation for module `\DFFNP'.
Generating RTLIL representation for module `\DFFNPE'.
Generating RTLIL representation for module `\DFFNC'.
Generating RTLIL representation for module `\DFFNCE'.
Generating RTLIL representation for module `\VCC'.
Generating RTLIL representation for module `\GND'.
Generating RTLIL representation for module `\IBUF'.
Generating RTLIL representation for module `\OBUF'.
Generating RTLIL representation for module `\TBUF'.
Generating RTLIL representation for module `\IOBUF'.
Generating RTLIL representation for module `\ELVDS_OBUF'.
Generating RTLIL representation for module `\TLVDS_OBUF'.
Generating RTLIL representation for module `\OSER4'.
Generating RTLIL representation for module `\OSER4_MEM'.
Generating RTLIL representation for module `\OSER8'.
Generating RTLIL representation for module `\OSER10'.
Generating RTLIL representation for module `\OVIDEO'.
Generating RTLIL representation for module `\OSER16'.
Generating RTLIL representation for module `\IDES4'.
Generating RTLIL representation for module `\IDES4_MEM'.
Generating RTLIL representation for module `\IDES8'.
Generating RTLIL representation for module `\IDES10'.
Generating RTLIL representation for module `\IVIDEO'.
Generating RTLIL representation for module `\IDES16'.
Generating RTLIL representation for module `\IDDR'.
Generating RTLIL representation for module `\IDDRC'.
Generating RTLIL representation for module `\DQS'.
Generating RTLIL representation for module `\ODDR'.
Generating RTLIL representation for module `\ODDRC'.
Generating RTLIL representation for module `\GSR'.
Generating RTLIL representation for module `\BANDGAP'.
Generating RTLIL representation for module `\ALU'.
Generating RTLIL representation for module `\RAM16S1'.
Generating RTLIL representation for module `\RAM16S2'.
Generating RTLIL representation for module `\RAM16S4'.
Generating RTLIL representation for module `\RAM16SDP1'.
Generating RTLIL representation for module `\RAM16SDP2'.
Generating RTLIL representation for module `\RAM16SDP4'.
Generating RTLIL representation for module `\SP'.
Generating RTLIL representation for module `\SPX9'.
Generating RTLIL representation for module `\SDP'.
Generating RTLIL representation for module `\SDPX9'.
Generating RTLIL representation for module `\DP'.
Generating RTLIL representation for module `\DPX9'.
Generating RTLIL representation for module `\rPLL'.
Generating RTLIL representation for module `\PLLVR'.
Generating RTLIL representation for module `\OSC'.
Generating RTLIL representation for module `\OSCZ'.
Generating RTLIL representation for module `\OSCF'.
Generating RTLIL representation for module `\OSCH'.
Generating RTLIL representation for module `\OSCW'.
Generating RTLIL representation for module `\OSCO'.
Generating RTLIL representation for module `\EMCU'.
Successfully finished Verilog frontend.

2.2. Executing Verilog-2005 frontend: /opt/homebrew/bin/../share/yosys/gowin/cells_xtra_gw5a.v
Parsing Verilog input from `/opt/homebrew/bin/../share/yosys/gowin/cells_sim.v' to AST representation.
Generating RTLIL representation for module `\LUT1'.
Generating RTLIL representation for module `\LUT2'.
Generating RTLIL representation for module `\LUT3'.
Generating RTLIL representation for module `\LUT4'.
Generating RTLIL representation for module `\__APICULA_LUT5'.
Generating RTLIL representation for module `\__APICULA_LUT6'.
Generating RTLIL representation for module `\__APICULA_LUT7'.
Generating RTLIL representation for module `\__APICULA_LUT8'.
Generating RTLIL representation for module `\MUX2'.
Generating RTLIL representation for module `\MUX2_LUT5'.
Generating RTLIL representation for module `\MUX2_LUT6'.
Generating RTLIL representation for module `\MUX2_LUT7'.
Generating RTLIL representation for module `\MUX2_LUT8'.
Generating RTLIL representation for module `\DFF'.
Generating RTLIL representation for module `\DFFE'.
Generating RTLIL representation for module `\DFFS'.
Generating RTLIL representation for module `\DFFSE'.
Generating RTLIL representation for module `\DFFR'.
Generating RTLIL representation for module `\DFFRE'.
Generating RTLIL representation for module `\DFFP'.
Generating RTLIL representation for module `\DFFPE'.
Generating RTLIL representation for module `\DFFC'.
Generating RTLIL representation for module `\DFFCE'.
Generating RTLIL representation for module `\DFFN'.
Generating RTLIL representation for module `\DFFNE'.
Generating RTLIL representation for module `\DFFNS'.
Generating RTLIL representation for module `\DFFNSE'.
Generating RTLIL representation for module `\DFFNR'.
Generating RTLIL representation for module `\DFFNRE'.
Generating RTLIL representation for module `\DFFNP'.
Generating RTLIL representation for module `\DFFNPE'.
Generating RTLIL representation for module `\DFFNC'.
Generating RTLIL representation for module `\DFFNCE'.
Generating RTLIL representation for module `\VCC'.
Generating RTLIL representation for module `\GND'.
Generating RTLIL representation for module `\IBUF'.
Generating RTLIL representation for module `\OBUF'.
Generating RTLIL representation for module `\TBUF'.
Generating RTLIL representation for module `\IOBUF'.
Generating RTLIL representation for module `\ELVDS_OBUF'.
Generating RTLIL representation for module `\TLVDS_OBUF'.
Generating RTLIL representation for module `\OSER4'.
Generating RTLIL representation for module `\OSER4_MEM'.
Generating RTLIL representation for module `\OSER8'.
Generating RTLIL representation for module `\OSER10'.
Generating RTLIL representation for module `\OVIDEO'.
Generating RTLIL representation for module `\OSER16'.
Generating RTLIL representation for module `\IDES4'.
Generating RTLIL representation for module `\IDES4_MEM'.
Generating RTLIL representation for module `\IDES8'.
Generating RTLIL representation for module `\IDES10'.
Generating RTLIL representation for module `\IVIDEO'.
Generating RTLIL representation for module `\IDES16'.
Generating RTLIL representation for module `\IDDR'.
Generating RTLIL representation for module `\IDDRC'.
Generating RTLIL representation for module `\DQS'.
Generating RTLIL representation for module `\ODDR'.
Generating RTLIL representation for module `\ODDRC'.
Generating RTLIL representation for module `\GSR'.
Generating RTLIL representation for module `\BANDGAP'.
Generating RTLIL representation for module `\ALU'.
Generating RTLIL representation for module `\RAM16S1'.
Generating RTLIL representation for module `\RAM16S2'.
Generating RTLIL representation for module `\RAM16S4'.
Generating RTLIL representation for module `\RAM16SDP1'.
Generating RTLIL representation for module `\RAM16SDP2'.
Generating RTLIL representation for module `\RAM16SDP4'.
Generating RTLIL representation for module `\SP'.
Generating RTLIL representation for module `\SPX9'.
Generating RTLIL representation for module `\SDP'.
Generating RTLIL representation for module `\SDPX9'.
Generating RTLIL representation for module `\DP'.
Generating RTLIL representation for module `\DPX9'.
Generating RTLIL representation for module `\rPLL'.
Generating RTLIL representation for module `\PLLVR'.
Generating RTLIL representation for module `\OSC'.
Generating RTLIL representation for module `\OSCZ'.
Generating RTLIL representation for module `\OSCF'.
Generating RTLIL representation for module `\OSCH'.
Generating RTLIL representation for module `\OSCW'.
Generating RTLIL representation for module `\OSCO'.
Generating RTLIL representation for module `\EMCU'.
Successfully finished Verilog frontend.

2.2. Executing Verilog-2005 frontend: /opt/homebrew/bin/../share/yosys/gowin/cells_xtra_gw5a.v
Parsing Verilog input from `/opt/homebrew/bin/../share/yosys/gowin/cells_xtra_gw5a.v' to AST representation.
Generating RTLIL representation for module `\LUT5'.
Generating RTLIL representation for module `\LUT6'.
Generating RTLIL representation for module `\LUT7'.
Generating RTLIL representation for module `\LUT8'.
Generating RTLIL representation for module `\ROM16'.
Generating RTLIL representation for module `\INV'.
Generating RTLIL representation for module `\TLVDS_IBUF'.
Generating RTLIL representation for module `\TLVDS_TBUF'.
Generating RTLIL representation for module `\TLVDS_IOBUF'.
Generating RTLIL representation for module `\ELVDS_TBUF'.
Generating RTLIL representation for module `\ELVDS_IOBUF'.
Generating RTLIL representation for module `\MIPI_IBUF'.
Generating RTLIL representation for module `\MIPI_OBUF_A'.
Generating RTLIL representation for module `\ELVDS_IOBUF_R'.
Generating RTLIL representation for module `\I3C_IOBUF'.
Generating RTLIL representation for module `\TLVDS_IBUF_ADC'.
Generating RTLIL representation for module `\MIPI_CPHY_IBUF'.
Generating RTLIL representation for module `\MIPI_CPHY_OBUF'.
Generating RTLIL representation for module `\SDPB'.
Generating RTLIL representation for module `\SDPX9B'.
Generating RTLIL representation for module `\DPB'.
Generating RTLIL representation for module `\DPX9B'.
Generating RTLIL representation for module `\pROM'.
Generating RTLIL representation for module `\pROMX9'.
Generating RTLIL representation for module `\SDP36KE'.
Generating RTLIL representation for module `\SDP136K'.
Generating RTLIL representation for module `\MULTADDALU12X12'.
Generating RTLIL representation for module `\MULTALU27X18'.
Generating RTLIL representation for module `\MULT12X12'.
Generating RTLIL representation for module `\MULT27X36'.
Generating RTLIL representation for module `\MULTACC'.
Generating RTLIL representation for module `\IDDR_MEM'.
Generating RTLIL representation for module `\ODDR_MEM'.
Replacing existing blackbox module `\IDES4_MEM' at /opt/homebrew/bin/../share/yosys/gowin/cells_xtra_gw5a.v:1033.1-1038.10.
Generating RTLIL representation for module `\IDES4_MEM'.
Generating RTLIL representation for module `\IDES8_MEM'.
Generating RTLIL representation for module `\IDES14'.
Generating RTLIL representation for module `\IDES32'.
Replacing existing blackbox module `\OSER4_MEM' at /opt/homebrew/bin/../share/yosys/gowin/cells_xtra_gw5a.v:1062.1-1070.10.
Generating RTLIL representation for module `\OSER4_MEM'.
Generating RTLIL representation for module `\OSER8_MEM'.
Generating RTLIL representation for module `\OSER14'.
Generating RTLIL representation for module `\IODELAY'.
Generating RTLIL representation for module `\OSIDES32'.
Generating RTLIL representation for module `\OSIDES64'.
Generating RTLIL representation for module `\DCE'.
Generating RTLIL representation for module `\DCS'.
Generating RTLIL representation for module `\DDRDLL'.
Generating RTLIL representation for module `\DLLDLY'.
Generating RTLIL representation for module `\CLKDIV'.
Generating RTLIL representation for module `\CLKDIV2'.
Generating RTLIL representation for module `\DHCE'.
Generating RTLIL representation for module `\OSCA'.
Generating RTLIL representation for module `\OSCB'.
Generating RTLIL representation for module `\PLL'.
Generating RTLIL representation for module `\PLLA'.
Generating RTLIL representation for module `\AE350_SOC'.
Generating RTLIL representation for module `\AE350_RAM'.
Generating RTLIL representation for module `\SAMB'.
Generating RTLIL representation for module `\OTP'.
Generating RTLIL representation for module `\CMSER'.
Generating RTLIL representation for module `\CMSERA'.
Generating RTLIL representation for module `\CMSERB'.
Generating RTLIL representation for module `\SAMBA'.
Generating RTLIL representation for module `\LICD'.
Generating RTLIL representation for module `\MIPI_DPHY'.
Generating RTLIL representation for module `\MIPI_DPHYA'.
Generating RTLIL representation for module `\MIPI_CPHY'.
Generating RTLIL representation for module `\GTR12_QUAD'.
Generating RTLIL representation for module `\GTR12_UPAR'.
Generating RTLIL representation for module `\GTR12_PMAC'.
Generating RTLIL representation for module `\GTR12_QUADA'.
Generating RTLIL representation for module `\GTR12_UPARA'.
Generating RTLIL representation for module `\GTR12_PMACA'.
Generating RTLIL representation for module `\GTR12_QUADB'.
Replacing existing blackbox module `\DQS' at /opt/homebrew/bin/../share/yosys/gowin/cells_xtra_gw5a.v:2512.1-2527.10.
Generating RTLIL representation for module `\DQS'.
Generating RTLIL representation for module `\ADCLRC'.
Generating RTLIL representation for module `\ADCULC'.
Generating RTLIL representation for module `\ADC'.
Generating RTLIL representation for module `\ADC_SAR'.
Generating RTLIL representation for module `\ADCA'.
Successfully finished Verilog frontend.

2.3. Executing HIERARCHY pass (managing design hierarchy).

2.3.1. Finding top of design hierarchy..
root of   1 design levels: top                 
Automatically selected top as design top module.

2.3.2. Analyzing design hierarchy..
Top module:  \top

2.3.3. Analyzing design hierarchy..
Top module:  \top
Removed 0 unused modules.

2.4. Executing PROC pass (convert processes to netlists).

2.4.1. Executing PROC_CLEAN pass (remove empty switches from decision trees).
Cleaned up 0 empty switches.

2.4.2. Executing PROC_RMDEAD pass (remove dead branches from decision trees).
Removed a total of 0 dead cases.

2.4.3. Executing PROC_PRUNE pass (remove redundant assignments in processes).
Removed 0 redundant assignments.
Promoted 0 assignments to connections.

2.4.4. Executing PROC_INIT pass (extract init attributes).

2.4.5. Executing PROC_ARST pass (detect async resets in processes).

2.4.6. Executing PROC_ROM pass (convert switches to ROMs).
Converted 0 switches.

2.4.7. Executing PROC_MUX pass (convert decision trees to multiplexers).

2.4.8. Executing PROC_DLATCH pass (convert process syncs to latches).

2.4.9. Executing PROC_DFF pass (convert process syncs to FFs).

2.4.10. Executing PROC_MEMWR pass (convert process memory writes to cells).

2.4.11. Executing PROC_CLEAN pass (remove empty switches from decision trees).
Cleaned up 0 empty switches.

2.4.12. Executing OPT_EXPR pass (perform const folding).
Optimizing module top.

2.5. Executing FLATTEN pass (flatten design).

2.6. Executing TRIBUF pass.

2.7. Executing DEMINOUT pass (demote inout ports to input or output).

2.8. Executing OPT_EXPR pass (perform const folding).
Optimizing module top.

2.9. Executing OPT_CLEAN pass (remove unused cells and wires).
Finding unused cells or wires in module \top..

2.10. Executing CHECK pass (checking for obvious problems).
Checking module top...
Found and reported 0 problems.

2.11. Executing OPT pass (performing simple optimizations).

2.11.1. Executing OPT_EXPR pass (perform const folding).
Optimizing module top.

2.11.2. Executing OPT_MERGE pass (detect identical cells).
Finding identical cells in module `\top'.
Computing hashes of 2 cells of `\top'.
Finding duplicate cells in `\top'.
Removed a total of 0 cells.

2.11.3. Executing OPT_MUXTREE pass (detect dead branches in mux trees).
Running muxtree optimizer on module \top..
  Creating internal representation of mux trees.
  No muxes found in this module.
Removed 0 multiplexer ports.

2.11.4. Executing OPT_REDUCE pass (consolidate $*mux and $reduce_* inputs).
  Optimizing cells in module \top.
Performed a total of 0 changes.

2.11.5. Executing OPT_MERGE pass (detect identical cells).
Finding identical cells in module `\top'.
Computing hashes of 2 cells of `\top'.
Finding duplicate cells in `\top'.
Removed a total of 0 cells.

2.11.6. Executing OPT_DFF pass (perform DFF optimizations).

2.11.7. Executing OPT_CLEAN pass (remove unused cells and wires).
Finding unused cells or wires in module \top..

2.11.8. Executing OPT_EXPR pass (perform const folding).
Optimizing module top.

2.11.9. Finished fast OPT passes. (There is nothing left to do.)

2.12. Executing FSM pass (extract and optimize FSM).

2.12.1. Executing FSM_DETECT pass (finding FSMs in design).

2.12.2. Executing FSM_EXTRACT pass (extracting FSM from design).

2.12.3. Executing FSM_OPT pass (simple optimizations of FSMs).

2.12.4. Executing OPT_CLEAN pass (remove unused cells and wires).
Parsing Verilog input from `/opt/homebrew/bin/../share/yosys/gowin/cells_xtra_gw5a.v' to AST representation.
Generating RTLIL representation for module `\LUT5'.
Generating RTLIL representation for module `\LUT6'.
Generating RTLIL representation for module `\LUT7'.
Generating RTLIL representation for module `\LUT8'.
Generating RTLIL representation for module `\ROM16'.
Generating RTLIL representation for module `\INV'.
Generating RTLIL representation for module `\TLVDS_IBUF'.
Generating RTLIL representation for module `\TLVDS_TBUF'.
Generating RTLIL representation for module `\TLVDS_IOBUF'.
Generating RTLIL representation for module `\ELVDS_TBUF'.
Generating RTLIL representation for module `\ELVDS_IOBUF'.
Generating RTLIL representation for module `\MIPI_IBUF'.
Generating RTLIL representation for module `\MIPI_OBUF_A'.
Generating RTLIL representation for module `\ELVDS_IOBUF_R'.
Generating RTLIL representation for module `\I3C_IOBUF'.
Generating RTLIL representation for module `\TLVDS_IBUF_ADC'.
Generating RTLIL representation for module `\MIPI_CPHY_IBUF'.
Generating RTLIL representation for module `\MIPI_CPHY_OBUF'.
Generating RTLIL representation for module `\SDPB'.
Generating RTLIL representation for module `\SDPX9B'.
Generating RTLIL representation for module `\DPB'.
Generating RTLIL representation for module `\DPX9B'.
Generating RTLIL representation for module `\pROM'.
Generating RTLIL representation for module `\pROMX9'.
Generating RTLIL representation for module `\SDP36KE'.
Generating RTLIL representation for module `\SDP136K'.
Generating RTLIL representation for module `\MULTADDALU12X12'.
Generating RTLIL representation for module `\MULTALU27X18'.
Generating RTLIL representation for module `\MULT12X12'.
Generating RTLIL representation for module `\MULT27X36'.
Generating RTLIL representation for module `\MULTACC'.
Generating RTLIL representation for module `\IDDR_MEM'.
Generating RTLIL representation for module `\ODDR_MEM'.
Replacing existing blackbox module `\IDES4_MEM' at /opt/homebrew/bin/../share/yosys/gowin/cells_xtra_gw5a.v:1033.1-1038.10.
Generating RTLIL representation for module `\IDES4_MEM'.
Generating RTLIL representation for module `\IDES8_MEM'.
Generating RTLIL representation for module `\IDES14'.
Generating RTLIL representation for module `\IDES32'.
Replacing existing blackbox module `\OSER4_MEM' at /opt/homebrew/bin/../share/yosys/gowin/cells_xtra_gw5a.v:1062.1-1070.10.
Generating RTLIL representation for module `\OSER4_MEM'.
Generating RTLIL representation for module `\OSER8_MEM'.
Generating RTLIL representation for module `\OSER14'.
Generating RTLIL representation for module `\IODELAY'.
Generating RTLIL representation for module `\OSIDES32'.
Generating RTLIL representation for module `\OSIDES64'.
Generating RTLIL representation for module `\DCE'.
Generating RTLIL representation for module `\DCS'.
Generating RTLIL representation for module `\DDRDLL'.
Generating RTLIL representation for module `\DLLDLY'.
Generating RTLIL representation for module `\CLKDIV'.
Generating RTLIL representation for module `\CLKDIV2'.
Generating RTLIL representation for module `\DHCE'.
Generating RTLIL representation for module `\OSCA'.
Generating RTLIL representation for module `\OSCB'.
Generating RTLIL representation for module `\PLL'.
Generating RTLIL representation for module `\PLLA'.
Generating RTLIL representation for module `\AE350_SOC'.
Generating RTLIL representation for module `\AE350_RAM'.
Generating RTLIL representation for module `\SAMB'.
Generating RTLIL representation for module `\OTP'.
Generating RTLIL representation for module `\CMSER'.
Generating RTLIL representation for module `\CMSERA'.
Generating RTLIL representation for module `\CMSERB'.
Generating RTLIL representation for module `\SAMBA'.
Generating RTLIL representation for module `\LICD'.
Generating RTLIL representation for module `\MIPI_DPHY'.
Generating RTLIL representation for module `\MIPI_DPHYA'.
Generating RTLIL representation for module `\MIPI_CPHY'.
Generating RTLIL representation for module `\GTR12_QUAD'.
Generating RTLIL representation for module `\GTR12_UPAR'.
Generating RTLIL representation for module `\GTR12_PMAC'.
Generating RTLIL representation for module `\GTR12_QUADA'.
Generating RTLIL representation for module `\GTR12_UPARA'.
Generating RTLIL representation for module `\GTR12_PMACA'.
Generating RTLIL representation for module `\GTR12_QUADB'.
Replacing existing blackbox module `\DQS' at /opt/homebrew/bin/../share/yosys/gowin/cells_xtra_gw5a.v:2512.1-2527.10.
Generating RTLIL representation for module `\DQS'.
Generating RTLIL representation for module `\ADCLRC'.
Generating RTLIL representation for module `\ADCULC'.
Generating RTLIL representation for module `\ADC'.
Generating RTLIL representation for module `\ADC_SAR'.
Generating RTLIL representation for module `\ADCA'.
Successfully finished Verilog frontend.

2.3. Executing HIERARCHY pass (managing design hierarchy).

2.3.1. Finding top of design hierarchy..
root of   1 design levels: top                 
Automatically selected top as design top module.

2.3.2. Analyzing design hierarchy..
Top module:  \top

2.3.3. Analyzing design hierarchy..
Top module:  \top
Removed 0 unused modules.

2.4. Executing PROC pass (convert processes to netlists).

2.4.1. Executing PROC_CLEAN pass (remove empty switches from decision trees).
Cleaned up 0 empty switches.

2.4.2. Executing PROC_RMDEAD pass (remove dead branches from decision trees).
Removed a total of 0 dead cases.

2.4.3. Executing PROC_PRUNE pass (remove redundant assignments in processes).
Removed 0 redundant assignments.
Promoted 0 assignments to connections.

2.4.4. Executing PROC_INIT pass (extract init attributes).

2.4.5. Executing PROC_ARST pass (detect async resets in processes).

2.4.6. Executing PROC_ROM pass (convert switches to ROMs).
Converted 0 switches.

2.4.7. Executing PROC_MUX pass (convert decision trees to multiplexers).

2.4.8. Executing PROC_DLATCH pass (convert process syncs to latches).

2.4.9. Executing PROC_DFF pass (convert process syncs to FFs).

2.4.10. Executing PROC_MEMWR pass (convert process memory writes to cells).

2.4.11. Executing PROC_CLEAN pass (remove empty switches from decision trees).
Cleaned up 0 empty switches.

2.4.12. Executing OPT_EXPR pass (perform const folding).
Optimizing module top.
Finding unused cells or wires in module \top..

2.12.5. Executing FSM_OPT pass (simple optimizations of FSMs).

2.12.6. Executing FSM_RECODE pass (re-assigning FSM state encoding).

2.12.7. Executing FSM_INFO pass (dumping all available information on FSM cells).

2.5. Executing FLATTEN pass (flatten design).

2.12.8. Executing FSM_MAP pass (mapping FSMs to basic logic).

2.6. Executing TRIBUF pass.

2.7. Executing DEMINOUT pass (demote inout ports to input or output).

2.8. Executing OPT_EXPR pass (perform const folding).
Optimizing module top.

2.9. Executing OPT_CLEAN pass (remove unused cells and wires).

2.13. Executing OPT pass (performing simple optimizations).

2.13.1. Executing OPT_EXPR pass (perform const folding).
Finding unused cells or wires in module \top..

2.10. Executing CHECK pass (checking for obvious problems).
Checking module top...
Found and reported 0 problems.

2.11. Executing OPT pass (performing simple optimizations).

2.11.1. Executing OPT_EXPR pass (perform const folding).
Optimizing module top.

2.11.2. Executing OPT_MERGE pass (detect identical cells).
Finding identical cells in module `\top'.
Computing hashes of 2 cells of `\top'.
Finding duplicate cells in `\top'.
Removed a total of 0 cells.

2.11.3. Executing OPT_MUXTREE pass (detect dead branches in mux trees).
Running muxtree optimizer on module \top..
  Creating internal representation of mux trees.
  No muxes found in this module.
Removed 0 multiplexer ports.

2.11.4. Executing OPT_REDUCE pass (consolidate $*mux and $reduce_* inputs).
  Optimizing cells in module \top.
Performed a total of 0 changes.

2.11.5. Executing OPT_MERGE pass (detect identical cells).
Finding identical cells in module `\top'.
Computing hashes of 2 cells of `\top'.
Finding duplicate cells in `\top'.
Removed a total of 0 cells.

2.11.6. Executing OPT_DFF pass (perform DFF optimizations).

2.11.7. Executing OPT_CLEAN pass (remove unused cells and wires).
Optimizing module top.
Finding unused cells or wires in module \top..

2.11.8. Executing OPT_EXPR pass (perform const folding).

2.13.2. Executing OPT_MERGE pass (detect identical cells).
Finding identical cells in module `\top'.
Computing hashes of 2 cells of `\top'.
Finding duplicate cells in `\top'.
Removed a total of 0 cells.

2.13.3. Executing OPT_MUXTREE pass (detect dead branches in mux trees).
Running muxtree optimizer on module \top..
  Creating internal representation of mux trees.
  No muxes found in this module.
Removed 0 multiplexer ports.

2.13.4. Executing OPT_REDUCE pass (consolidate $*mux and $reduce_* inputs).
  Optimizing cells in module \top.
Performed a total of 0 changes.

2.13.5. Executing OPT_MERGE pass (detect identical cells).
Finding identical cells in module `\top'.
Computing hashes of 2 cells of `\top'.
Finding duplicate cells in `\top'.
Removed a total of 0 cells.

2.13.6. Executing OPT_DFF pass (perform DFF optimizations).

2.13.7. Executing OPT_CLEAN pass (remove unused cells and wires).
Optimizing module top.
Finding unused cells or wires in module \top..

2.13.8. Executing OPT_EXPR pass (perform const folding).
Optimizing module top.

2.13.9. Finished fast OPT passes. (There is nothing left to do.)

2.14. Executing WREDUCE pass (reducing word size of cells).

2.15. Executing PEEPOPT pass (run peephole optimizers).

2.16. Executing OPT_CLEAN pass (remove unused cells and wires).
Finding unused cells or wires in module \top..

2.17. Executing SHARE pass (SAT-based resource sharing).

2.18. Executing ALUMACC pass (create $alu and $macc cells).
Extracting $alu and $macc cells in module top:
  created 0 $alu and 0 $macc cells.

2.19. Executing OPT pass (performing simple optimizations).

2.19.1. Executing OPT_EXPR pass (perform const folding).
Optimizing module top.

2.19.2. Executing OPT_MERGE pass (detect identical cells).
Finding identical cells in module `\top'.
Computing hashes of 2 cells of `\top'.
Finding duplicate cells in `\top'.
Removed a total of 0 cells.

2.19.3. Executing OPT_MUXTREE pass (detect dead branches in mux trees).
Running muxtree optimizer on module \top..
  Creating internal representation of mux trees.
  No muxes found in this module.
Removed 0 multiplexer ports.

2.19.4. Executing OPT_REDUCE pass (consolidate $*mux and $reduce_* inputs).
  Optimizing cells in module \top.
Performed a total of 0 changes.

2.19.5. Executing OPT_MERGE pass (detect identical cells).
Finding identical cells in module `\top'.
Computing hashes of 2 cells of `\top'.
Finding duplicate cells in `\top'.
Removed a total of 0 cells.

2.19.6. Executing OPT_DFF pass (perform DFF optimizations).

2.19.7. Executing OPT_CLEAN pass (remove unused cells and wires).

2.11.9. Finished fast OPT passes. (There is nothing left to do.)
Finding unused cells or wires in module \top..

2.19.8. Executing OPT_EXPR pass (perform const folding).

2.12. Executing FSM pass (extract and optimize FSM).

2.12.1. Executing FSM_DETECT pass (finding FSMs in design).

2.12.2. Executing FSM_EXTRACT pass (extracting FSM from design).
Optimizing module top.

2.12.3. Executing FSM_OPT pass (simple optimizations of FSMs).

2.19.9. Finished fast OPT passes. (There is nothing left to do.)

2.12.4. Executing OPT_CLEAN pass (remove unused cells and wires).

2.20. Executing MEMORY pass.

2.20.1. Executing OPT_MEM pass (optimize memories).
Performed a total of 0 transformations.

2.20.2. Executing OPT_MEM_PRIORITY pass (removing unnecessary memory write priority relations).
Performed a total of 0 transformations.

2.20.3. Executing OPT_MEM_FEEDBACK pass (finding memory read-to-write feedback paths).

2.20.4. Executing MEMORY_BMUX2ROM pass (converting muxes to ROMs).

2.20.5. Executing MEMORY_DFF pass (merging $dff cells to $memrd).
Finding unused cells or wires in module \top..

2.12.5. Executing FSM_OPT pass (simple optimizations of FSMs).

2.12.6. Executing FSM_RECODE pass (re-assigning FSM state encoding).

2.12.7. Executing FSM_INFO pass (dumping all available information on FSM cells).

2.12.8. Executing FSM_MAP pass (mapping FSMs to basic logic).

2.13. Executing OPT pass (performing simple optimizations).

2.13.1. Executing OPT_EXPR pass (perform const folding).

2.20.6. Executing OPT_CLEAN pass (remove unused cells and wires).
Optimizing module top.

2.13.2. Executing OPT_MERGE pass (detect identical cells).
Finding identical cells in module `\top'.
Computing hashes of 2 cells of `\top'.
Finding duplicate cells in `\top'.
Removed a total of 0 cells.

2.13.3. Executing OPT_MUXTREE pass (detect dead branches in mux trees).
Running muxtree optimizer on module \top..
  Creating internal representation of mux trees.
  No muxes found in this module.
Removed 0 multiplexer ports.

2.13.4. Executing OPT_REDUCE pass (consolidate $*mux and $reduce_* inputs).
  Optimizing cells in module \top.
Performed a total of 0 changes.

2.13.5. Executing OPT_MERGE pass (detect identical cells).
Finding identical cells in module `\top'.
Computing hashes of 2 cells of `\top'.
Finding duplicate cells in `\top'.
Removed a total of 0 cells.

2.13.6. Executing OPT_DFF pass (perform DFF optimizations).
Finding unused cells or wires in module \top..

2.20.7. Executing MEMORY_SHARE pass (consolidating $memrd/$memwr cells).

2.13.7. Executing OPT_CLEAN pass (remove unused cells and wires).
Finding unused cells or wires in module \top..

2.13.8. Executing OPT_EXPR pass (perform const folding).

2.20.8. Executing OPT_MEM_WIDEN pass (optimize memories where all ports are wide).
Performed a total of 0 transformations.

2.20.9. Executing OPT_CLEAN pass (remove unused cells and wires).
Finding unused cells or wires in module \top..

2.20.10. Executing MEMORY_COLLECT pass (generating $mem cells).

2.21. Executing OPT_CLEAN pass (remove unused cells and wires).
Optimizing module top.
Finding unused cells or wires in module \top..

2.13.9. Finished fast OPT passes. (There is nothing left to do.)

2.14. Executing WREDUCE pass (reducing word size of cells).

2.22. Executing MEMORY_LIBMAP pass (mapping memories to cells).
Parsing Verilog input from `/opt/homebrew/bin/../share/yosys/gowin/cells_xtra_gw5a.v' to AST representation.
Generating RTLIL representation for module `\LUT5'.
Generating RTLIL representation for module `\LUT6'.
Generating RTLIL representation for module `\LUT7'.
Generating RTLIL representation for module `\LUT8'.
Generating RTLIL representation for module `\ROM16'.
Generating RTLIL representation for module `\INV'.
Generating RTLIL representation for module `\TLVDS_IBUF'.
Generating RTLIL representation for module `\TLVDS_TBUF'.
Generating RTLIL representation for module `\TLVDS_IOBUF'.
Generating RTLIL representation for module `\ELVDS_TBUF'.
Generating RTLIL representation for module `\ELVDS_IOBUF'.
Generating RTLIL representation for module `\MIPI_IBUF'.
Generating RTLIL representation for module `\MIPI_OBUF_A'.
Generating RTLIL representation for module `\ELVDS_IOBUF_R'.
Generating RTLIL representation for module `\I3C_IOBUF'.
Generating RTLIL representation for module `\TLVDS_IBUF_ADC'.
Generating RTLIL representation for module `\MIPI_CPHY_IBUF'.
Generating RTLIL representation for module `\MIPI_CPHY_OBUF'.
Generating RTLIL representation for module `\SDPB'.
Generating RTLIL representation for module `\SDPX9B'.
Generating RTLIL representation for module `\DPB'.
Generating RTLIL representation for module `\DPX9B'.
Generating RTLIL representation for module `\pROM'.
Generating RTLIL representation for module `\pROMX9'.
Generating RTLIL representation for module `\SDP36KE'.
Generating RTLIL representation for module `\SDP136K'.
Generating RTLIL representation for module `\MULTADDALU12X12'.
Generating RTLIL representation for module `\MULTALU27X18'.
Generating RTLIL representation for module `\MULT12X12'.
Generating RTLIL representation for module `\MULT27X36'.
Generating RTLIL representation for module `\MULTACC'.
Generating RTLIL representation for module `\IDDR_MEM'.
Generating RTLIL representation for module `\ODDR_MEM'.
Replacing existing blackbox module `\IDES4_MEM' at /opt/homebrew/bin/../share/yosys/gowin/cells_xtra_gw5a.v:1033.1-1038.10.
Generating RTLIL representation for module `\IDES4_MEM'.
Generating RTLIL representation for module `\IDES8_MEM'.
Generating RTLIL representation for module `\IDES14'.
Generating RTLIL representation for module `\IDES32'.
Replacing existing blackbox module `\OSER4_MEM' at /opt/homebrew/bin/../share/yosys/gowin/cells_xtra_gw5a.v:1062.1-1070.10.
Generating RTLIL representation for module `\OSER4_MEM'.
Generating RTLIL representation for module `\OSER8_MEM'.
Generating RTLIL representation for module `\OSER14'.
Generating RTLIL representation for module `\IODELAY'.
Generating RTLIL representation for module `\OSIDES32'.
Generating RTLIL representation for module `\OSIDES64'.
Generating RTLIL representation for module `\DCE'.
Generating RTLIL representation for module `\DCS'.
Generating RTLIL representation for module `\DDRDLL'.
Generating RTLIL representation for module `\DLLDLY'.
Generating RTLIL representation for module `\CLKDIV'.
Generating RTLIL representation for module `\CLKDIV2'.
Generating RTLIL representation for module `\DHCE'.
Generating RTLIL representation for module `\OSCA'.
Generating RTLIL representation for module `\OSCB'.
Generating RTLIL representation for module `\PLL'.
Generating RTLIL representation for module `\PLLA'.
Generating RTLIL representation for module `\AE350_SOC'.
Generating RTLIL representation for module `\AE350_RAM'.
Generating RTLIL representation for module `\SAMB'.
Generating RTLIL representation for module `\OTP'.
Generating RTLIL representation for module `\CMSER'.
Generating RTLIL representation for module `\CMSERA'.
Generating RTLIL representation for module `\CMSERB'.
Generating RTLIL representation for module `\SAMBA'.
Generating RTLIL representation for module `\LICD'.
Generating RTLIL representation for module `\MIPI_DPHY'.
Generating RTLIL representation for module `\MIPI_DPHYA'.
Generating RTLIL representation for module `\MIPI_CPHY'.
Generating RTLIL representation for module `\GTR12_QUAD'.
Generating RTLIL representation for m
2.15. Executing PEEPOPT pass (run peephole optimizers).

2.16. Executing OPT_CLEAN pass (remove unused cells and wires).
Finding unused cells or wires in module \top..
odule `\GTR12_UPAR'.
Generating RTLIL representation for module `\GTR12_PMAC'.
Generating RTLIL representation for module `\GTR12_QUADA'.
Generating RTLIL representation for module `\GTR12_UPARA'.
Generating RTLIL representation for module `\GTR12_PMACA'.
Generating RTLIL representation for module `\GTR12_QUADB'.
Replacing existing blackbox module `\DQS' at /opt/homebrew/bin/../share/yosys/gowin/cells_xtra_gw5a.v:2512.1-2527.10.
Generating RTLIL representation for module `\DQS'.
Generating RTLIL representation for module `\ADCLRC'.
Generating RTLIL representation for module `\ADCULC'.
Generating RTLIL representation for module `\ADC'.
Generating RTLIL representation for module `\ADC_SAR'.
Generating RTLIL representation for module `\ADCA'.
Successfully finished Verilog frontend.

2.3. Executing HIERARCHY pass (managing design hierarchy).

2.3.1. Finding top of design hierarchy..
root of   1 design levels: top                 
Automatically selected top as design top module.

2.3.2. Analyzing design hierarchy..
Top module:  \top

2.3.3. Analyzing design hierarchy..
Top module:  \top
Removed 0 unused modules.

2.23. Executing TECHMAP pass (map to technology primitives).

2.23.1. Executing Verilog-2005 frontend: /opt/homebrew/bin/../share/yosys/gowin/lutrams_map.v

2.17. Executing SHARE pass (SAT-based resource sharing).

2.4. Executing PROC pass (convert processes to netlists).

2.4.1. Executing PROC_CLEAN pass (remove empty switches from decision trees).
Cleaned up 0 empty switches.

2.4.2. Executing PROC_RMDEAD pass (remove dead branches from decision trees).
Removed a total of 0 dead cases.

2.4.3. Executing PROC_PRUNE pass (remove redundant assignments in processes).
Removed 0 redundant assignments.
Promoted 0 assignments to connections.

2.4.4. Executing PROC_INIT pass (extract init attributes).

2.4.5. Executing PROC_ARST pass (detect async resets in processes).

2.4.6. Executing PROC_ROM pass (convert switches to ROMs).
Converted 0 switches.

2.4.7. Executing PROC_MUX pass (convert decision trees to multiplexers).

2.4.8. Executing PROC_DLATCH pass (convert process syncs to latches).

2.4.9. Executing PROC_DFF pass (convert process syncs to FFs).

2.4.10. Executing PROC_MEMWR pass (convert process memory writes to cells).

2.4.11. Executing PROC_CLEAN pass (remove empty switches from decision trees).
Cleaned up 0 empty switches.

2.4.12. Executing OPT_EXPR pass (perform const folding).
Optimizing module top.

2.18. Executing ALUMACC pass (create $alu and $macc cells).

2.5. Executing FLATTEN pass (flatten design).
Extracting $alu and $macc cells in module top:
  created 0 $alu and 0 $macc cells.

2.19. Executing OPT pass (performing simple optimizations).

2.19.1. Executing OPT_EXPR pass (perform const folding).

2.6. Executing TRIBUF pass.

2.7. Executing DEMINOUT pass (demote inout ports to input or output).
Optimizing module top.

2.19.2. Executing OPT_MERGE pass (detect identical cells).
Finding identical cells in module `\top'.
Computing hashes of 2 cells of `\top'.
Finding duplicate cells in `\top'.
Removed a total of 0 cells.

2.19.3. Executing OPT_MUXTREE pass (detect dead branches in mux trees).
Running muxtree optimizer on module \top..
  Creating internal representation of mux trees.
  No muxes found in this module.
Removed 0 multiplexer ports.

2.19.4. Executing OPT_REDUCE pass (consolidate $*mux and $reduce_* inputs).
  Optimizing cells in module \top.
Performed a total of 0 changes.

2.19.5. Executing OPT_MERGE pass (detect identical cells).

2.8. Executing OPT_EXPR pass (perform const folding).
Finding identical cells in module `\top'.
Computing hashes of 2 cells of `\top'.
Finding duplicate cells in `\top'.
Removed a total of 0 cells.

2.19.6. Executing OPT_DFF pass (perform DFF optimizations).

2.19.7. Executing OPT_CLEAN pass (remove unused cells and wires).
Optimizing module top.

2.9. Executing OPT_CLEAN pass (remove unused cells and wires).
Parsing Verilog input from `/opt/homebrew/bin/../share/yosys/gowin/lutrams_map.v' to AST representation.
Generating RTLIL representation for module `$__GOWIN_LUTRAM_'.
Successfully finished Verilog frontend.

2.23.2. Executing Verilog-2005 frontend: /opt/homebrew/bin/../share/yosys/gowin/brams_map_gw5a.v
Finding unused cells or wires in module \top..

2.19.8. Executing OPT_EXPR pass (perform const folding).
Finding unused cells or wires in module \top..

2.10. Executing CHECK pass (checking for obvious problems).
Checking module top...
Found and reported 0 problems.

2.11. Executing OPT pass (performing simple optimizations).

2.11.1. Executing OPT_EXPR pass (perform const folding).
Optimizing module top.
Optimizing module top.

2.19.9. Finished fast OPT passes. (There is nothing left to do.)

2.11.2. Executing OPT_MERGE pass (detect identical cells).

2.20. Executing MEMORY pass.

2.20.1. Executing OPT_MEM pass (optimize memories).
Performed a total of 0 transformations.

2.20.2. Executing OPT_MEM_PRIORITY pass (removing unnecessary memory write priority relations).
Finding identical cells in module `\top'.
Computing hashes of 2 cells of `\top'.
Finding duplicate cells in `\top'.
Removed a total of 0 cells.

2.11.3. Executing OPT_MUXTREE pass (detect dead branches in mux trees).
Running muxtree optimizer on module \top..
  Creating internal representation of mux trees.
  No muxes found in this module.
Removed 0 multiplexer ports.

2.11.4. Executing OPT_REDUCE pass (consolidate $*mux and $reduce_* inputs).
  Optimizing cells in module \top.
Performed a total of 0 changes.

2.11.5. Executing OPT_MERGE pass (detect identical cells).
Finding identical cells in module `\top'.
Computing hashes of 2 cells of `\top'.
Finding duplicate cells in `\top'.
Removed a total of 0 cells.

2.11.6. Executing OPT_DFF pass (perform DFF optimizations).
Performed a total of 0 transformations.

2.20.3. Executing OPT_MEM_FEEDBACK pass (finding memory read-to-write feedback paths).

2.20.4. Executing MEMORY_BMUX2ROM pass (converting muxes to ROMs).

2.20.5. Executing MEMORY_DFF pass (merging $dff cells to $memrd).

2.20.6. Executing OPT_CLEAN pass (remove unused cells and wires).
Finding unused cells or wires in module \top..

2.20.7. Executing MEMORY_SHARE pass (consolidating $memrd/$memwr cells).

2.20.8. Executing OPT_MEM_WIDEN pass (optimize memories where all ports are wide).
Performed a total of 0 transformations.

2.20.9. Executing OPT_CLEAN pass (remove unused cells and wires).

2.11.7. Executing OPT_CLEAN pass (remove unused cells and wires).
Finding unused cells or wires in module \top..

2.20.10. Executing MEMORY_COLLECT pass (generating $mem cells).

2.21. Executing OPT_CLEAN pass (remove unused cells and wires).
Finding unused cells or wires in module \top..

2.11.8. Executing OPT_EXPR pass (perform const folding).
Finding unused cells or wires in module \top..
Optimizing module top.

2.22. Executing MEMORY_LIBMAP pass (mapping memories to cells).

2.23. Executing TECHMAP pass (map to technology primitives).

2.23.1. Executing Verilog-2005 frontend: /opt/homebrew/bin/../share/yosys/gowin/lutrams_map.v

2.11.9. Finished fast OPT passes. (There is nothing left to do.)

2.12. Executing FSM pass (extract and optimize FSM).

2.12.1. Executing FSM_DETECT pass (finding FSMs in design).

2.12.2. Executing FSM_EXTRACT pass (extracting FSM from design).

2.12.3. Executing FSM_OPT pass (simple optimizations of FSMs).

2.12.4. Executing OPT_CLEAN pass (remove unused cells and wires).
Finding unused cells or wires in module \top..

2.12.5. Executing FSM_OPT pass (simple optimizations of FSMs).

2.12.6. Executing FSM_RECODE pass (re-assigning FSM state encoding).

2.12.7. Executing FSM_INFO pass (dumping all available information on FSM cells).

2.12.8. Executing FSM_MAP pass (mapping FSMs to basic logic).

2.13. Executing OPT pass (performing simple optimizations).

2.13.1. Executing OPT_EXPR pass (perform const folding).
Optimizing module top.

2.13.2. Executing OPT_MERGE pass (detect identical cells).
Parsing Verilog input from `/opt/homebrew/bin/../share/yosys/gowin/lutrams_map.v' to AST representation.
Generating RTLIL representation for module `$__GOWIN_LUTRAM_'.
Successfully finished Verilog frontend.

2.23.2. Executing Verilog-2005 frontend: /opt/homebrew/bin/../share/yosys/gowin/brams_map_gw5a.v
Finding identical cells in module `\top'.
Computing hashes of 2 cells of `\top'.
Finding duplicate cells in `\top'.
Removed a total of 0 cells.

2.13.3. Executing OPT_MUXTREE pass (detect dead branches in mux trees).
Running muxtree optimizer on module \top..
  Creating internal representation of mux trees.
  No muxes found in this module.
Removed 0 multiplexer ports.

2.13.4. Executing OPT_REDUCE pass (consolidate $*mux and $reduce_* inputs).
  Optimizing cells in module \top.
Performed a total of 0 changes.

2.13.5. Executing OPT_MERGE pass (detect identical cells).
Finding identical cells in module `\top'.
Computing hashes of 2 cells of `\top'.
Finding duplicate cells in `\top'.
Removed a total of 0 cells.

2.13.6. Executing OPT_DFF pass (perform DFF optimizations).

2.13.7. Executing OPT_CLEAN pass (remove unused cells and wires).
Finding unused cells or wires in module \top..

2.13.8. Executing OPT_EXPR pass (perform const folding).
Optimizing module top.

2.13.9. Finished fast OPT passes. (There is nothing left to do.)

2.14. Executing WREDUCE pass (reducing word size of cells).

2.15. Executing PEEPOPT pass (run peephole optimizers).

2.16. Executing OPT_CLEAN pass (remove unused cells and wires).
Finding unused cells or wires in module \top..

2.17. Executing SHARE pass (SAT-based resource sharing).
Parsing Verilog input from `/opt/homebrew/bin/../share/yosys/gowin/brams_map_gw5a.v' to AST representation.
Generating RTLIL representation for module `$__GOWIN_SP_'.
Generating RTLIL representation for module `$__GOWIN_DP_'.
Generating RTLIL representation for module `$__GOWIN_SDP_'.
Successfully finished Verilog frontend.

2.23.3. Continuing TECHMAP pass.
No more expansions possible.
<suppressed ~6 debug messages>

2.24. Executing OPT pass (performing simple optimizations).

2.24.1. Executing OPT_EXPR pass (perform const folding).
Optimizing module top.

2.18. Executing ALUMACC pass (create $alu and $macc cells).

2.24.2. Executing OPT_MERGE pass (detect identical cells).
Finding identical cells in module `\top'.
Computing hashes of 2 cells of `\top'.
Finding duplicate cells in `\top'.
Removed a total of 0 cells.

2.24.3. Executing OPT_DFF pass (perform DFF optimizations).
Extracting $alu and $macc cells in module top:
  created 0 $alu and 0 $macc cells.

2.19. Executing OPT pass (performing simple optimizations).

2.19.1. Executing OPT_EXPR pass (perform const folding).

2.24.4. Executing OPT_CLEAN pass (remove unused cells and wires).
Optimizing module top.
Finding unused cells or wires in module \top..

2.19.2. Executing OPT_MERGE pass (detect identical cells).

2.24.5. Finished fast OPT passes.
Finding identical cells in module `\top'.
Computing hashes of 2 cells of `\top'.
Finding duplicate cells in `\top'.
Removed a total of 0 cells.

2.19.3. Executing OPT_MUXTREE pass (detect dead branches in mux trees).
Running muxtree optimizer on module \top..
  Creating internal representation of mux trees.
  No muxes found in this module.
Removed 0 multiplexer ports.

2.19.4. Executing OPT_REDUCE pass (consolidate $*mux and $reduce_* inputs).
  Optimizing cells in module \top.
Performed a total of 0 changes.

2.19.5. Executing OPT_MERGE pass (detect identical cells).
Finding identical cells in module `\top'.
Computing hashes of 2 cells of `\top'.
Finding duplicate cells in `\top'.
Removed a total of 0 cells.

2.19.6. Executing OPT_DFF pass (perform DFF optimizations).

2.25. Executing MEMORY_MAP pass (converting memories to logic and flip-flops).

2.19.7. Executing OPT_CLEAN pass (remove unused cells and wires).

2.26. Executing OPT pass (performing simple optimizations).

2.26.1. Executing OPT_EXPR pass (perform const folding).
Optimizing module top.

2.26.2. Executing OPT_MERGE pass (detect identical cells).
Finding identical cells in module `\top'.
Computing hashes of 2 cells of `\top'.
Finding duplicate cells in `\top'.
Removed a total of 0 cells.

2.26.3. Executing OPT_MUXTREE pass (detect dead branches in mux trees).
Running muxtree optimizer on module \top..
  Creating internal representation of mux trees.
  No muxes found in this module.
Removed 0 multiplexer ports.

2.26.4. Executing OPT_REDUCE pass (consolidate $*mux and $reduce_* inputs).
  Optimizing cells in module \top.
Performed a total of 0 changes.

2.26.5. Executing OPT_MERGE pass (detect identical cells).
Finding unused cells or wires in module \top..

2.19.8. Executing OPT_EXPR pass (perform const folding).
Finding identical cells in module `\top'.
Computing hashes of 2 cells of `\top'.
Finding duplicate cells in `\top'.
Removed a total of 0 cells.

2.26.6. Executing OPT_DFF pass (perform DFF optimizations).

2.26.7. Executing OPT_CLEAN pass (remove unused cells and wires).
Optimizing module top.

2.19.9. Finished fast OPT passes. (There is nothing left to do.)
Finding unused cells or wires in module \top..

2.26.8. Executing OPT_EXPR pass (perform const folding).

2.20. Executing MEMORY pass.

2.20.1. Executing OPT_MEM pass (optimize memories).
Performed a total of 0 transformations.

2.20.2. Executing OPT_MEM_PRIORITY pass (removing unnecessary memory write priority relations).
Performed a total of 0 transformations.

2.20.3. Executing OPT_MEM_FEEDBACK pass (finding memory read-to-write feedback paths).

2.20.4. Executing MEMORY_BMUX2ROM pass (converting muxes to ROMs).

2.20.5. Executing MEMORY_DFF pass (merging $dff cells to $memrd).
Optimizing module top.

2.20.6. Executing OPT_CLEAN pass (remove unused cells and wires).
Finding unused cells or wires in module \top..

2.20.7. Executing MEMORY_SHARE pass (consolidating $memrd/$memwr cells).

2.26.9. Finished fast OPT passes. (There is nothing left to do.)

2.20.8. Executing OPT_MEM_WIDEN pass (optimize memories where all ports are wide).
Performed a total of 0 transformations.

2.20.9. Executing OPT_CLEAN pass (remove unused cells and wires).

2.27. Executing TECHMAP pass (map to technology primitives).

2.27.1. Executing Verilog-2005 frontend: /opt/homebrew/bin/../share/yosys/techmap.v
Finding unused cells or wires in module \top..

2.20.10. Executing MEMORY_COLLECT pass (generating $mem cells).

2.21. Executing OPT_CLEAN pass (remove unused cells and wires).
Finding unused cells or wires in module \top..

2.22. Executing MEMORY_LIBMAP pass (mapping memories to cells).

2.23. Executing TECHMAP pass (map to technology primitives).

2.23.1. Executing Verilog-2005 frontend: /opt/homebrew/bin/../share/yosys/gowin/lutrams_map.v
Parsing Verilog input from `/opt/homebrew/bin/../share/yosys/gowin/brams_map_gw5a.v' to AST representation.
Generating RTLIL representation for module `$__GOWIN_SP_'.
Generating RTLIL representation for module `$__GOWIN_DP_'.
Generating RTLIL representation for module `$__GOWIN_SDP_'.
Successfully finished Verilog frontend.

2.23.3. Continuing TECHMAP pass.
Parsing Verilog input from `/opt/homebrew/bin/../share/yosys/gowin/lutrams_map.v' to AST representation.
Generating RTLIL representation for module `$__GOWIN_LUTRAM_'.
Successfully finished Verilog frontend.

2.23.2. Executing Verilog-2005 frontend: /opt/homebrew/bin/../share/yosys/gowin/brams_map_gw5a.v
No more expansions possible.
<suppressed ~6 debug messages>

2.24. Executing OPT pass (performing simple optimizations).

2.24.1. Executing OPT_EXPR pass (perform const folding).
Parsing Verilog input from `/opt/homebrew/bin/../share/yosys/techmap.v' to AST representation.
Generating RTLIL representation for module `\_90_simplemap_bool_ops'.
Generating RTLIL representation for module `\_90_simplemap_reduce_ops'.
Generating RTLIL representation for module `\_90_simplemap_logic_ops'.
Generating RTLIL representation for module `\_90_simplemap_compare_ops'.
Generating RTLIL representation for module `\_90_simplemap_various'.
Generating RTLIL representation for module `\_90_simplemap_registers'.
Generating RTLIL representation for module `\_90_shift_ops_shr_shl_sshl_sshr'.
Generating RTLIL representation for module `\_90_shift_shiftx'.
Generating RTLIL representation for module `\_90_fa'.
Generating RTLIL representation for module `\_90_lcu_brent_kung'.
Generating RTLIL representation for module `\_90_alu'.
Generating RTLIL representation for module `\_90_macc'.
Generating RTLIL representation for module `\_90_alumacc'.
Generating RTLIL representation for module `$__div_mod_u'.
Generating RTLIL representation for module `$__div_mod_trunc'.
Generating RTLIL representation for module `\_90_div'.
Generating RTLIL representation for module `\_90_mod'.
Generating RTLIL representation for module `$__div_mod_floor'.
Generating RTLIL representation for module `\_90_divfloor'.
Generating RTLIL representation for module `\_90_modfloor'.
Generating RTLIL representation for module `\_90_pow'.
Generating RTLIL representation for module `\_90_pmux'.
Generating RTLIL representation for module `\_90_demux'.
Generating RTLIL representation for module `\_90_lut'.
Generating RTLIL representation for module `$connect'.
Generating RTLIL representation for module `$input_port'.
Successfully finished Verilog frontend.

2.27.2. Executing Verilog-2005 frontend: /opt/homebrew/bin/../share/yosys/gowin/arith_map.v
Parsing Verilog input from `/opt/homebrew/bin/../share/yosys/gowin/arith_map.v' to AST representation.
Generating RTLIL representation for module `\_80_gw1n_alu'.
Successfully finished Verilog frontend.

2.27.3. Continuing TECHMAP pass.
Optimizing module top.
No more expansions possible.
<suppressed ~77 debug messages>

2.28. Executing OPT pass (performing simple optimizations).

2.28.1. Executing OPT_EXPR pass (perform const folding).
Optimizing module top.

2.28.2. Executing OPT_MERGE pass (detect identical cells).

2.24.2. Executing OPT_MERGE pass (detect identical cells).
Finding identical cells in module `\top'.
Computing hashes of 2 cells of `\top'.
Finding duplicate cells in `\top'.
Removed a total of 0 cells.

2.28.3. Executing OPT_DFF pass (perform DFF optimizations).

2.28.4. Executing OPT_CLEAN pass (remove unused cells and wires).
Finding identical cells in module `\top'.
Computing hashes of 2 cells of `\top'.
Finding duplicate cells in `\top'.
Removed a total of 0 cells.

2.24.3. Executing OPT_DFF pass (perform DFF optimizations).
Finding unused cells or wires in module \top..

2.28.5. Finished fast OPT passes.

2.29. Executing IOPADMAP pass (mapping inputs/outputs to IO-PAD cells).
Mapping port top.q9 using OBUF.
Mapping port top.q8 using OBUF.
Mapping port top.q7 using OBUF.
Mapping port top.q6 using OBUF.
Mapping port top.q5 using OBUF.
Mapping port top.q4 using OBUF.
Mapping port top.q3 using OBUF.
Mapping port top.q2 using OBUF.
Mapping port top.q1 using OBUF.
Mapping port top.q0 using OBUF.
Mapping port top.tap using OBUF.
Mapping port top.din using IBUF.
Mapping port top.rst using IBUF.
Mapping port top.resetn using IBUF.
Mapping port top.fclk using IBUF.

2.30. Executing OPT_CLEAN pass (remove unused cells and wires).
Finding unused cells or wires in module \top..
Removed 0 unused cells and 1 unused wires.
<suppressed ~1 debug messages>

2.31. Executing DFFLEGALIZE pass (convert FFs to types supported by the target).

2.32. Executing TECHMAP pass (map to technology primitives).

2.32.1. Executing Verilog-2005 frontend: /opt/homebrew/bin/../share/yosys/gowin/cells_map.v

2.24.4. Executing OPT_CLEAN pass (remove unused cells and wires).
Parsing Verilog input from `/opt/homebrew/bin/../share/yosys/gowin/cells_map.v' to AST representation.
Generating RTLIL representation for module `$_DFF_N_'.
Generating RTLIL representation for module `$_DFF_P_'.
Generating RTLIL representation for module `$_DFFE_PP_'.
Generating RTLIL representation for module `$_DFFE_NP_'.
Generating RTLIL representation for module `$_SDFF_PP0_'.
Generating RTLIL representation for module `$_SDFF_NP0_'.
Generating RTLIL representation for module `$_SDFFE_PP0P_'.
Generating RTLIL representation for module `$_SDFFE_NP0P_'.
Generating RTLIL representation for module `$_SDFF_PP1_'.
Generating RTLIL representation for module `$_SDFF_NP1_'.
Generating RTLIL representation for module `$_SDFFE_PP1P_'.
Generating RTLIL representation for module `$_SDFFE_NP1P_'.
Generating RTLIL representation for module `$_DFF_PP1_'.
Generating RTLIL representation for module `$_DFF_NP1_'.
Generating RTLIL representation for module `$_DFF_PP0_'.
Generating RTLIL representation for module `$_DFF_NP0_'.
Generating RTLIL representation for module `$_DFFE_PP1P_'.
Generating RTLIL representation for module `$_DFFE_NP1P_'.
Generating RTLIL representation for module `$_DFFE_PP0P_'.
Generating RTLIL representation for module `$_DFFE_NP0P_'.
Generating RTLIL representation for module `$lut'.
Successfully finished Verilog frontend.

2.32.2. Continuing TECHMAP pass.
No more expansions possible.
<suppressed ~23 debug messages>

2.33. Executing OPT_EXPR pass (perform const folding).
Optimizing module top.
Finding unused cells or wires in module \top..

2.34. Executing SIMPLEMAP pass (map simple cells to gate primitives).

2.35. Executing SORT pass.

2.24.5. Finished fast OPT passes.

2.36. Executing Verilog-2005 frontend: /opt/homebrew/bin/../share/yosys/abc9_model.v
Parsing Verilog input from `/opt/homebrew/bin/../share/yosys/abc9_model.v' to AST representation.
Generating RTLIL representation for module `$__ABC9_DELAY'.
Generating RTLIL representation for module `$__ABC9_SCC_BREAKER'.
Generating RTLIL representation for module `$__DFF_N__$abc9_flop'.
Generating RTLIL representation for module `$__DFF_P__$abc9_flop'.
Successfully finished Verilog frontend.

2.37. Executing ABC9 pass.

2.37.1. Executing ABC9_OPS pass (helper functions for ABC9).

2.37.2. Executing ABC9_OPS pass (helper functions for ABC9).

2.37.3. Executing SCC pass (detecting logic loops).

2.25. Executing MEMORY_MAP pass (converting memories to logic and flip-flops).
Found 0 SCCs in module top.
Found 0 SCCs.

2.37.4. Executing ABC9_OPS pass (helper functions for ABC9).

2.26. Executing OPT pass (performing simple optimizations).

2.26.1. Executing OPT_EXPR pass (perform const folding).
Optimizing module top.

2.26.2. Executing OPT_MERGE pass (detect identical cells).
Finding identical cells in module `\top'.
Computing hashes of 2 cells of `\top'.
Finding duplicate cells in `\top'.
Removed a total of 0 cells.

2.26.3. Executing OPT_MUXTREE pass (detect dead branches in mux trees).
Running muxtree optimizer on module \top..
  Creating internal representation of mux trees.
  No muxes found in this module.
Removed 0 multiplexer ports.

2.26.4. Executing OPT_REDUCE pass (consolidate $*mux and $reduce_* inputs).
  Optimizing cells in module \top.
Performed a total of 0 changes.

2.26.5. Executing OPT_MERGE pass (detect identical cells).
Finding identical cells in module `\top'.
Computing hashes of 2 cells of `\top'.
Finding duplicate cells in `\top'.
Removed a total of 0 cells.

2.26.6. Executing OPT_DFF pass (perform DFF optimizations).

2.26.7. Executing OPT_CLEAN pass (remove unused cells and wires).
Finding unused cells or wires in module \top..

2.26.8. Executing OPT_EXPR pass (perform const folding).
Optimizing module top.

2.37.5. Executing TECHMAP pass (map to technology primitives).

2.26.9. Finished fast OPT passes. (There is nothing left to do.)

2.37.5.1. Executing Verilog-2005 frontend: /opt/homebrew/bin/../share/yosys/techmap.v

2.27. Executing TECHMAP pass (map to technology primitives).

2.27.1. Executing Verilog-2005 frontend: /opt/homebrew/bin/../share/yosys/techmap.v
Parsing Verilog input from `/opt/homebrew/bin/../share/yosys/techmap.v' to AST representation.
Generating RTLIL representation for module `\_90_simplemap_bool_ops'.
Generating RTLIL representation for module `\_90_simplemap_reduce_ops'.
Generating RTLIL representation for module `\_90_simplemap_logic_ops'.
Generating RTLIL representation for module `\_90_simplemap_compare_ops'.
Generating RTLIL representation for module `\_90_simplemap_various'.
Generating RTLIL representation for module `\_90_simplemap_registers'.
Generating RTLIL representation for module `\_90_shift_ops_shr_shl_sshl_sshr'.
Generating RTLIL representation for module `\_90_shift_shiftx'.
Generating RTLIL representation for module `\_90_fa'.
Generating RTLIL representation for module `\_90_lcu_brent_kung'.
Generating RTLIL representation for module `\_90_alu'.
Generating RTLIL representation for module `\_90_macc'.
Generating RTLIL representation for module `\_90_alumacc'.
Generating RTLIL representation for module `$__div_mod_u'.
Generating RTLIL representation for module `$__div_mod_trunc'.
Generating RTLIL representation for module `\_90_div'.
Generating RTLIL representation for module `\_90_mod'.
Generating RTLIL representation for module `$__div_mod_floor'.
Generating RTLIL representation for module `\_90_divfloor'.
Generating RTLIL representation for module `\_90_modfloor'.
Generating RTLIL representation for module `\_90_pow'.
Generating RTLIL representation for module `\_90_pmux'.
Generating RTLIL representation for module `\_90_demux'.
Generating RTLIL representation for module `\_90_lut'.
Generating RTLIL representation for module `$connect'.
Generating RTLIL representation for module `$input_port'.
Successfully finished Verilog frontend.

2.27.2. Executing Verilog-2005 frontend: /opt/homebrew/bin/../share/yosys/gowin/arith_map.v
Parsing Verilog input from `/opt/homebrew/bin/../share/yosys/gowin/arith_map.v' to AST representation.
Generating RTLIL representation for module `\_80_gw1n_alu'.
Successfully finished Verilog frontend.

2.27.3. Continuing TECHMAP pass.
No more expansions possible.
<suppressed ~77 debug messages>

2.28. Executing OPT pass (performing simple optimizations).

2.28.1. Executing OPT_EXPR pass (perform const folding).
Optimizing module top.

2.28.2. Executing OPT_MERGE pass (detect identical cells).
Finding identical cells in module `\top'.
Computing hashes of 2 cells of `\top'.
Finding duplicate cells in `\top'.
Removed a total of 0 cells.

2.28.3. Executing OPT_DFF pass (perform DFF optimizations).

2.28.4. Executing OPT_CLEAN pass (remove unused cells and wires).
Finding unused cells or wires in module \top..

2.28.5. Finished fast OPT passes.

2.29. Executing IOPADMAP pass (mapping inputs/outputs to IO-PAD cells).
Mapping port top.dout using OBUF.
Mapping port top.din_odd using IBUF.
Mapping port top.din_even using IBUF.
Mapping port top.rst using IBUF.
Mapping port top.resetn using IBUF.
Mapping port top.fclk using IBUF.

2.30. Executing OPT_CLEAN pass (remove unused cells and wires).
Finding unused cells or wires in module \top..

2.31. Executing DFFLEGALIZE pass (convert FFs to types supported by the target).

2.32. Executing TECHMAP pass (map to technology primitives).

2.32.1. Executing Verilog-2005 frontend: /opt/homebrew/bin/../share/yosys/gowin/cells_map.v
Parsing Verilog input from `/opt/homebrew/bin/../share/yosys/gowin/cells_map.v' to AST representation.
Generating RTLIL representation for module `$_DFF_N_'.
Generating RTLIL representation for module `$_DFF_P_'.
Generating RTLIL representation for module `$_DFFE_PP_'.
Generating RTLIL representation for module `$_DFFE_NP_'.
Generating RTLIL representation for module `$_SDFF_PP0_'.
Generating RTLIL representation for module `$_SDFF_NP0_'.
Generating RTLIL representation for module `$_SDFFE_PP0P_'.
Generating RTLIL representation for module `$_SDFFE_NP0P_'.
Generating RTLIL representation for module `$_SDFF_PP1_'.
Generating RTLIL representation for module `$_SDFF_NP1_'.
Generating RTLIL representation for module `$_SDFFE_PP1P_'.
Generating RTLIL representation for module `$_SDFFE_NP1P_'.
Generating RTLIL representation for module `$_DFF_PP1_'.
Generating RTLIL representation for module `$_DFF_NP1_'.
Generating RTLIL representation for module `$_DFF_PP0_'.
Generating RTLIL representation for module `$_DFF_NP0_'.
Generating RTLIL representation for module `$_DFFE_PP1P_'.
Generating RTLIL representation for module `$_DFFE_NP1P_'.
Generating RTLIL representation for module `$_DFFE_PP0P_'.
Generating RTLIL representation for module `$_DFFE_NP0P_'.
Generating RTLIL representation for module `$lut'.
Successfully finished Verilog frontend.

2.32.2. Continuing TECHMAP pass.
No more expansions possible.
<suppressed ~23 debug messages>

2.33. Executing OPT_EXPR pass (perform const folding).
Optimizing module top.

2.34. Executing SIMPLEMAP pass (map simple cells to gate primitives).

2.35. Executing SORT pass.

2.36. Executing Verilog-2005 frontend: /opt/homebrew/bin/../share/yosys/abc9_model.v
Parsing Verilog input from `/opt/homebrew/bin/../share/yosys/abc9_model.v' to AST representation.
Generating RTLIL representation for module `$__ABC9_DELAY'.
Generating RTLIL representation for module `$__ABC9_SCC_BREAKER'.
Generating RTLIL representation for module `$__DFF_N__$abc9_flop'.
Generating RTLIL representation for module `$__DFF_P__$abc9_flop'.
Successfully finished Verilog frontend.

2.37. Executing ABC9 pass.

2.37.1. Executing ABC9_OPS pass (helper functions for ABC9).

2.37.2. Executing ABC9_OPS pass (helper functions for ABC9).

2.37.3. Executing SCC pass (detecting logic loops).
Found 0 SCCs in module top.
Found 0 SCCs.

2.37.4. Executing ABC9_OPS pass (helper functions for ABC9).
Parsing Verilog input from `/opt/homebrew/bin/../share/yosys/gowin/brams_map_gw5a.v' to AST representation.
Generating RTLIL representation for module `$__GOWIN_SP_'.
Generating RTLIL representation for module `$__GOWIN_DP_'.
Generating RTLIL representation for module `$__GOWIN_SDP_'.
Successfully finished Verilog frontend.

2.23.3. Continuing TECHMAP pass.

2.37.5. Executing TECHMAP pass (map to technology primitives).
No more expansions possible.
Parsing Verilog input from `/opt/homebrew/bin/../share/yosys/techmap.v' to AST representation.
Generating RTLIL representation for module `\_90_simplemap_bool_ops'.
Generating RTLIL representation for module `\_90_simplemap_reduce_ops'.
Generating RTLIL representation for module `\_90_simplemap_logic_ops'.
Generating RTLIL representation for module `\_90_simplemap_compare_ops'.
Generating RTLIL representation for module `\_90_simplemap_various'.
Generating RTLIL representation for module `\_90_simplemap_registers'.
Generating RTLIL representation for module `\_90_shift_ops_shr_shl_sshl_sshr'.
Generating RTLIL representation for module `\_90_shift_shiftx'.
Generating RTLIL representation for module `\_90_fa'.
Generating RTLIL representation for module `\_90_lcu_brent_kung'.
Generating RTLIL representation for module `\_90_alu'.
Generating RTLIL representation for module `\_90_macc'.
Generating RTLIL representation for module `\_90_alumacc'.
Generating RTLIL representation for module `$__div_mod_u'.
Generating RTLIL representation for module `$__div_mod_trunc'.
Generating RTLIL representation for module `\_90_div'.
Generating RTLIL representation for module `\_90_mod'.
Generating RTLIL representation for module `$__div_mod_floor'.
Generating RTLIL representation for module `\_90_divfloor'.
Generating RTLIL representation for module `\_90_modfloor'.
Generating RTLIL representation for module `\_90_pow'.
Generating RTLIL representation for module `\_90_pmux'.
Generating RTLIL representation for module `\_90_demux'.
Generating RTLIL representation for module `\_90_lut'.
Generating RTLIL representation for module `$connect'.
Generating RTLIL representation for module `$input_port'.
Successfully finished Verilog frontend.

2.37.5.2. Continuing TECHMAP pass.
<suppressed ~6 debug messages>

2.24. Executing OPT pass (performing simple optimizations).

2.24.1. Executing OPT_EXPR pass (perform const folding).

2.37.5.1. Executing Verilog-2005 frontend: /opt/homebrew/bin/../share/yosys/techmap.v
Optimizing module top.

2.24.2. Executing OPT_MERGE pass (detect identical cells).
Finding identical cells in module `\top'.
Computing hashes of 2 cells of `\top'.
Finding duplicate cells in `\top'.
Removed a total of 0 cells.

2.24.3. Executing OPT_DFF pass (perform DFF optimizations).
Parsing Verilog input from `/opt/homebrew/bin/../share/yosys/techmap.v' to AST representation.
Generating RTLIL representation for module `\_90_simplemap_bool_ops'.
Generating RTLIL representation for module `\_90_simplemap_reduce_ops'.
Generating RTLIL representation for module `\_90_simplemap_logic_ops'.
Generating RTLIL representation for module `\_90_simplemap_compare_ops'.
Generating RTLIL representation for module `\_90_simplemap_various'.
Generating RTLIL representation for module `\_90_simplemap_registers'.
Generating RTLIL representation for module `\_90_shift_ops_shr_shl_sshl_sshr'.
Generating RTLIL representation for module `\_90_shift_shiftx'.
Generating RTLIL representation for module `\_90_fa'.
Generating RTLIL representation for module `\_90_lcu_brent_kung'.
Generating RTLIL representation for module `\_90_alu'.
Generating RTLIL representation for module `\_90_macc'.
Generating RTLIL representation for module `\_90_alumacc'.
Generating RTLIL representation for module `$__div_mod_u'.
Generating RTLIL representation for module `$__div_mod_trunc'.
Generating RTLIL representation for module `\_90_div'.
Generating RTLIL representation for module `\_90_mod'.
Generating RTLIL representation for module `$__div_mod_floor'.
Generating RTLIL representation for module `\_90_divfloor'.
Generating RTLIL representation for module `\_90_modfloor'.
Generating RTLIL representation for module `\_90_pow'.
Generating RTLIL representation for module `\_90_pmux'.
Generating RTLIL representation for module `\_90_demux'.
Generating RTLIL representation for module `\_90_lut'.
Generating RTLIL representation for module `$connect'.
Generating RTLIL representation for module `$input_port'.
Successfully finished Verilog frontend.

2.37.5.2. Continuing TECHMAP pass.
No more expansions possible.
<suppressed ~240 debug messages>

2.37.6. Executing OPT pass (performing simple optimizations).

2.37.6.1. Executing OPT_EXPR pass (perform const folding).

2.37.6.2. Executing OPT_MERGE pass (detect identical cells).
Removed a total of 0 cells.

2.37.6.3. Executing OPT_MUXTREE pass (detect dead branches in mux trees).
Removed 0 multiplexer ports.

2.37.6.4. Executing OPT_REDUCE pass (consolidate $*mux and $reduce_* inputs).
Performed a total of 0 changes.

2.37.6.5. Executing OPT_MERGE pass (detect identical cells).
Removed a total of 0 cells.

2.37.6.6. Executing OPT_DFF pass (perform DFF optimizations).

2.37.6.7. Executing OPT_CLEAN pass (remove unused cells and wires).

2.37.6.8. Executing OPT_EXPR pass (perform const folding).

2.37.6.9. Finished fast OPT passes. (There is nothing left to do.)

2.24.4. Executing OPT_CLEAN pass (remove unused cells and wires).
Finding unused cells or wires in module \top..

2.24.5. Finished fast OPT passes.

2.25. Executing MEMORY_MAP pass (converting memories to logic and flip-flops).

2.37.7. Executing TECHMAP pass (map to technology primitives).

2.37.7.1. Executing Verilog-2005 frontend: /opt/homebrew/bin/../share/yosys/abc9_map.v
Parsing Verilog input from `/opt/homebrew/bin/../share/yosys/abc9_map.v' to AST representation.
Successfully finished Verilog frontend.

2.37.7.2. Continuing TECHMAP pass.
No more expansions possible.
No more expansions possible.
<suppressed ~240 debug messages>

2.37.6. Executing OPT pass (performing simple optimizations).

2.37.6.1. Executing OPT_EXPR pass (perform const folding).

2.37.6.2. Executing OPT_MERGE pass (detect identical cells).
<suppressed ~2 debug messages>

2.37.8. Executing Verilog-2005 frontend: /opt/homebrew/bin/../share/yosys/abc9_model.v
Removed a total of 0 cells.

2.37.6.3. Executing OPT_MUXTREE pass (detect dead branches in mux trees).
Removed 0 multiplexer ports.

2.37.6.4. Executing OPT_REDUCE pass (consolidate $*mux and $reduce_* inputs).
Performed a total of 0 changes.

2.37.6.5. Executing OPT_MERGE pass (detect identical cells).
Removed a total of 0 cells.

2.37.6.6. Executing OPT_DFF pass (perform DFF optimizations).

2.37.6.7. Executing OPT_CLEAN pass (remove unused cells and wires).
Parsing Verilog input from `/opt/homebrew/bin/../share/yosys/abc9_model.v' to AST representation.
Replacing existing blackbox module `$__ABC9_DELAY' at /opt/homebrew/bin/../share/yosys/abc9_model.v:2.1-7.10.
Generating RTLIL representation for module `$__ABC9_DELAY'.
Replacing existing blackbox module `$__ABC9_SCC_BREAKER' at /opt/homebrew/bin/../share/yosys/abc9_model.v:9.1-11.10.
Generating RTLIL representation for module `$__ABC9_SCC_BREAKER'.
Replacing existing module `$__DFF_N__$abc9_flop' at /opt/homebrew/bin/../share/yosys/abc9_model.v:14.1-20.10.
Generating RTLIL representation for module `$__DFF_N__$abc9_flop'.
Replacing existing module `$__DFF_P__$abc9_flop' at /opt/homebrew/bin/../share/yosys/abc9_model.v:23.1-29.10.
Generating RTLIL representation for module `$__DFF_P__$abc9_flop'.
Successfully finished Verilog frontend.

2.37.9. Executing ABC9_OPS pass (helper functions for ABC9).

2.37.10. Executing ABC9_OPS pass (helper functions for ABC9).

2.37.6.8. Executing OPT_EXPR pass (perform const folding).

2.37.6.9. Finished fast OPT passes. (There is nothing left to do.)

2.37.11. Executing ABC9_OPS pass (helper functions for ABC9).
<suppressed ~2 debug messages>

2.37.12. Executing AIGMAP pass (map logic to AIG).
Module top: replaced 0 cells with 0 new cells, skipped 8 cells.
  not replaced 4 cell types:
       5 IBUF
       1 CLKDIV
       1 OSER16
       1 OBUF

2.37.12.1. Executing ABC9_OPS pass (helper functions for ABC9).

2.26. Executing OPT pass (performing simple optimizations).

2.26.1. Executing OPT_EXPR pass (perform const folding).

2.37.12.2. Executing ABC9_OPS pass (helper functions for ABC9).

2.37.12.3. Executing XAIGER backend.
<suppressed ~5 debug messages>
Extracted 0 AND gates and 15 wires from module `top' to a netlist network with 13 inputs and 8 outputs.

2.37.12.4. Executing ABC9_EXE pass (technology mapping using ABC9).

2.37.12.5. Executing ABC9.

2.37.7. Executing TECHMAP pass (map to technology primitives).

2.37.7.1. Executing Verilog-2005 frontend: /opt/homebrew/bin/../share/yosys/abc9_map.v
Parsing Verilog input from `/opt/homebrew/bin/../share/yosys/abc9_map.v' to AST representation.
Successfully finished Verilog frontend.

2.37.7.2. Continuing TECHMAP pass.
No more expansions possible.
<suppressed ~2 debug messages>

2.37.8. Executing Verilog-2005 frontend: /opt/homebrew/bin/../share/yosys/abc9_model.v
Parsing Verilog input from `/opt/homebrew/bin/../share/yosys/abc9_model.v' to AST representation.
Replacing existing blackbox module `$__ABC9_DELAY' at /opt/homebrew/bin/../share/yosys/abc9_model.v:2.1-7.10.
Generating RTLIL representation for module `$__ABC9_DELAY'.
Replacing existing blackbox module `$__ABC9_SCC_BREAKER' at /opt/homebrew/bin/../share/yosys/abc9_model.v:9.1-11.10.
Generating RTLIL representation for module `$__ABC9_SCC_BREAKER'.
Replacing existing module `$__DFF_N__$abc9_flop' at /opt/homebrew/bin/../share/yosys/abc9_model.v:14.1-20.10.
Generating RTLIL representation for module `$__DFF_N__$abc9_flop'.
Replacing existing module `$__DFF_P__$abc9_flop' at /opt/homebrew/bin/../share/yosys/abc9_model.v:23.1-29.10.
Generating RTLIL representation for module `$__DFF_P__$abc9_flop'.
Successfully finished Verilog frontend.

2.37.9. Executing ABC9_OPS pass (helper functions for ABC9).

2.37.10. Executing ABC9_OPS pass (helper functions for ABC9).

2.37.11. Executing ABC9_OPS pass (helper functions for ABC9).
<suppressed ~2 debug messages>

2.37.12. Executing AIGMAP pass (map logic to AIG).
Module top: replaced 0 cells with 0 new cells, skipped 17 cells.
  not replaced 4 cell types:
       4 IBUF
       1 CLKDIV
       1 IDES10
      11 OBUF

2.37.12.1. Executing ABC9_OPS pass (helper functions for ABC9).

2.37.12.2. Executing ABC9_OPS pass (helper functions for ABC9).

2.37.12.3. Executing XAIGER backend.
<suppressed ~5 debug messages>
Extracted 0 AND gates and 32 wires from module `top' to a netlist network with 30 inputs and 26 outputs.

2.37.12.4. Executing ABC9_EXE pass (technology mapping using ABC9).

2.37.12.5. Executing ABC9.
Optimizing module top.

2.26.2. Executing OPT_MERGE pass (detect identical cells).
Finding identical cells in module `\top'.
Computing hashes of 2 cells of `\top'.
Finding duplicate cells in `\top'.
Removed a total of 0 cells.

2.26.3. Executing OPT_MUXTREE pass (detect dead branches in mux trees).
Running muxtree optimizer on module \top..
  Creating internal representation of mux trees.
  No muxes found in this module.
Removed 0 multiplexer ports.

2.26.4. Executing OPT_REDUCE pass (consolidate $*mux and $reduce_* inputs).
  Optimizing cells in module \top.
Performed a total of 0 changes.

2.26.5. Executing OPT_MERGE pass (detect identical cells).
Finding identical cells in module `\top'.
Computing hashes of 2 cells of `\top'.
Finding duplicate cells in `\top'.
Removed a total of 0 cells.

2.26.6. Executing OPT_DFF pass (perform DFF optimizations).

2.26.7. Executing OPT_CLEAN pass (remove unused cells and wires).
Finding unused cells or wires in module \top..

2.26.8. Executing OPT_EXPR pass (perform const folding).
Optimizing module top.

2.26.9. Finished fast OPT passes. (There is nothing left to do.)

2.27. Executing TECHMAP pass (map to technology primitives).

2.27.1. Executing Verilog-2005 frontend: /opt/homebrew/bin/../share/yosys/techmap.v
Parsing Verilog input from `/opt/homebrew/bin/../share/yosys/techmap.v' to AST representation.
Generating RTLIL representation for module `\_90_simplemap_bool_ops'.
Generating RTLIL representation for module `\_90_simplemap_reduce_ops'.
Generating RTLIL representation for module `\_90_simplemap_logic_ops'.
Generating RTLIL representation for module `\_90_simplemap_compare_ops'.
Generating RTLIL representation for module `\_90_simplemap_various'.
Generating RTLIL representation for module `\_90_simplemap_registers'.
Generating RTLIL representation for module `\_90_shift_ops_shr_shl_sshl_sshr'.
Generating RTLIL representation for module `\_90_shift_shiftx'.
Generating RTLIL representation for module `\_90_fa'.
Generating RTLIL representation for module `\_90_lcu_brent_kung'.
Generating RTLIL representation for module `\_90_alu'.
Generating RTLIL representation for module `\_90_macc'.
Generating RTLIL representation for module `\_90_alumacc'.
Generating RTLIL representation for module `$__div_mod_u'.
Generating RTLIL representation for module `$__div_mod_trunc'.
Generating RTLIL representation for module `\_90_div'.
Generating RTLIL representation for module `\_90_mod'.
Generating RTLIL representation for module `$__div_mod_floor'.
Generating RTLIL representation for module `\_90_divfloor'.
Generating RTLIL representation for module `\_90_modfloor'.
Generating RTLIL representation for module `\_90_pow'.
Generating RTLIL representation for module `\_90_pmux'.
Generating RTLIL representation for module `\_90_demux'.
Generating RTLIL representation for module `\_90_lut'.
Generating RTLIL representation for module `$connect'.
Generating RTLIL representation for module `$input_port'.
Successfully finished Verilog frontend.

2.27.2. Executing Verilog-2005 frontend: /opt/homebrew/bin/../share/yosys/gowin/arith_map.v
Parsing Verilog input from `/opt/homebrew/bin/../share/yosys/gowin/arith_map.v' to AST representation.
Generating RTLIL representation for module `\_80_gw1n_alu'.
Successfully finished Verilog frontend.

2.27.3. Continuing TECHMAP pass.
No more expansions possible.
<suppressed ~77 debug messages>

2.28. Executing OPT pass (performing simple optimizations).

2.28.1. Executing OPT_EXPR pass (perform const folding).
Optimizing module top.

2.28.2. Executing OPT_MERGE pass (detect identical cells).
Finding identical cells in module `\top'.
Computing hashes of 2 cells of `\top'.
Finding duplicate cells in `\top'.
Removed a total of 0 cells.

2.28.3. Executing OPT_DFF pass (perform DFF optimizations).

2.28.4. Executing OPT_CLEAN pass (remove unused cells and wires).
Finding unused cells or wires in module \top..

2.28.5. Finished fast OPT passes.

2.29. Executing IOPADMAP pass (mapping inputs/outputs to IO-PAD cells).
Mapping port top.q9 using OBUF.
Mapping port top.q8 using OBUF.
Mapping port top.q7 using OBUF.
Mapping port top.q6 using OBUF.
Mapping port top.q5 using OBUF.
Mapping port top.q4 using OBUF.
Mapping port top.q3 using OBUF.
Mapping port top.q2 using OBUF.
Mapping port top.q1 using OBUF.
Mapping port top.q0 using OBUF.
Mapping port top.din using IBUF.
Mapping port top.rst using IBUF.
Mapping port top.resetn using IBUF.
Mapping port top.fclk using IBUF.

2.30. Executing OPT_CLEAN pass (remove unused cells and wires).
Finding unused cells or wires in module \top..

2.31. Executing DFFLEGALIZE pass (convert FFs to types supported by the target).

2.32. Executing TECHMAP pass (map to technology primitives).

2.32.1. Executing Verilog-2005 frontend: /opt/homebrew/bin/../share/yosys/gowin/cells_map.v
Parsing Verilog input from `/opt/homebrew/bin/../share/yosys/gowin/cells_map.v' to AST representation.
Generating RTLIL representation for module `$_DFF_N_'.
Generating RTLIL representation for module `$_DFF_P_'.
Generating RTLIL representation for module `$_DFFE_PP_'.
Generating RTLIL representation for module `$_DFFE_NP_'.
Generating RTLIL representation for module `$_SDFF_PP0_'.
Generating RTLIL representation for module `$_SDFF_NP0_'.
Generating RTLIL representation for module `$_SDFFE_PP0P_'.
Generating RTLIL representation for module `$_SDFFE_NP0P_'.
Generating RTLIL representation for module `$_SDFF_PP1_'.
Generating RTLIL representation for module `$_SDFF_NP1_'.
Generating RTLIL representation for module `$_SDFFE_PP1P_'.
Generating RTLIL representation for module `$_SDFFE_NP1P_'.
Generating RTLIL representation for module `$_DFF_PP1_'.
Generating RTLIL representation for module `$_DFF_NP1_'.
Generating RTLIL representation for module `$_DFF_PP0_'.
Generating RTLIL representation for module `$_DFF_NP0_'.
Generating RTLIL representation for module `$_DFFE_PP1P_'.
Generating RTLIL representation for module `$_DFFE_NP1P_'.
Generating RTLIL representation for module `$_DFFE_PP0P_'.
Generating RTLIL representation for module `$_DFFE_NP0P_'.
Generating RTLIL representation for module `$lut'.
Successfully finished Verilog frontend.

2.32.2. Continuing TECHMAP pass.
No more expansions possible.
<suppressed ~23 debug messages>

2.33. Executing OPT_EXPR pass (perform const folding).
Optimizing module top.

2.34. Executing SIMPLEMAP pass (map simple cells to gate primitives).

2.35. Executing SORT pass.

2.36. Executing Verilog-2005 frontend: /opt/homebrew/bin/../share/yosys/abc9_model.v
Parsing Verilog input from `/opt/homebrew/bin/../share/yosys/abc9_model.v' to AST representation.
Generating RTLIL representation for module `$__ABC9_DELAY'.
Generating RTLIL representation for module `$__ABC9_SCC_BREAKER'.
Generating RTLIL representation for module `$__DFF_N__$abc9_flop'.
Generating RTLIL representation for module `$__DFF_P__$abc9_flop'.
Successfully finished Verilog frontend.

2.37. Executing ABC9 pass.

2.37.1. Executing ABC9_OPS pass (helper functions for ABC9).

2.37.2. Executing ABC9_OPS pass (helper functions for ABC9).

2.37.3. Executing SCC pass (detecting logic loops).
Found 0 SCCs in module top.
Found 0 SCCs.

2.37.4. Executing ABC9_OPS pass (helper functions for ABC9).

2.37.5. Executing TECHMAP pass (map to technology primitives).
Running ABC command: "<yosys-exe-dir>/yosys-abc" -s -f <abc-temp-dir>/abc.script 2>&1
ABC: ======== ABC command line "source <abc-temp-dir>/abc.script"
ABC: + read_lut <abc-temp-dir>/input.lut 
ABC: + read_box <abc-temp-dir>/input.box 
ABC: + &read <abc-temp-dir>/input.xaig 
ABC: + &ps 
ABC: <abc-temp-dir>/input : i/o =     30/     26  and =       0  lev =    0 (0.00)  mem = 0.00 MB  box = 0  bb = 0
ABC: + &scorr 
ABC: Warning: The network is combinational.
ABC: + &sweep 
ABC: + &dc2 
ABC: + &dch -f -r 
ABC: + &ps 
ABC: <abc-temp-dir>/input : i/o =     30/     26  and =       0  lev =    0 (0.00)  mem = 0.00 MB  ch =    0  box = 0  bb = 0
ABC: cst =       0  cls =      0  lit =       0  unused =      30  proof =     0
ABC: + &if -W 500 -v 
ABC: K = 8. Memory (bytes): Truth =    0. Cut =   68. Obj =  152. Set =  708. CutMin = no
ABC: Node =       0.  Ch =     0.  Total mem =    0.01 MB. Peak cut mem =    0.00 MB.
ABC: P:  Del =    0.00.  Ar =       0.0.  Edge =        0.  Cut =        0.  T =     0.00 sec
ABC: P:  Del =    0.00.  Ar =       0.0.  Edge =        0.  Cut =        0.  T =     0.00 sec
ABC: P:  Del =    0.00.  Ar =       0.0.  Edge =        0.  Cut =        0.  T =     0.00 sec
ABC: F:  Del =    0.00.  Ar =       0.0.  Edge =        0.  Cut =        0.  T =     0.00 sec
ABC: A:  Del =    0.00.  Ar =       0.0.  Edge =        0.  Cut =        0.  T =     0.00 sec
ABC: A:  Del =    0.00.  Ar =       0.0.  Edge =        0.  Cut =        0.  T =     0.00 sec
ABC: Total time =     0.00 sec
ABC: + &write -n <abc-temp-dir>/output.aig 
ABC: + &mfs 
ABC: Timing manager is given but there is no GIA of boxes.
ABC: Error: Abc_FrameUpdateGia(): Transformation has failed.
ABC: + &ps -l 
ABC: <abc-temp-dir>/input : i/o =     30/     26  and =       0  lev =    0 (0.00)  mem = 0.00 MB  box = 0  bb = 0
ABC: Mapping (K=0)  :  lut =      0  edge =       0  lev =    0 (0.00)  mem = 0.00 MB
ABC: LUT = 0 : Ave = 0.00
ABC: + &write -n <abc-temp-dir>/output.aig 
ABC: + &verify 
ABC: Networks are equivalent.  Time =     0.00 sec
ABC: + time 
ABC: elapse: 0.01 seconds, total: 0.01 seconds

2.37.12.6. Executing AIGER frontend.
Running ABC command: "<yosys-exe-dir>/yosys-abc" -s -f <abc-temp-dir>/abc.script 2>&1
ABC: ======== ABC command line "source <abc-temp-dir>/abc.script"
ABC: + read_lut <abc-temp-dir>/input.lut 
ABC: + read_box <abc-temp-dir>/input.box 
ABC: + &read <abc-temp-dir>/input.xaig 
ABC: + &ps 
ABC: <abc-temp-dir>/input : i/o =     13/      8  and =       0  lev =    0 (0.00)  mem = 0.00 MB  box = 0  bb = 0
ABC: + &scorr 
ABC: Warning: The network is combinational.
ABC: + &sweep 
ABC: + &dc2 
ABC: + &dch -f -r 
ABC: + &ps 
ABC: <abc-temp-dir>/input : i/o =     13/      8  and =       0  lev =    0 (0.00)  mem = 0.00 MB  ch =    0  box = 0  bb = 0
ABC: cst =       0  cls =      0  lit =       0  unused =      13  proof =     0
ABC: + &if -W 500 -v 
ABC: K = 8. Memory (bytes): Truth =    0. Cut =   68. Obj =  152. Set =  708. CutMin = no
ABC: Node =       0.  Ch =     0.  Total mem =    0.00 MB. Peak cut mem =    0.00 MB.
ABC: P:  Del =    0.00.  Ar =       0.0.  Edge =        0.  Cut =        0.  T =     0.00 sec
ABC: P:  Del =    0.00.  Ar =       0.0.  Edge =        0.  Cut =        0.  T =     0.00 sec
ABC: P:  Del =    0.00.  Ar =       0.0.  Edge =        0.  Cut =        0.  T =     0.00 sec
ABC: F:  Del =    0.00.  Ar =       0.0.  Edge =        0.  Cut =        0.  T =     0.00 sec
ABC: A:  Del =    0.00.  Ar =       0.0.  Edge =        0.  Cut =        0.  T =     0.00 sec
ABC: A:  Del =    0.00.  Ar =       0.0.  Edge =        0.  Cut =        0.  T =     0.00 sec
ABC: Total time =     0.00 sec
ABC: + &write -n <abc-temp-dir>/output.aig 
ABC: + &mfs 
ABC: Timing manager is given but there is no GIA of boxes.
ABC: Error: Abc_FrameUpdateGia(): Transformation has failed.
ABC: + &ps -l 
ABC: <abc-temp-dir>/input : i/o =     13/      8  and =       0  lev =    0 (0.00)  mem = 0.00 MB  box = 0  bb = 0
ABC: Mapping (K=0)  :  lut =      0  edge =       0  lev =    0 (0.00)  mem = 0.00 MB
ABC: LUT = 0 : Ave = 0.00
ABC: + &write -n <abc-temp-dir>/output.aig 
ABC: + &verify 
ABC: Networks are equivalent.  Time =     0.00 sec
ABC: + time 
ABC: elapse: 0.01 seconds, total: 0.01 seconds

2.37.12.6. Executing AIGER frontend.
<suppressed ~50 debug messages>
Removed 0 unused cells and 21 unused wires.

2.37.12.7. Executing ABC9_OPS pass (helper functions for ABC9).
<suppressed ~120 debug messages>
Removed 0 unused cells and 56 unused wires.

2.37.12.7. Executing ABC9_OPS pass (helper functions for ABC9).
ABC RESULTS:           input signals:        5
ABC RESULTS:          output signals:        8
Removing temp directory.

2.37.13. Executing TECHMAP pass (map to technology primitives).

2.37.13.1. Executing Verilog-2005 frontend: /opt/homebrew/bin/../share/yosys/abc9_unmap.v
Parsing Verilog input from `/opt/homebrew/bin/../share/yosys/abc9_unmap.v' to AST representation.
Generating RTLIL representation for module `$__DFF_x__$abc9_flop'.
Generating RTLIL representation for module `$__ABC9_SCC_BREAKER'.
Successfully finished Verilog frontend.

2.37.13.2. Continuing TECHMAP pass.
No more expansions possible.
ABC RESULTS:           input signals:        4
ABC RESULTS:          output signals:       26
Removing temp directory.

2.37.13. Executing TECHMAP pass (map to technology primitives).

2.37.13.1. Executing Verilog-2005 frontend: /opt/homebrew/bin/../share/yosys/abc9_unmap.v
<suppressed ~5 debug messages>
Parsing Verilog input from `/opt/homebrew/bin/../share/yosys/abc9_unmap.v' to AST representation.
Generating RTLIL representation for module `$__DFF_x__$abc9_flop'.
Generating RTLIL representation for module `$__ABC9_SCC_BREAKER'.
Successfully finished Verilog frontend.

2.37.13.2. Continuing TECHMAP pass.
No more expansions possible.
<suppressed ~5 debug messages>
Removed 0 unused cells and 13 unused wires.

2.38. Executing TECHMAP pass (map to technology primitives).

2.38.1. Executing Verilog-2005 frontend: /opt/homebrew/bin/../share/yosys/gowin/cells_map.v
Removed 0 unused cells and 30 unused wires.

2.38. Executing TECHMAP pass (map to technology primitives).

2.38.1. Executing Verilog-2005 frontend: /opt/homebrew/bin/../share/yosys/gowin/cells_map.v
Parsing Verilog input from `/opt/homebrew/bin/../share/yosys/gowin/cells_map.v' to AST representation.
Generating RTLIL representation for module `$_DFF_N_'.
Generating RTLIL representation for module `$_DFF_P_'.
Generating RTLIL representation for module `$_DFFE_PP_'.
Generating RTLIL representation for module `$_DFFE_NP_'.
Generating RTLIL representation for module `$_SDFF_PP0_'.
Generating RTLIL representation for module `$_SDFF_NP0_'.
Generating RTLIL representation for module `$_SDFFE_PP0P_'.
Generating RTLIL representation for module `$_SDFFE_NP0P_'.
Generating RTLIL representation for module `$_SDFF_PP1_'.
Generating RTLIL representation for module `$_SDFF_NP1_'.
Generating RTLIL representation for module `$_SDFFE_PP1P_'.
Generating RTLIL representation for module `$_SDFFE_NP1P_'.
Generating RTLIL representation for module `$_DFF_PP1_'.
Generating RTLIL representation for module `$_DFF_NP1_'.
Generating RTLIL representation for module `$_DFF_PP0_'.
Generating RTLIL representation for module `$_DFF_NP0_'.
Generating RTLIL representation for module `$_DFFE_PP1P_'.
Generating RTLIL representation for module `$_DFFE_NP1P_'.
Generating RTLIL representation for module `$_DFFE_PP0P_'.
Generating RTLIL representation for module `$_DFFE_NP0P_'.
Generating RTLIL representation for module `$lut'.
Successfully finished Verilog frontend.

2.38.2. Continuing TECHMAP pass.
No more expansions possible.
<suppressed ~23 debug messages>

2.39. Executing OPT_LUT_INS pass (discard unused LUT inputs).
Optimizing LUTs in top.

2.40. Executing SETUNDEF pass (replace undef values with defined constants).
Parsing Verilog input from `/opt/homebrew/bin/../share/yosys/gowin/cells_map.v' to AST representation.
Generating RTLIL representation for module `$_DFF_N_'.
Generating RTLIL representation for module `$_DFF_P_'.
Generating RTLIL representation for module `$_DFFE_PP_'.
Generating RTLIL representation for module `$_DFFE_NP_'.
Generating RTLIL representation for module `$_SDFF_PP0_'.
Generating RTLIL representation for module `$_SDFF_NP0_'.
Generating RTLIL representation for module `$_SDFFE_PP0P_'.
Generating RTLIL representation for module `$_SDFFE_NP0P_'.
Generating RTLIL representation for module `$_SDFF_PP1_'.
Generating RTLIL representation for module `$_SDFF_NP1_'.
Generating RTLIL representation for module `$_SDFFE_PP1P_'.
Generating RTLIL representation for module `$_SDFFE_NP1P_'.
Generating RTLIL representation for module `$_DFF_PP1_'.
Generating RTLIL representation for module `$_DFF_NP1_'.
Generating RTLIL representation for module `$_DFF_PP0_'.
Generating RTLIL representation for module `$_DFF_NP0_'.
Generating RTLIL representation for module `$_DFFE_PP1P_'.
Generating RTLIL representation for module `$_DFFE_NP1P_'.
Generating RTLIL representation for module `$_DFFE_PP0P_'.
Generating RTLIL representation for module `$_DFFE_NP0P_'.
Generating RTLIL representation for module `$lut'.
Successfully finished Verilog frontend.

2.38.2. Continuing TECHMAP pass.
No more expansions possible.
<suppressed ~23 debug messages>

2.39. Executing OPT_LUT_INS pass (discard unused LUT inputs).
Optimizing LUTs in top.

2.40. Executing SETUNDEF pass (replace undef values with defined constants).

2.41. Executing HILOMAP pass (mapping to constant drivers).

2.41. Executing HILOMAP pass (mapping to constant drivers).

2.42. Executing AUTONAME pass.

2.42. Executing AUTONAME pass.
Renamed 14 objects in module top (10 iterations).
<suppressed ~14 debug messages>

2.43. Executing HIERARCHY pass (managing design hierarchy).
Attribute `top' found on module `top'. Setting top module to top.

2.43.1. Analyzing design hierarchy..
Top module:  \top

2.43.2. Analyzing design hierarchy..
Renamed 31 objects in module top (10 iterations).
<suppressed ~31 debug messages>

2.43. Executing HIERARCHY pass (managing design hierarchy).
Attribute `top' found on module `top'. Setting top module to top.

2.43.1. Analyzing design hierarchy..
Top module:  \top

2.43.2. Analyzing design hierarchy..
Top module:  \top
Removed 0 unused modules.

2.37.5.1. Executing Verilog-2005 frontend: /opt/homebrew/bin/../share/yosys/techmap.v
Top module:  \top
Removed 0 unused modules.

2.44. Printing statistics.

=== top ===

        +----------Local Count, excluding submodules.
        | 
       14 wires
       14 wire bits
       14 public wires
       14 public wire bits
        6 ports
        6 port bits
        9 cells
        1   CLKDIV
        1   GND
        5   IBUF
        1   OBUF
        1   OSER16

2.45. Executing CHECK pass (checking for obvious problems).

2.44. Printing statistics.

=== top ===

        +----------Local Count, excluding submodules.
        | 
       31 wires
       31 wire bits
       31 public wires
       31 public wire bits
       15 ports
       15 port bits
       18 cells
        1   CLKDIV
        1   GND
        4   IBUF
        1   IDES10
       11   OBUF

2.45. Executing CHECK pass (checking for obvious problems).
Checking module top...
Found and reported 0 problems.

2.46. Executing JSON backend.
Checking module top...
Found and reported 0 problems.

2.46. Executing JSON backend.
Parsing Verilog input from `/opt/homebrew/bin/../share/yosys/techmap.v' to AST representation.
Generating RTLIL representation for module `\_90_simplemap_bool_ops'.
Generating RTLIL representation for module `\_90_simplemap_reduce_ops'.
Generating RTLIL representation for module `\_90_simplemap_logic_ops'.
Generating RTLIL representation for module `\_90_simplemap_compare_ops'.
Generating RTLIL representation for module `\_90_simplemap_various'.
Generating RTLIL representation for module `\_90_simplemap_registers'.
Generating RTLIL representation for module `\_90_shift_ops_shr_shl_sshl_sshr'.
Generating RTLIL representation for module `\_90_shift_shiftx'.
Generating RTLIL representation for module `\_90_fa'.
Generating RTLIL representation for module `\_90_lcu_brent_kung'.
Generating RTLIL representation for module `\_90_alu'.
Generating RTLIL representation for module `\_90_macc'.
Generating RTLIL representation for module `\_90_alumacc'.
Generating RTLIL representation for module `$__div_mod_u'.
Generating RTLIL representation for module `$__div_mod_trunc'.
Generating RTLIL representation for module `\_90_div'.
Generating RTLIL representation for module `\_90_mod'.
Generating RTLIL representation for module `$__div_mod_floor'.
Generating RTLIL representation for module `\_90_divfloor'.
Generating RTLIL representation for module `\_90_modfloor'.
Generating RTLIL representation for module `\_90_pow'.
Generating RTLIL representation for module `\_90_pmux'.
Generating RTLIL representation for module `\_90_demux'.
Generating RTLIL representation for module `\_90_lut'.
Generating RTLIL representation for module `$connect'.
Generating RTLIL representation for module `$input_port'.
Successfully finished Verilog frontend.

2.37.5.2. Continuing TECHMAP pass.
No more expansions possible.
<suppressed ~240 debug messages>

2.37.6. Executing OPT pass (performing simple optimizations).

2.37.6.1. Executing OPT_EXPR pass (perform const folding).

2.37.6.2. Executing OPT_MERGE pass (detect identical cells).
Removed a total of 0 cells.

2.37.6.3. Executing OPT_MUXTREE pass (detect dead branches in mux trees).
Removed 0 multiplexer ports.

2.37.6.4. Executing OPT_REDUCE pass (consolidate $*mux and $reduce_* inputs).
Performed a total of 0 changes.

2.37.6.5. Executing OPT_MERGE pass (detect identical cells).
Removed a total of 0 cells.

2.37.6.6. Executing OPT_DFF pass (perform DFF optimizations).

2.37.6.7. Executing OPT_CLEAN pass (remove unused cells and wires).

2.37.6.8. Executing OPT_EXPR pass (perform const folding).

2.37.6.9. Finished fast OPT passes. (There is nothing left to do.)

2.37.7. Executing TECHMAP pass (map to technology primitives).

2.37.7.1. Executing Verilog-2005 frontend: /opt/homebrew/bin/../share/yosys/abc9_map.v
Parsing Verilog input from `/opt/homebrew/bin/../share/yosys/abc9_map.v' to AST representation.
Successfully finished Verilog frontend.

2.37.7.2. Continuing TECHMAP pass.
No more expansions possible.
<suppressed ~2 debug messages>

2.37.8. Executing Verilog-2005 frontend: /opt/homebrew/bin/../share/yosys/abc9_model.v
Parsing Verilog input from `/opt/homebrew/bin/../share/yosys/abc9_model.v' to AST representation.
Replacing existing blackbox module `$__ABC9_DELAY' at /opt/homebrew/bin/../share/yosys/abc9_model.v:2.1-7.10.
Generating RTLIL representation for module `$__ABC9_DELAY'.
Replacing existing blackbox module `$__ABC9_SCC_BREAKER' at /opt/homebrew/bin/../share/yosys/abc9_model.v:9.1-11.10.
Generating RTLIL representation for module `$__ABC9_SCC_BREAKER'.
Replacing existing module `$__DFF_N__$abc9_flop' at /opt/homebrew/bin/../share/yosys/abc9_model.v:14.1-20.10.
Generating RTLIL representation for module `$__DFF_N__$abc9_flop'.
Replacing existing module `$__DFF_P__$abc9_flop' at /opt/homebrew/bin/../share/yosys/abc9_model.v:23.1-29.10.
Generating RTLIL representation for module `$__DFF_P__$abc9_flop'.
Successfully finished Verilog frontend.

2.37.9. Executing ABC9_OPS pass (helper functions for ABC9).

2.37.10. Executing ABC9_OPS pass (helper functions for ABC9).

2.37.11. Executing ABC9_OPS pass (helper functions for ABC9).
<suppressed ~2 debug messages>

2.37.12. Executing AIGMAP pass (map logic to AIG).

End of script. Logfile hash: 63964f92fc, CPU: user 0.38s system 0.06s, MEM: 32.56 MB peak
Yosys 0.63 (git sha1 70a11c6bf0e8dd669f56c7da3587f78b405138e2, clang++ 17.0.0 -fPIC -O3)
Time spent: 42% 19x read_verilog (0 sec), 17% 1x abc9_exe (0 sec), ...
Module top: replaced 0 cells with 0 new cells, skipped 16 cells.
  not replaced 4 cell types:
       4 IBUF
       1 CLKDIV
       1 IDES16
      10 OBUF

2.37.12.1. Executing ABC9_OPS pass (helper functions for ABC9).

2.37.12.2. Executing ABC9_OPS pass (helper functions for ABC9).

2.37.12.3. Executing XAIGER backend.
<suppressed ~5 debug messages>
Extracted 0 AND gates and 31 wires from module `top' to a netlist network with 29 inputs and 25 outputs.

2.37.12.4. Executing ABC9_EXE pass (technology mapping using ABC9).

2.37.12.5. Executing ABC9.

End of script. Logfile hash: 1c3e2458f1, CPU: user 0.39s system 0.06s, MEM: 31.97 MB peak
Yosys 0.63 (git sha1 70a11c6bf0e8dd669f56c7da3587f78b405138e2, clang++ 17.0.0 -fPIC -O3)
Time spent: 40% 19x read_verilog (0 sec), 17% 1x abc9_exe (0 sec), ...
yosys -p "read_verilog tlvds-ibuf-io.v; synth_gowin -json tlvds-ibuf-io-tangmega138k-synth.json -family gw5a -setundef"
yosys -p "read_verilog tlvds-obuf-io.v; synth_gowin -json tlvds-obuf-io-tangmega138k-synth.json -family gw5a -setundef"

 /----------------------------------------------------------------------------\
 |  yosys -- Yosys Open SYnthesis Suite                                       |
 |  Copyright (C) 2012 - 2026  Claire Xenia Wolf <claire@yosyshq.com>         |
 |  Distributed under an ISC-like license, type "license" to see terms        |
 \----------------------------------------------------------------------------/
 Yosys 0.63 (git sha1 70a11c6bf0e8dd669f56c7da3587f78b405138e2, clang++ 17.0.0 -fPIC -O3)

-- Running command `read_verilog tlvds-ibuf-io.v; synth_gowin -json tlvds-ibuf-io-tangmega138k-synth.json -family gw5a -setundef' --

1. Executing Verilog-2005 frontend: tlvds-ibuf-io.v
Parsing Verilog input from `tlvds-ibuf-io.v' to AST representation.
Generating RTLIL representation for module `\top'.
Successfully finished Verilog frontend.

2. Executing SYNTH_GOWIN pass.

2.1. Executing Verilog-2005 frontend: /opt/homebrew/bin/../share/yosys/gowin/cells_sim.v

 /----------------------------------------------------------------------------\
 |  yosys -- Yosys Open SYnthesis Suite                                       |
 |  Copyright (C) 2012 - 2026  Claire Xenia Wolf <claire@yosyshq.com>         |
 |  Distributed under an ISC-like license, type "license" to see terms        |
 \----------------------------------------------------------------------------/
 Yosys 0.63 (git sha1 70a11c6bf0e8dd669f56c7da3587f78b405138e2, clang++ 17.0.0 -fPIC -O3)

-- Running command `read_verilog tlvds-obuf-io.v; synth_gowin -json tlvds-obuf-io-tangmega138k-synth.json -family gw5a -setundef' --

1. Executing Verilog-2005 frontend: tlvds-obuf-io.v
Parsing Verilog input from `tlvds-obuf-io.v' to AST representation.
Generating RTLIL representation for module `\top'.
Successfully finished Verilog frontend.

2. Executing SYNTH_GOWIN pass.

2.1. Executing Verilog-2005 frontend: /opt/homebrew/bin/../share/yosys/gowin/cells_sim.v
Parsing Verilog input from `/opt/homebrew/bin/../share/yosys/gowin/cells_sim.v' to AST representation.
Generating RTLIL representation for module `\LUT1'.
Generating RTLIL representation for module `\LUT2'.
Generating RTLIL representation for module `\LUT3'.
Generating RTLIL representation for module `\LUT4'.
Generating RTLIL representation for module `\__APICULA_LUT5'.
Generating RTLIL representation for module `\__APICULA_LUT6'.
Generating RTLIL representation for module `\__APICULA_LUT7'.
Generating RTLIL representation for module `\__APICULA_LUT8'.
Generating RTLIL representation for module `\MUX2'.
Generating RTLIL representation for module `\MUX2_LUT5'.
Generating RTLIL representation for module `\MUX2_LUT6'.
Generating RTLIL representation for module `\MUX2_LUT7'.
Generating RTLIL representation for module `\MUX2_LUT8'.
Generating RTLIL representation for module `\DFF'.
Generating RTLIL representation for module `\DFFE'.
Generating RTLIL representation for module `\DFFS'.
Generating RTLIL representation for module `\DFFSE'.
Generating RTLIL representation for module `\DFFR'.
Generating RTLIL representation for module `\DFFRE'.
Generating RTLIL representation for module `\DFFP'.
Generating RTLIL representation for module `\DFFPE'.
Generating RTLIL representation for module `\DFFC'.
Generating RTLIL representation for module `\DFFCE'.
Generating RTLIL representation for module `\DFFN'.
Generating RTLIL representation for module `\DFFNE'.
Generating RTLIL representation for module `\DFFNS'.
Generating RTLIL representation for module `\DFFNSE'.
Generating RTLIL representation for module `\DFFNR'.
Generating RTLIL representation for module `\DFFNRE'.
Generating RTLIL representation for module `\DFFNP'.
Generating RTLIL representation for module `\DFFNPE'.
Generating RTLIL representation for module `\DFFNC'.
Generating RTLIL representation for module `\DFFNCE'.
Generating RTLIL representation for module `\VCC'.
Generating RTLIL representation for module `\GND'.
Generating RTLIL representation for module `\IBUF'.
Generating RTLIL representation for module `\OBUF'.
Generating RTLIL representation for module `\TBUF'.
Generating RTLIL representation for module `\IOBUF'.
Generating RTLIL representation for module `\ELVDS_OBUF'.
Generating RTLIL representation for module `\TLVDS_OBUF'.
Generating RTLIL representation for module `\OSER4'.
Generating RTLIL representation for module `\OSER4_MEM'.
Generating RTLIL representation for module `\OSER8'.
Generating RTLIL representation for module `\OSER10'.
Generating RTLIL representation for module `\OVIDEO'.
Generating RTLIL representation for module `\OSER16'.
Generating RTLIL representation for module `\IDES4'.
Generating RTLIL representation for module `\IDES4_MEM'.
Generating RTLIL representation for module `\IDES8'.
Generating RTLIL representation for module `\IDES10'.
Generating RTLIL representation for module `\IVIDEO'.
Generating RTLIL representation for module `\IDES16'.
Generating RTLIL representation for module `\IDDR'.
Generating RTLIL representation for module `\IDDRC'.
Generating RTLIL representation for module `\DQS'.
Generating RTLIL representation for module `\ODDR'.
Generating RTLIL representation for module `\ODDRC'.
Generating RTLIL representation for module `\GSR'.
Generating RTLIL representation for module `\BANDGAP'.
Generating RTLIL representation for module `\ALU'.
Generating RTLIL representation for module `\RAM16S1'.
Generating RTLIL representation for module `\RAM16S2'.
Generating RTLIL representation for module `\RAM16S4'.
Generating RTLIL representation for module `\RAM16SDP1'.
Generating RTLIL representation for module `\RAM16SDP2'.
Generating RTLIL representation for module `\RAM16SDP4'.
Generating RTLIL representation for module `\SP'.
Generating RTLIL representation for module `\SPX9'.
Generating RTLIL representation for module `\SDP'.
Generating RTLIL representation for module `\SDPX9'.
Generating RTLIL representation for module `\DP'.
Generating RTLIL representation for module `\DPX9'.
Generating RTLIL representation for module `\rPLL'.
GeneratingParsing Verilog input from `/opt/homebrew/bin/../share/yosys/gowin/cells_sim.v' to AST representation.
Generating RTLIL representation for module `\LUT1'.
Generating RTLIL representation for module `\LUT2'.
Generating RTLIL representation for module `\LUT3'.
Generating RTLIL representation for module `\LUT4'.
Generating RTLIL representation for module `\__APICULA_LUT5'.
Generating RTLIL representation for module `\__APICULA_LUT6'.
Generating RTLIL representation for module `\__APICULA_LUT7'.
Generating RTLIL representation for module `\__APICULA_LUT8'.
Generating RTLIL representation for module `\MUX2'.
Generating RTLIL representation for module `\MUX2_LUT5'.
Generating RTLIL representation for module `\MUX2_LUT6'.
Generating RTLIL representation for module `\MUX2_LUT7'.
Generating RTLIL representation for module `\MUX2_LUT8'.
Generating RTLIL representation for module `\DFF'.
Generating RTLIL representation for module `\DFFE'.
Generating RTLIL representation for module `\DFFS'.
Generating RTLIL representation for module `\DFFSE'.
Generating RTLIL representation for module `\DFFR'.
Generating RTLIL representation for module `\DFFRE'.
Generating RTLIL representation for module `\DFFP'.
Generating RTLIL representation for module `\DFFPE'.
Generating RTLIL representation for module `\DFFC'.
Generating RTLIL representation for module `\DFFCE'.
Generating RTLIL representation for module `\DFFN'.
Generating RTLIL representation for module `\DFFNE'.
Generating RTLIL representation for module `\DFFNS'.
Generating RTLIL representation for module `\DFFNSE'.
Generating RTLIL representation for module `\DFFNR'.
Generating RTLIL representation for module `\DFFNRE'.
Generating RTLIL representation for module `\DFFNP'.
Generating RTLIL representation for module `\DFFNPE'.
Generating RTLIL representation for module `\DFFNC'.
Generating RTLIL representation for module `\DFFNCE'.
Generating RTLIL representation for module `\VCC'.
Generating RTLIL representation for module `\GND'.
Generating RTLIL representation for module `\IBUF'.
Generating RTLIL representation for module `\OBUF'.
Generating RTLIL representation for module `\TBUF'.
Generating RTLIL representation for module `\IOBUF'.
Generating RTLIL representation for module `\ELVDS_OBUF'.
Generating RTLIL representation for module `\TLVDS_OBUF'.
Generating RTLIL representation for module `\OSER4'.
Generating RTLIL representation for module `\OSER4_MEM'.
Generating RTLIL representation for module `\OSER8'.
Generating RTLIL representation for module `\OSER10'.
Generating RTLIL representation for module `\OVIDEO'.
Generating RTLIL representation for module `\OSER16'.
Generating RTLIL representation for module `\IDES4'.
Generating RTLIL representation for module `\IDES4_MEM'.
Generating RTLIL representation for module `\IDES8'.
Generating RTLIL representation for module `\IDES10'.
Generating RTLIL representation for module `\IVIDEO'.
Generating RTLIL representation for module `\IDES16'.
Generating RTLIL representation for module `\IDDR'.
Generating RTLIL representation for module `\IDDRC'.
Generating RTLIL representation for module `\DQS'.
Generating RTLIL representation for module `\ODDR'.
Generating RTLIL representation for module `\ODDRC'.
Generating RTLIL representation for module `\GSR'.
Generating RTLIL representation for module `\BANDGAP'.
Generating RTLIL representation for module `\ALU'.
Generating RTLIL representation for module `\RAM16S1'.
Generating RTLIL representation for module `\RAM16S2'.
Generating RTLIL representation for module `\RAM16S4'.
Generating RTLIL representation for module `\RAM16SDP1'.
Generating RTLIL representation for module `\RAM16SDP2'.
Generating RTLIL representation for module `\RAM16SDP4'.
Generating RTLIL representation for module `\SP'.
Generating RTLIL representation for module `\SPX9'.
Generating RTLIL representation for module `\SDP'.
Generating RTLIL representation for module `\SDPX9'.
Generating RTLIL representation for module `\DP'.
Generating RTLIL representation for module `\DPX9'.
Generating RTLIL representation for module `\rPLL'.
Generating RTLIL representation for module `\PLLVR'.
Generating RTLIL representation for module `\OSC'.
Generating RTLIL representation for module `\OSCZ'.
Generating RTLIL representation for module `\OSCF'.
Generating RTLIL representation for module `\OSCH'.
Generating RTLIL representation for module `\OSCW'.
Generating RTLIL representation for module `\OSCO'.
Generating RTLIL representation for module `\EMCU'.
Successfully finished Verilog frontend.

2.2. Executing Verilog-2005 frontend: /opt/homebrew/bin/../share/yosys/gowin/cells_xtra_gw5a.v
Running ABC command: "<yosys-exe-dir>/yosys-abc" -s -f <abc-temp-dir>/abc.script 2>&1
ABC: ======== ABC command line "source <abc-temp-dir>/abc.script"
ABC: + read_lut <abc-temp-dir>/input.lut 
ABC: + read_box <abc-temp-dir>/input.box 
ABC: + &read <abc-temp-dir>/input.xaig 
ABC: + &ps 
ABC: <abc-temp-dir>/input : i/o =     29/     25  and =       0  lev =    0 (0.00)  mem = 0.00 MB  box = 0  bb = 0
ABC: + &scorr 
ABC: Warning: The network is combinational.
ABC: + &sweep 
ABC: + &dc2 
ABC: + &dch -f -r 
ABC: + &ps 
ABC: <abc-temp-dir>/input : i/o =     29/     25  and =       0  lev =    0 (0.00)  mem = 0.00 MB  ch =    0  box = 0  bb = 0
ABC: cst =       0  cls =      0  lit =       0  unused =      29  proof =     0
ABC: + &if -W 500 -v 
ABC: K = 8. Memory (bytes): Truth =    0. Cut =   68. Obj =  152. Set =  708. CutMin = no
ABC: Node =       0.  Ch =     0.  Total mem =    0.01 MB. Peak cut mem =    0.00 MB.
ABC: P:  Del =    0.00.  Ar =       0.0.  Edge =        0.  Cut =        0.  T =     0.00 sec
ABC: P:  Del =    0.00.  Ar =       0.0.  Edge =        0.  Cut =        0.  T =     0.00 sec
ABC: P:  Del =    0.00.  Ar =       0.0.  Edge =        0.  Cut =        0.  T =     0.00 sec
ABC: F:  Del =    0.00.  Ar =       0.0.  Edge =        0.  Cut =        0.  T =     0.00 sec
ABC: A:  Del =    0.00.  Ar =       0.0.  Edge =        0.  Cut =        0.  T =     0.00 sec
ABC: A:  Del =    0.00.  Ar =       0.0.  Edge =        0.  Cut =        0.  T =     0.00 sec
ABC: Total time =     0.00 sec
ABC: + &write -n <abc-temp-dir>/output.aig 
ABC: + &mfs 
ABC: Timing manager is given but there is no GIA of boxes.
ABC: Error: Abc_FrameUpdateGia(): Transformation has failed.
ABC: + &ps -l 
ABC: <abc-temp-dir>/input : i/o =     29/     25  and =       0  lev =    0 (0.00)  mem = 0.00 MB  box = 0  bb = 0
ABC: Mapping (K=0)  :  lut =      0  edge =       0  lev =    0 (0.00)  mem = 0.00 MB
ABC: LUT = 0 : Ave = 0.00
ABC: + &write -n <abc-temp-dir>/output.aig 
ABC: + &verify 
ABC: Networks are equivalent.  Time =     0.00 sec
ABC: + time 
ABC: elapse: 0.01 seconds, total: 0.01 seconds

2.37.12.6. Executing AIGER frontend.
 RTLIL representation for module `\PLLVR'.
Generating RTLIL representation for module `\OSC'.
Generating RTLIL representation for module `\OSCZ'.
Generating RTLIL representation for module `\OSCF'.
Generating RTLIL representation for module `\OSCH'.
Generating RTLIL representation for module `\OSCW'.
Generating RTLIL representation for module `\OSCO'.
Generating RTLIL representation for module `\EMCU'.
Successfully finished Verilog frontend.

2.2. Executing Verilog-2005 frontend: /opt/homebrew/bin/../share/yosys/gowin/cells_xtra_gw5a.v
<suppressed ~116 debug messages>
Removed 0 unused cells and 54 unused wires.

2.37.12.7. Executing ABC9_OPS pass (helper functions for ABC9).
ABC RESULTS:           input signals:        4
ABC RESULTS:          output signals:       25
Removing temp directory.

2.37.13. Executing TECHMAP pass (map to technology primitives).

2.37.13.1. Executing Verilog-2005 frontend: /opt/homebrew/bin/../share/yosys/abc9_unmap.v
Parsing Verilog input from `/opt/homebrew/bin/../share/yosys/abc9_unmap.v' to AST representation.
Generating RTLIL representation for module `$__DFF_x__$abc9_flop'.
Generating RTLIL representation for module `$__ABC9_SCC_BREAKER'.
Successfully finished Verilog frontend.

2.37.13.2. Continuing TECHMAP pass.
No more expansions possible.
<suppressed ~5 debug messages>
Removed 0 unused cells and 29 unused wires.

2.38. Executing TECHMAP pass (map to technology primitives).

2.38.1. Executing Verilog-2005 frontend: /opt/homebrew/bin/../share/yosys/gowin/cells_map.v
Parsing Verilog input from `/opt/homebrew/bin/../share/yosys/gowin/cells_map.v' to AST representation.
Generating RTLIL representation for module `$_DFF_N_'.
Generating RTLIL representation for module `$_DFF_P_'.
Generating RTLIL representation for module `$_DFFE_PP_'.
Generating RTLIL representation for module `$_DFFE_NP_'.
Generating RTLIL representation for module `$_SDFF_PP0_'.
Generating RTLIL representation for module `$_SDFF_NP0_'.
Generating RTLIL representation for module `$_SDFFE_PP0P_'.
Generating RTLIL representation for module `$_SDFFE_NP0P_'.
Generating RTLIL representation for module `$_SDFF_PP1_'.
Generating RTLIL representation for module `$_SDFF_NP1_'.
Generating RTLIL representation for module `$_SDFFE_PP1P_'.
Generating RTLIL representation for module `$_SDFFE_NP1P_'.
Generating RTLIL representation for module `$_DFF_PP1_'.
Generating RTLIL representation for module `$_DFF_NP1_'.
Generating RTLIL representation for module `$_DFF_PP0_'.
Generating RTLIL representation for module `$_DFF_NP0_'.
Generating RTLIL representation for module `$_DFFE_PP1P_'.
Generating RTLIL representation for module `$_DFFE_NP1P_'.
Generating RTLIL representation for module `$_DFFE_PP0P_'.
Generating RTLIL representation for module `$_DFFE_NP0P_'.
Generating RTLIL representation for module `$lut'.
Successfully finished Verilog frontend.

2.38.2. Continuing TECHMAP pass.
No more expansions possible.
<suppressed ~23 debug messages>

2.39. Executing OPT_LUT_INS pass (discard unused LUT inputs).
Optimizing LUTs in top.

2.40. Executing SETUNDEF pass (replace undef values with defined constants).

2.41. Executing HILOMAP pass (mapping to constant drivers).

2.42. Executing AUTONAME pass.
Renamed 30 objects in module top (8 iterations).
<suppressed ~30 debug messages>

2.43. Executing HIERARCHY pass (managing design hierarchy).
Attribute `top' found on module `top'. Setting top module to top.

2.43.1. Analyzing design hierarchy..
Top module:  \top

2.43.2. Analyzing design hierarchy..
Top module:  \top
Removed 0 unused modules.

2.44. Printing statistics.

=== top ===

        +----------Local Count, excluding submodules.
        | 
       30 wires
       30 wire bits
       30 public wires
       30 public wire bits
       14 ports
       14 port bits
       17 cells
        1   CLKDIV
        1   GND
        4   IBUF
        1   IDES16
       10   OBUF

2.45. Executing CHECK pass (checking for obvious problems).
Checking module top...
Found and reported 0 problems.

2.46. Executing JSON backend.
Parsing Verilog input from `/opt/homebrew/bin/../share/yosys/gowin/cells_xtra_gw5a.v' to AST representation.
Generating RTLIL representation for module `\LUT5'.
Generating RTLIL representation for module `\LUT6'.
Generating RTLIL representation for module `\LUT7'.
Generating RTLIL representation for module `\LUT8'.
Generating RTLIL representation for module `\ROM16'.
Generating RTLIL representation for module `\INV'.
Generating RTLIL representation for module `\TLVDS_IBUF'.
Generating RTLIL representation for module `\TLVDS_TBUF'.
Generating RTLIL representation for module `\TLVDS_IOBUF'.
Generating RTLIL representation for module `\ELVDS_TBUF'.
Generating RTLIL representation for module `\ELVDS_IOBUF'.
Generating RTLIL representation for module `\MIPI_IBUF'.
Generating RTLIL representation for module `\MIPI_OBUF_A'.
Generating RTLIL representation for module `\ELVDS_IOBUF_R'.
Generating RTLIL representation for module `\I3C_IOBUF'.
Generating RTLIL representation for module `\TLVDS_IBUF_ADC'.
Generating RTLIL representation for module `\MIPI_CPHY_IBUF'.
Generating RTLIL representation for module `\MIPI_CPHY_OBUF'.
Generating RTLIL representation for module `\SDPB'.
Generating RTLIL representation for module `\SDPX9B'.
Generating RTLIL representation for module `\DPB'.
Generating RTLIL representation for module `\DPX9B'.
Generating RTLIL representation for module `\pROM'.
Generating RTLIL representation for module `\pROMX9'.
Generating RTLIL representation for module `\SDP36KE'.
Generating RTLIL representation for module `\SDP136K'.
Generating RTLIL representation for module `\MULTADDALU12X12'.
Generating RTLIL representation for module `\MULTALU27X18'.
Generating RTLIL representation for module `\MULT12X12'.
Generating RTLIL representation for module `\MULT27X36'.
Generating RTLIL representation for module `\MULTACC'.
Generating RTLIL representation for module `\IDDR_MEM'.
Generating RTLIL representation for module `\ODDR_MEM'.
Replacing existing blackbox module `\IDES4_MEM' at /opt/homebrew/bin/../share/yosys/gowin/cells_xtra_gw5a.v:1033.1-1038.10.
Generating RTLIL representation for module `\IDES4_MEM'.
Generating RTLIL representation for module `\IDES8_MEM'.
Generating RTLIL representation for module `\IDES14'.
Generating RTLIL representation for module `\IDES32'.
Replacing existing blackbox module `\OSER4_MEM' at /opt/homebrew/bin/../share/yosys/gowin/cells_xtra_gw5a.v:1062.1-1070.10.
Generating RTLIL representation for module `\OSER4_MEM'.
Generating RTLIL representation for module `\OSER8_MEM'.
Generating RTLIL representation for module `\OSER14'.
Generating RTLIL representation for module `\IODELAY'.
Generating RTLIL representation for module `\OSIDES32'.
Generating RTLIL representation for module `\OSIDES64'.
Generating RTLIL representation for module `\DCE'.
Generating RTLIL representation for module `\DCS'.
Generating RTLIL representation for module `\DDRDLL'.
Generating RTLIL representation for module `\DLLDLY'.
Generating RTLIL representation for module `\CLKDIV'.
Generating RTLIL representation for module `\CLKDIV2'.
Generating RTLIL representation for module `\DHCE'.
Generating RTLIL representation for module `\OSCA'.
Generating RTLIL representation for module `\OSCB'.
Generating RTLIL representation for module `\PLL'.
Generating RTLIL representation for module `\PLLA'.
Generating RTLIL representation for module `\AE350_SOC'.
Generating RTLIL representation for module `\AE350_RAM'.
Generating RTLIL representation for module `\SAMB'.
Generating RTLIL representation for module `\OTP'.
Generating RTLIL representation for module `\CMSER'.
Generating RTLIL representation for module `\CMSERA'.
Generating RTLIL representation for module `\CMSERB'.
Generating RTLIL representation for module `\SAMBA'.
Generating RTLIL representation for module `\LICD'.
Generating RTLIL representation for module `\MIPI_DPHY'.
Generating RTLIL representation for module `\MIPI_DPHYA'.
Generating RTLIL representation for module `\MIPI_CPHY'.
Generating RTLIL representation for module `\GTR12_QUAD'.
Generating RTLIL representation for module `\GTR12_UPAR'.
Generating RTLIL representation for module `\GTR12_PMAC'.
Generating RTLIL representation for module `\GTR12_QUADA'.
Generating RTLIL representation for module `\GTR12_UPARA'.
Generating RTLIL representation for module `\GTR12_PMACA'.
Generating RTLIL representation for module `\GTR12_QUADB'.
Replacing existing blackbox module `\DQS' at /opt/homebrew/bin/../share/yosys/gowin/cells_xtra_gw5a.v:2512.1-2527.10.
Generating RTLIL representation for module `\DQS'.
Generating RTLIL representation for module `\ADCLRC'.
Generating RTLIL representation for module `\ADCULC'.
Generating RTLIL representation for module `\ADC'.
Generating RTLIL representation for module `\ADC_SAR'.
Generating RTLIL representation for module `\ADCA'.
Successfully finished Verilog frontend.

2.3. Executing HIERARCHY pass (managing design hierarchy).

2.3.1. Finding top of design hierarchy..
root of   1 design levels: top                 
Automatically selected top as design top module.

2.3.2. Analyzing design hierarchy..
Top module:  \top

2.3.3. Analyzing design hierarchy..
Top module:  \top
Removed 0 unused modules.

2.4. Executing PROC pass (convert processes to netlists).

2.4.1. Executing PROC_CLEAN pass (remove empty switches from decision trees).
Cleaned up 0 empty switches.

2.4.2. Executing PROC_RMDEAD pass (remove dead branches from decision trees).
Removed a total of 0 dead cases.

2.4.3. Executing PROC_PRUNE pass (remove redundant assignments in processes).
Removed 0 redundant assignments.
Promoted 0 assignments to connections.

2.4.4. Executing PROC_INIT pass (extract init attributes).

2.4.5. Executing PROC_ARST pass (detect async resets in processes).

2.4.6. Executing PROC_ROM pass (convert switches to ROMs).
Converted 0 switches.

2.4.7. Executing PROC_MUX pass (convert decision trees to multiplexers).

2.4.8. Executing PROC_DLATCH pass (convert process syncs to latches).

2.4.9. Executing PROC_DFF pass (convert process syncs to FFs).

2.4.10. Executing PROC_MEMWR pass (convert process memory writes to cells).

2.4.11. Executing PROC_CLEAN pass (remove empty switches from decision trees).
Cleaned up 0 empty switches.

2.4.12. Executing OPT_EXPR pass (perform const folding).
Optimizing module top.

2.5. Executing FLATTEN pass (flatten design).

2.6. Executing TRIBUF pass.

2.7. Executing DEMINOUT pass (demote inout ports to input or output).

2.8. Executing OPT_EXPR pass (perform const folding).
Optimizing module top.

2.9. Executing OPT_CLEAN pass (remove unused cells and wires).
Parsing Verilog input from `/opt/homebrew/bin/../share/yosys/gowin/cells_xtra_gw5a.v' to AST representation.
Generating RTLIL representation for module `\LUT5'.
Generating RTLIL representation for module `\LUT6'.
Generating RTLIL representation for module `\LUT7'.
Generating RTLIL representation for module `\LUT8'.
Generating RTLIL representation for module `\ROM16'.
Generating RTLIL representation for module `\INV'.
Generating RTLIL representation for module `\TLVDS_IBUF'.
Generating RTLIL representation for module `\TLVDS_TBUF'.
Generating RTLIL representation for module `\TLVDS_IOBUF'.
Generating RTLIL representation for module `\ELVDS_TBUF'.
Generating RTLIL representation for module `\ELVDS_IOBUF'.
Generating RTLIL representation for module `\MIPI_IBUF'.
Generating RTLIL representation for module `\MIPI_OBUF_A'.
Generating RTLIL representation for module `\ELVDS_IOBUF_R'.
Generating RTLIL representation for module `\I3C_IOBUF'.
Generating RTLIL representation for module `\TLVDS_IBUF_ADC'.
Generating RTLIL representation for module `\MIPI_CPHY_IBUF'.
Generating RTLIL representation for module `\MIPI_CPHY_OBUF'.
Generating RTLIL representation for module `\SDPB'.
Generating RTLIL representation for module `\SDPX9B'.
Generating RTLIL representation for module `\DPB'.
Generating RTLIL representation for module `\DPX9B'.
Generating RTLIL representation for module `\pROM'.
Generating RTLIL representation for module `\pROMX9'.
Generating RTLIL representation for module `\SDP36KE'.
Generating RTLIL representation for module `\SDP136K'.
Generating RTLIL representation for module `\MULTADDALU12X12'.
Generating RTLIL representation for module `\MULTALU27X18'.
Generating RTLIL representation for module `\MULT12X12'.
Generating RTLIL representation for module `\MULT27X36'.
Generating RTLIL representation for module `\MULTACC'.
Generating RTLIL representation for module `\IDDR_MEM'.
Generating RTLIL representation for module `\ODDR_MEM'.
Replacing existing blackbox module `\IDES4_MEM' at /opt/homebrew/bin/../share/yosys/gowin/cells_xtra_gw5a.v:1033.1-1038.10.
Generating RTLIL representation for module `\IDES4_MEM'.
Generating RTLIL representation for module `\IDES8_MEM'.
Generating RTLIL representation for module `\IDES14'.
Generating RTLIL representation for module `\IDES32'.
Replacing existing blackbox module `\OSER4_MEM' at /opt/homebrew/bin/../share/yosys/gowin/cells_xtra_gw5a.v:1062.1-1070.10.
Generating RTLIL representation for module `\OSER4_MEM'.
Generating RTLIL representation for module `\OSER8_MEM'.
Generating RTLIL representation for module `\OSER14'.
Generating RTLIL representation for module `\IODELAY'.
Generating RTLIL representation for module `\OSIDES32'.
Generating RTLIL representation for module `\OSIDES64'.
Generating RTLIL representation for module `\DCE'.
Generating RTLIL representation for module `\DCS'.
Generating RTLIL representation for module `\DDRDLL'.
Generating RTLIL representation for module `\DLLDLY'.
Generating RTLIL representation for module `\CLKDIV'.
Generating RTLIL representation for module `\CLKDIV2'.
Generating RTLIL representation for module `\DHCE'.
Generating RTLIL representation for module `\OSCA'.
Generating RTLIL representation for module `\OSCB'.
Generating RTLIL representation for module `\PLL'.
Generating RTLIL representation for module `\PLLA'.
Generating RTLIL representation for module `\AE350_SOC'.
Generating RTLIL representation for module `\AE350_RAM'.
Generating RTLIL representation for module `\SAMB'.
Generating RTLIL representation for module `\OTP'.
Generating RTLIL representation for module `\CMSER'.
Generating RTLIL representation for module `\CMSERA'.
Generating RTLIL representation for module `\CMSERB'.
Generating RTLIL representation for module `\SAMBA'.
Generating RTLIL representation for module `\LICD'.
Generating RTLIL representation for module `\MIPI_DPHY'.
Generating RTLIL representation for module `\MIPI_DPHYA'.
Generating RTLIL representation for module `\MIPI_CPHY'.
Generating RTLIL representation for module `\GTR12_QUAD'.
Generating RTLIL representation for module `\GTR12_UPAR'.
Generating RTLIL representation for module `\GTR12_PMAC'.
Generating RTLIL representation for module `\GTR12_QUADA'.
Generating RTLIL representation for module `\GTR12_UPARA'.
Generating RTLIL representation for module `\GTR12_PMACA'.
Generating RTLIL representation for module `\GTR12_QUADB'.
Replacing existing blackbox module `\DQS' at /opt/homebrew/bin/../share/yosys/gowin/cells_xtra_gw5a.v:2512.1-2527.10.
Generating RTLIL representation for module `\DQS'.
Generating RTLIL representation for module `\ADCLRC'.
Generating RTLIL representation for module `\ADCULC'.
Generating RTLIL representation for module `\ADC'.
Generating RTLIL representation for module `\ADC_SAR'.
Generating RTLIL representation for module `\ADCA'.
Successfully finished Verilog frontend.

2.3. Executing HIERARCHY pass (managing design hierarchy).

2.3.1. Finding top of design hierarchy..
root of   1 design levels: top                 
Automatically selected top as design top module.

2.3.2. Analyzing design hierarchy..
Top module:  \top

2.3.3. Analyzing design hierarchy..
Top module:  \top
Removed 0 unused modules.

2.4. Executing PROC pass (convert processes to netlists).

2.4.1. Executing PROC_CLEAN pass (remove empty switches from decision trees).
Cleaned up 0 empty switches.

2.4.2. Executing PROC_RMDEAD pass (remove dead branches from decision trees).
Removed a total of 0 dead cases.

2.4.3. Executing PROC_PRUNE pass (remove redundant assignments in processes).
Removed 0 redundant assignments.
Promoted 0 assignments to connections.

2.4.4. Executing PROC_INIT pass (extract init attributes).

2.4.5. Executing PROC_ARST pass (detect async resets in processes).

2.4.6. Executing PROC_ROM pass (convert switches to ROMs).
Converted 0 switches.

2.4.7. Executing PROC_MUX pass (convert decision trees to multiplexers).

2.4.8. Executing PROC_DLATCH pass (convert process syncs to latches).

2.4.9. Executing PROC_DFF pass (convert process syncs to FFs).

2.4.10. Executing PROC_MEMWR pass (convert process memory writes to cells).

2.4.11. Executing PROC_CLEAN pass (remove empty switches from decision trees).
Cleaned up 0 empty switches.

2.4.12. Executing OPT_EXPR pass (perform const folding).
Optimizing module top.

2.5. Executing FLATTEN pass (flatten design).

2.6. Executing TRIBUF pass.

2.7. Executing DEMINOUT pass (demote inout ports to input or output).

2.8. Executing OPT_EXPR pass (perform const folding).
Optimizing module top.

2.9. Executing OPT_CLEAN pass (remove unused cells and wires).

End of script. Logfile hash: 13db367c53, CPU: user 0.40s system 0.06s, MEM: 32.23 MB peak
Yosys 0.63 (git sha1 70a11c6bf0e8dd669f56c7da3587f78b405138e2, clang++ 17.0.0 -fPIC -O3)
Time spent: 42% 19x read_verilog (0 sec), 16% 1x abc9_exe (0 sec), ...
Finding unused cells or wires in module \top..
Removed 0 unused cells and 1 unused wires.
<suppressed ~1 debug messages>

2.10. Executing CHECK pass (checking for obvious problems).
Checking module top...
Found and reported 0 problems.

2.11. Executing OPT pass (performing simple optimizations).

2.11.1. Executing OPT_EXPR pass (perform const folding).
Optimizing module top.

2.11.2. Executing OPT_MERGE pass (detect identical cells).
yosys -p "read_verilog tlvds-tbuf-io.v; synth_gowin -json tlvds-tbuf-io-tangmega138k-synth.json -family gw5a -setundef"
Finding identical cells in module `\top'.
Computing hashes of 1 cells of `\top'.
Finding duplicate cells in `\top'.
Removed a total of 0 cells.

2.11.3. Executing OPT_MUXTREE pass (detect dead branches in mux trees).
Running muxtree optimizer on module \top..
  Creating internal representation of mux trees.
  No muxes found in this module.
Removed 0 multiplexer ports.

2.11.4. Executing OPT_REDUCE pass (consolidate $*mux and $reduce_* inputs).
  Optimizing cells in module \top.
Performed a total of 0 changes.

2.11.5. Executing OPT_MERGE pass (detect identical cells).
Finding identical cells in module `\top'.
Computing hashes of 1 cells of `\top'.
Finding duplicate cells in `\top'.
Removed a total of 0 cells.

2.11.6. Executing OPT_DFF pass (perform DFF optimizations).

2.11.7. Executing OPT_CLEAN pass (remove unused cells and wires).

 /----------------------------------------------------------------------------\
 |  yosys -- Yosys Open SYnthesis Suite                                       |
 |  Copyright (C) 2012 - 2026  Claire Xenia Wolf <claire@yosyshq.com>         |
 |  Distributed under an ISC-like license, type "license" to see terms        |
 \----------------------------------------------------------------------------/
 Yosys 0.63 (git sha1 70a11c6bf0e8dd669f56c7da3587f78b405138e2, clang++ 17.0.0 -fPIC -O3)

-- Running command `read_verilog tlvds-tbuf-io.v; synth_gowin -json tlvds-tbuf-io-tangmega138k-synth.json -family gw5a -setundef' --

1. Executing Verilog-2005 frontend: tlvds-tbuf-io.v
Parsing Verilog input from `tlvds-tbuf-io.v' to AST representation.
Generating RTLIL representation for module `\top'.
Successfully finished Verilog frontend.

2. Executing SYNTH_GOWIN pass.

2.1. Executing Verilog-2005 frontend: /opt/homebrew/bin/../share/yosys/gowin/cells_sim.v
Finding unused cells or wires in module \top..

2.11.8. Executing OPT_EXPR pass (perform const folding).
Finding unused cells or wires in module \top..
Optimizing module top.

2.10. Executing CHECK pass (checking for obvious problems).
Checking module top...
Found and reported 0 problems.

2.11. Executing OPT pass (performing simple optimizations).

2.11.1. Executing OPT_EXPR pass (perform const folding).

2.11.9. Finished fast OPT passes. (There is nothing left to do.)

2.12. Executing FSM pass (extract and optimize FSM).

2.12.1. Executing FSM_DETECT pass (finding FSMs in design).
Optimizing module top.

2.11.2. Executing OPT_MERGE pass (detect identical cells).
Finding identical cells in module `\top'.
Computing hashes of 1 cells of `\top'.
Finding duplicate cells in `\top'.
Removed a total of 0 cells.

2.11.3. Executing OPT_MUXTREE pass (detect dead branches in mux trees).
Running muxtree optimizer on module \top..
  Creating internal representation of mux trees.
  No muxes found in this module.
Removed 0 multiplexer ports.

2.11.4. Executing OPT_REDUCE pass (consolidate $*mux and $reduce_* inputs).
  Optimizing cells in module \top.
Performed a total of 0 changes.

2.11.5. Executing OPT_MERGE pass (detect identical cells).

2.12.2. Executing FSM_EXTRACT pass (extracting FSM from design).
Finding identical cells in module `\top'.
Computing hashes of 1 cells of `\top'.
Finding duplicate cells in `\top'.
Removed a total of 0 cells.

2.11.6. Executing OPT_DFF pass (perform DFF optimizations).

2.12.3. Executing FSM_OPT pass (simple optimizations of FSMs).

2.12.4. Executing OPT_CLEAN pass (remove unused cells and wires).

2.11.7. Executing OPT_CLEAN pass (remove unused cells and wires).
Finding unused cells or wires in module \top..

2.11.8. Executing OPT_EXPR pass (perform const folding).
Optimizing module top.

2.11.9. Finished fast OPT passes. (There is nothing left to do.)
Finding unused cells or wires in module \top..

2.12.5. Executing FSM_OPT pass (simple optimizations of FSMs).

2.12.6. Executing FSM_RECODE pass (re-assigning FSM state encoding).

2.12.7. Executing FSM_INFO pass (dumping all available information on FSM cells).

2.12.8. Executing FSM_MAP pass (mapping FSMs to basic logic).

2.12. Executing FSM pass (extract and optimize FSM).

2.12.1. Executing FSM_DETECT pass (finding FSMs in design).

2.12.2. Executing FSM_EXTRACT pass (extracting FSM from design).

2.13. Executing OPT pass (performing simple optimizations).

2.13.1. Executing OPT_EXPR pass (perform const folding).

2.12.3. Executing FSM_OPT pass (simple optimizations of FSMs).

2.12.4. Executing OPT_CLEAN pass (remove unused cells and wires).
Optimizing module top.

2.13.2. Executing OPT_MERGE pass (detect identical cells).
Finding identical cells in module `\top'.
Computing hashes of 1 cells of `\top'.
Finding duplicate cells in `\top'.
Removed a total of 0 cells.

2.13.3. Executing OPT_MUXTREE pass (detect dead branches in mux trees).
Running muxtree optimizer on module \top..
  Creating internal representation of mux trees.
  No muxes found in this module.
Removed 0 multiplexer ports.

2.13.4. Executing OPT_REDUCE pass (consolidate $*mux and $reduce_* inputs).
  Optimizing cells in module \top.
Performed a total of 0 changes.

2.13.5. Executing OPT_MERGE pass (detect identical cells).
Finding unused cells or wires in module \top..

2.12.5. Executing FSM_OPT pass (simple optimizations of FSMs).
Finding identical cells in module `\top'.
Computing hashes of 1 cells of `\top'.
Finding duplicate cells in `\top'.
Removed a total of 0 cells.

2.13.6. Executing OPT_DFF pass (perform DFF optimizations).

2.12.6. Executing FSM_RECODE pass (re-assigning FSM state encoding).

2.12.7. Executing FSM_INFO pass (dumping all available information on FSM cells).

2.12.8. Executing FSM_MAP pass (mapping FSMs to basic logic).

2.13.7. Executing OPT_CLEAN pass (remove unused cells and wires).

2.13. Executing OPT pass (performing simple optimizations).

2.13.1. Executing OPT_EXPR pass (perform const folding).
Optimizing module top.

2.13.2. Executing OPT_MERGE pass (detect identical cells).
Finding unused cells or wires in module \top..

2.13.8. Executing OPT_EXPR pass (perform const folding).
Finding identical cells in module `\top'.
Computing hashes of 1 cells of `\top'.
Finding duplicate cells in `\top'.
Removed a total of 0 cells.

2.13.3. Executing OPT_MUXTREE pass (detect dead branches in mux trees).
Running muxtree optimizer on module \top..
  Creating internal representation of mux trees.
  No muxes found in this module.
Removed 0 multiplexer ports.

2.13.4. Executing OPT_REDUCE pass (consolidate $*mux and $reduce_* inputs).
  Optimizing cells in module \top.
Performed a total of 0 changes.

2.13.5. Executing OPT_MERGE pass (detect identical cells).
Finding identical cells in module `\top'.
Computing hashes of 1 cells of `\top'.
Finding duplicate cells in `\top'.
Removed a total of 0 cells.

2.13.6. Executing OPT_DFF pass (perform DFF optimizations).
Optimizing module top.

2.13.9. Finished fast OPT passes. (There is nothing left to do.)

2.13.7. Executing OPT_CLEAN pass (remove unused cells and wires).

2.14. Executing WREDUCE pass (reducing word size of cells).
Finding unused cells or wires in module \top..

2.13.8. Executing OPT_EXPR pass (perform const folding).

2.15. Executing PEEPOPT pass (run peephole optimizers).

2.16. Executing OPT_CLEAN pass (remove unused cells and wires).
Optimizing module top.

2.13.9. Finished fast OPT passes. (There is nothing left to do.)

2.14. Executing WREDUCE pass (reducing word size of cells).

2.15. Executing PEEPOPT pass (run peephole optimizers).

2.16. Executing OPT_CLEAN pass (remove unused cells and wires).
Finding unused cells or wires in module \top..

2.17. Executing SHARE pass (SAT-based resource sharing).

2.18. Executing ALUMACC pass (create $alu and $macc cells).
Extracting $alu and $macc cells in module top:
  created 0 $alu and 0 $macc cells.

2.19. Executing OPT pass (performing simple optimizations).

2.19.1. Executing OPT_EXPR pass (perform const folding).
Finding unused cells or wires in module \top..
Optimizing module top.

2.19.2. Executing OPT_MERGE pass (detect identical cells).
Finding identical cells in module `\top'.
Computing hashes of 1 cells of `\top'.
Finding duplicate cells in `\top'.
Removed a total of 0 cells.

2.19.3. Executing OPT_MUXTREE pass (detect dead branches in mux trees).
Running muxtree optimizer on module \top..
  Creating internal representation of mux trees.
  No muxes found in this module.
Removed 0 multiplexer ports.

2.19.4. Executing OPT_REDUCE pass (consolidate $*mux and $reduce_* inputs).
  Optimizing cells in module \top.
Performed a total of 0 changes.

2.19.5. Executing OPT_MERGE pass (detect identical cells).
Finding identical cells in module `\top'.
Computing hashes of 1 cells of `\top'.
Finding duplicate cells in `\top'.
Removed a total of 0 cells.

2.19.6. Executing OPT_DFF pass (perform DFF optimizations).

2.19.7. Executing OPT_CLEAN pass (remove unused cells and wires).

2.17. Executing SHARE pass (SAT-based resource sharing).
Finding unused cells or wires in module \top..

2.19.8. Executing OPT_EXPR pass (perform const folding).
Optimizing module top.

2.19.9. Finished fast OPT passes. (There is nothing left to do.)

2.20. Executing MEMORY pass.

2.20.1. Executing OPT_MEM pass (optimize memories).
Performed a total of 0 transformations.

2.20.2. Executing OPT_MEM_PRIORITY pass (removing unnecessary memory write priority relations).
Performed a total of 0 transformations.

2.20.3. Executing OPT_MEM_FEEDBACK pass (finding memory read-to-write feedback paths).

2.20.4. Executing MEMORY_BMUX2ROM pass (converting muxes to ROMs).

2.20.5. Executing MEMORY_DFF pass (merging $dff cells to $memrd).

2.20.6. Executing OPT_CLEAN pass (remove unused cells and wires).
Finding unused cells or wires in module \top..

2.20.7. Executing MEMORY_SHARE pass (consolidating $memrd/$memwr cells).

2.20.8. Executing OPT_MEM_WIDEN pass (optimize memories where all ports are wide).
Performed a total of 0 transformations.

2.20.9. Executing OPT_CLEAN pass (remove unused cells and wires).

2.18. Executing ALUMACC pass (create $alu and $macc cells).
Finding unused cells or wires in module \top..

2.20.10. Executing MEMORY_COLLECT pass (generating $mem cells).

2.21. Executing OPT_CLEAN pass (remove unused cells and wires).
Extracting $alu and $macc cells in module top:
  created 0 $alu and 0 $macc cells.

2.19. Executing OPT pass (performing simple optimizations).

2.19.1. Executing OPT_EXPR pass (perform const folding).
Finding unused cells or wires in module \top..

2.22. Executing MEMORY_LIBMAP pass (mapping memories to cells).

2.23. Executing TECHMAP pass (map to technology primitives).

2.23.1. Executing Verilog-2005 frontend: /opt/homebrew/bin/../share/yosys/gowin/lutrams_map.v
Optimizing module top.

2.19.2. Executing OPT_MERGE pass (detect identical cells).
Finding identical cells in module `\top'.
Computing hashes of 1 cells of `\top'.
Finding duplicate cells in `\top'.
Removed a total of 0 cells.

2.19.3. Executing OPT_MUXTREE pass (detect dead branches in mux trees).
Running muxtree optimizer on module \top..
  Creating internal representation of mux trees.
  No muxes found in this module.
Removed 0 multiplexer ports.

2.19.4. Executing OPT_REDUCE pass (consolidate $*mux and $reduce_* inputs).
  Optimizing cells in module \top.
Performed a total of 0 changes.

2.19.5. Executing OPT_MERGE pass (detect identical cells).
Finding identical cells in module `\top'.
Computing hashes of 1 cells of `\top'.
Finding duplicate cells in `\top'.
Removed a total of 0 cells.

2.19.6. Executing OPT_DFF pass (perform DFF optimizations).

2.19.7. Executing OPT_CLEAN pass (remove unused cells and wires).
Finding unused cells or wires in module \top..

2.19.8. Executing OPT_EXPR pass (perform const folding).
Optimizing module top.

2.19.9. Finished fast OPT passes. (There is nothing left to do.)

2.20. Executing MEMORY pass.

2.20.1. Executing OPT_MEM pass (optimize memories).
Performed a total of 0 transformations.

2.20.2. Executing OPT_MEM_PRIORITY pass (removing unnecessary memory write priority relations).
Parsing Verilog input from `/opt/homebrew/bin/../share/yosys/gowin/cells_sim.v' to AST representation.
Generating RTLIL representation for module `\LUT1'.
Generating RTLIL representation for module `\LUT2'.
Generating RTLIL representation for module `\LUT3'.
Generating RTLIL representation for module `\LUT4'.
Generating RTLIL representation for module `\__APICULA_LUT5'.
Generating RTLIL representation for module `\__APICULA_LUT6'.
Generating RTLIL representation for module `\__APICULA_LUT7'.
Generating RTLIL representation for module `\__APICULA_LUT8'.
Generating RTLIL representation for module `\MUX2'.
Generating RTLIL representation for module `\MUX2_LUT5'.
Generating RTLIL representation for module `\MUX2_LUT6'.
Generating RTLIL representation for module `\MUX2_LUT7'.
Generating RTLIL representation for module `\MUX2_LUT8'.
Generating RTLIL representation for module `\DFF'.
Generating RTLIL representation for module `\DFFE'.
Generating RTLIL representation for module `\DFFS'.
Generating RTLIL representation for module `\DFFSE'.
Generating RTLIL representation for module `\DFFR'.
Generating RTLIL representation for module `\DFFRE'.
Generating RTLIL representation for module `\DFFP'.
Generating RTLIL representation for module `\DFFPE'.
Generating RTLIL representation for module `\DFFC'.
Generating RTLIL representation for module `\DFFCE'.
Generating RTLIL representation for module `\DFFN'.
Generating RTLIL representation for module `\DFFNE'.
Generating RTLIL representation for module `\DFFNS'.
Generating RTLIL representation for module `\DFFNSE'.
Generating RTLIL representation for module `\DFFNR'.
Generating RTLIL representation for module `\DFFNRE'.
Generating RTLIL representation for module `\DFFNP'.
Generating RTLIL representation for module `\DFFNPE'.
Generating RTLIL representation for module `\DFFNC'.
Generating RTLIL representation for module `\DFFNCE'.
Generating RTLIL representation for module `\VCC'.
Generating RTLIL representation for module `\GND'.
Generating RTLIL representation for module `\IBUF'.
Generating RTLIL representation for module `\OBUF'.
Generating RTLIL representation for module `\TBUF'.
Generating RTLIL representation for module `\IOBUF'.
Generating RTLIL representation for module `\ELVDS_OBUF'.
Generating RTLIL representation for module `\TLVDS_OBUF'.
Generating RTLIL representation for module `\OSER4'.
Generating RTLIL representation for module `\OSER4_MEM'.
Generating RTLIL representation for module `\OSER8'.
Generating RTLIL representation for module `\OSER10'.
Generating RTLIL representation for module `\OVIDEO'.
Generating RTLIL representation for module `\OSER16'.
Generating RTLIL representation for module `\IDES4'.
Generating RTLIL representation for module `\IDES4_MEM'.
Generating RTLIL representation for module `\IDES8'.
Generating RTLIL representation for module `\IDES10'.
Generating RTLIL representation for module `\IVIDEO'.
Generating RTLIL representation for module `\IDES16'.
Generating RTLIL representation for module `\IDDR'.
Generating RTLIL representation for module `\IDDRC'.
Generating RTLIL representation for module `\DQS'.
Generating RTLIL representation for module `\ODDR'.
Generating RTLIL representation for module `\ODDRC'.
Generating RTLIL representation for module `\GSR'.
Generating RTLIL representation for module `\BANDGAP'.
Generating RTLIL representation for module `\ALU'.
Generating RTLIL representation for module `\RAM16S1'.
Generating RTLIL representation for module `\RAM16S2'.
Generating RTLIL representation for module `\RAM16S4'.
Generating RTLIL representation for module `\RAM16SDP1'.
Generating RTLIL representation for module `\RAM16SDP2'.
Generating RTLIL representation for module `\RAM16SDP4'.
Generating RTLIL representation for module `\SP'.
Generating RTLIL representation for module `\SPX9'.
Generating RTLIL representation for module `\SDP'.
Generating RTLIL representation for module `\SDPX9'.
Generating RTLIL representation for module `\DP'.
Generating RTLIL representation for module `\DPX9'.
Generating RTLIL representation for module `\rPLL'.
GeneratingPerformed a total of 0 transformations.

2.20.3. Executing OPT_MEM_FEEDBACK pass (finding memory read-to-write feedback paths).
 RTLIL representation for module `\PLLVR'.
Generating RTLIL representation for module `\OSC'.
Generating RTLIL representation for module `\OSCZ'.
Generating RTLIL representation for module `\OSCF'.
Generating RTLIL representation for module `\OSCH'.
Generating RTLIL representation for module `\OSCW'.
Generating RTLIL representation for module `\OSCO'.
Generating RTLIL representation for module `\EMCU'.
Successfully finished Verilog frontend.

2.2. Executing Verilog-2005 frontend: /opt/homebrew/bin/../share/yosys/gowin/cells_xtra_gw5a.v

2.20.4. Executing MEMORY_BMUX2ROM pass (converting muxes to ROMs).

2.20.5. Executing MEMORY_DFF pass (merging $dff cells to $memrd).

2.20.6. Executing OPT_CLEAN pass (remove unused cells and wires).
Finding unused cells or wires in module \top..

2.20.7. Executing MEMORY_SHARE pass (consolidating $memrd/$memwr cells).

2.20.8. Executing OPT_MEM_WIDEN pass (optimize memories where all ports are wide).
Performed a total of 0 transformations.

2.20.9. Executing OPT_CLEAN pass (remove unused cells and wires).
Finding unused cells or wires in module \top..

2.20.10. Executing MEMORY_COLLECT pass (generating $mem cells).

2.21. Executing OPT_CLEAN pass (remove unused cells and wires).
Finding unused cells or wires in module \top..

2.22. Executing MEMORY_LIBMAP pass (mapping memories to cells).

2.23. Executing TECHMAP pass (map to technology primitives).

2.23.1. Executing Verilog-2005 frontend: /opt/homebrew/bin/../share/yosys/gowin/lutrams_map.v
Parsing Verilog input from `/opt/homebrew/bin/../share/yosys/gowin/lutrams_map.v' to AST representation.
Generating RTLIL representation for module `$__GOWIN_LUTRAM_'.
Successfully finished Verilog frontend.

2.23.2. Executing Verilog-2005 frontend: /opt/homebrew/bin/../share/yosys/gowin/brams_map_gw5a.v
Parsing Verilog input from `/opt/homebrew/bin/../share/yosys/gowin/lutrams_map.v' to AST representation.
Generating RTLIL representation for module `$__GOWIN_LUTRAM_'.
Successfully finished Verilog frontend.

2.23.2. Executing Verilog-2005 frontend: /opt/homebrew/bin/../share/yosys/gowin/brams_map_gw5a.v
Parsing Verilog input from `/opt/homebrew/bin/../share/yosys/gowin/brams_map_gw5a.v' to AST representation.
Generating RTLIL representation for module `$__GOWIN_SP_'.
Generating RTLIL representation for module `$__GOWIN_DP_'.
Generating RTLIL representation for module `$__GOWIN_SDP_'.
Successfully finished Verilog frontend.

2.23.3. Continuing TECHMAP pass.
No more expansions possible.
<suppressed ~6 debug messages>

2.24. Executing OPT pass (performing simple optimizations).

2.24.1. Executing OPT_EXPR pass (perform const folding).
Parsing Verilog input from `/opt/homebrew/bin/../share/yosys/gowin/brams_map_gw5a.v' to AST representation.
Generating RTLIL representation for module `$__GOWIN_SP_'.
Generating RTLIL representation for module `$__GOWIN_DP_'.
Generating RTLIL representation for module `$__GOWIN_SDP_'.
Successfully finished Verilog frontend.

2.23.3. Continuing TECHMAP pass.
No more expansions possible.
Optimizing module top.

2.24.2. Executing OPT_MERGE pass (detect identical cells).
Finding identical cells in module `\top'.
Computing hashes of 1 cells of `\top'.
Finding duplicate cells in `\top'.
Removed a total of 0 cells.

2.24.3. Executing OPT_DFF pass (perform DFF optimizations).
<suppressed ~6 debug messages>

2.24. Executing OPT pass (performing simple optimizations).

2.24.1. Executing OPT_EXPR pass (perform const folding).

2.24.4. Executing OPT_CLEAN pass (remove unused cells and wires).
Parsing Verilog input from `/opt/homebrew/bin/../share/yosys/gowin/cells_xtra_gw5a.v' to AST representation.
Generating RTLIL representation for module `\LUT5'.
Generating RTLIL representation for module `\LUT6'.
Generating RTLIL representation for module `\LUT7'.
Generating RTLIL representation for module `\LUT8'.
Generating RTLIL representation for module `\ROM16'.
Generating RTLIL representation for module `\INV'.
Generating RTLIL representation for module `\TLVDS_IBUF'.
Generating RTLIL representation for module `\TLVDS_TBUF'.
Generating RTLIL representation for module `\TLVDS_IOBUF'.
Generating RTLIL representation for module `\ELVDS_TBUF'.
Generating RTLIL representation for module `\ELVDS_IOBUF'.
Generating RTLIL representation for module `\MIPI_IBUF'.
Generating RTLIL representation for module `\MIPI_OBUF_A'.
Generating RTLIL representation for module `\ELVDS_IOBUF_R'.
Generating RTLIL representation for module `\I3C_IOBUF'.
Generating RTLIL representation for module `\TLVDS_IBUF_ADC'.
Generating RTLIL representation for module `\MIPI_CPHY_IBUF'.
Generating RTLIL representation for module `\MIPI_CPHY_OBUF'.
Generating RTLIL representation for module `\SDPB'.
Generating RTLIL representation for module `\SDPX9B'.
Generating RTLIL representation for module `\DPB'.
Generating RTLIL representation for module `\DPX9B'.
Generating RTLIL representation for module `\pROM'.
Generating RTLIL representation for module `\pROMX9'.
Generating RTLIL representation for module `\SDP36KE'.
Generating RTLIL representation for module `\SDP136K'.
Generating RTLIL representation for module `\MULTADDALU12X12'.
Generating RTLIL representation for module `\MULTALU27X18'.
Generating RTLIL representation for module `\MULT12X12'.
Generating RTLIL representation for module `\MULT27X36'.
Generating RTLIL representation for module `\MULTACC'.
Generating RTLIL representation for module `\IDDR_MEM'.
Generating RTLIL representation for module `\ODDR_MEM'.
Replacing existing blackbox module `\IDES4_MEM' at /opt/homebrew/bin/../share/yosys/gowin/cells_xtra_gw5a.v:1033.1-1038.10.
Generating RTLIL representation for module `\IDES4_MEM'.
Generating RTLIL representation for module `\IDES8_MEM'.
Generating RTLIL representation for module `\IDES14'.
Generating RTLIL representation for module `\IDES32'.
Replacing existing blackbox module `\OSER4_MEM' at /opt/homebrew/bin/../share/yosys/gowin/cells_xtra_gw5a.v:1062.1-1070.10.
Generating RTLIL representation for module `\OSER4_MEM'.
Generating RTLIL representation for module `\OSER8_MEM'.
Generating RTLIL representation for module `\OSER14'.
Generating RTLIL representation for module `\IODELAY'.
Generating RTLIL representation for module `\OSIDES32'.
Generating RTLIL representation for module `\OSIDES64'.
Generating RTLIL representation for module `\DCE'.
Generating RTLIL representation for module `\DCS'.
Generating RTLIL representation for module `\DDRDLL'.
Generating RTLIL representation for module `\DLLDLY'.
Generating RTLIL representation for module `\CLKDIV'.
Generating RTLIL representation for module `\CLKDIV2'.
Generating RTLIL representation for module `\DHCE'.
Generating RTLIL representation for module `\OSCA'.
Generating RTLIL representation for module `\OSCB'.
Generating RTLIL representation for module `\PLL'.
Generating RTLIL representation for module `\PLLA'.
Generating RTLIL representation for module `\AE350_SOC'.
Generating RTLIL representation for module `\AE350_RAM'.
Generating RTLIL representation for module `\SAMB'.
Generating RTLIL representation for module `\OTP'.
Generating RTLIL representation for module `\CMSER'.
Generating RTLIL representation for module `\CMSERA'.
Generating RTLIL representation for module `\CMSERB'.
Generating RTLIL representation for module `\SAMBA'.
Generating RTLIL representation for module `\LICD'.
Generating RTLIL representation for module `\MIPI_DPHY'.
Generating RTLIL representation for module `\MIPI_DPHYA'.
Generating RTLIL representation for module `\MIPI_CPHY'.
Generating RTLIL representation for module `\GTR12_QUAD'.
Generating RTLIL representation for mOptimizing module top.

2.24.2. Executing OPT_MERGE pass (detect identical cells).
Finding identical cells in module `\top'.
Computing hashes of 1 cells of `\top'.
Finding duplicate cells in `\top'.
Removed a total of 0 cells.

2.24.3. Executing OPT_DFF pass (perform DFF optimizations).
odule `\GTR12_UPAR'.
Generating RTLIL representation for module `\GTR12_PMAC'.
Generating RTLIL representation for module `\GTR12_QUADA'.
Generating RTLIL representation for module `\GTR12_UPARA'.
Generating RTLIL representation for module `\GTR12_PMACA'.
Generating RTLIL representation for module `\GTR12_QUADB'.
Replacing existing blackbox module `\DQS' at /opt/homebrew/bin/../share/yosys/gowin/cells_xtra_gw5a.v:2512.1-2527.10.
Generating RTLIL representation for module `\DQS'.
Generating RTLIL representation for module `\ADCLRC'.
Generating RTLIL representation for module `\ADCULC'.
Generating RTLIL representation for module `\ADC'.
Generating RTLIL representation for module `\ADC_SAR'.
Generating RTLIL representation for module `\ADCA'.
Successfully finished Verilog frontend.

2.3. Executing HIERARCHY pass (managing design hierarchy).

2.3.1. Finding top of design hierarchy..
root of   1 design levels: top                 
Automatically selected top as design top module.

2.3.2. Analyzing design hierarchy..
Top module:  \top

2.3.3. Analyzing design hierarchy..
Top module:  \top
Removed 0 unused modules.

2.4. Executing PROC pass (convert processes to netlists).

2.4.1. Executing PROC_CLEAN pass (remove empty switches from decision trees).
Cleaned up 0 empty switches.

2.4.2. Executing PROC_RMDEAD pass (remove dead branches from decision trees).
Removed a total of 0 dead cases.

2.4.3. Executing PROC_PRUNE pass (remove redundant assignments in processes).
Removed 0 redundant assignments.
Promoted 0 assignments to connections.

2.4.4. Executing PROC_INIT pass (extract init attributes).

2.4.5. Executing PROC_ARST pass (detect async resets in processes).

2.4.6. Executing PROC_ROM pass (convert switches to ROMs).
Converted 0 switches.

2.4.7. Executing PROC_MUX pass (convert decision trees to multiplexers).

2.4.8. Executing PROC_DLATCH pass (convert process syncs to latches).

2.4.9. Executing PROC_DFF pass (convert process syncs to FFs).

2.4.10. Executing PROC_MEMWR pass (convert process memory writes to cells).

2.4.11. Executing PROC_CLEAN pass (remove empty switches from decision trees).
Cleaned up 0 empty switches.

2.4.12. Executing OPT_EXPR pass (perform const folding).
Optimizing module top.

2.5. Executing FLATTEN pass (flatten design).

2.6. Executing TRIBUF pass.

2.7. Executing DEMINOUT pass (demote inout ports to input or output).

2.8. Executing OPT_EXPR pass (perform const folding).
Optimizing module top.

2.9. Executing OPT_CLEAN pass (remove unused cells and wires).
Finding unused cells or wires in module \top..

2.24.4. Executing OPT_CLEAN pass (remove unused cells and wires).

2.24.5. Finished fast OPT passes.
Finding unused cells or wires in module \top..
Removed 0 unused cells and 1 unused wires.
Finding unused cells or wires in module \top..

2.24.5. Finished fast OPT passes.

2.25. Executing MEMORY_MAP pass (converting memories to logic and flip-flops).
<suppressed ~1 debug messages>

2.10. Executing CHECK pass (checking for obvious problems).

2.25. Executing MEMORY_MAP pass (converting memories to logic and flip-flops).

2.26. Executing OPT pass (performing simple optimizations).

2.26.1. Executing OPT_EXPR pass (perform const folding).

2.26. Executing OPT pass (performing simple optimizations).

2.26.1. Executing OPT_EXPR pass (perform const folding).
Checking module top...
Found and reported 0 problems.

2.11. Executing OPT pass (performing simple optimizations).

2.11.1. Executing OPT_EXPR pass (perform const folding).
Optimizing module top.

2.26.2. Executing OPT_MERGE pass (detect identical cells).
Optimizing module top.

2.11.2. Executing OPT_MERGE pass (detect identical cells).
Finding identical cells in module `\top'.
Computing hashes of 1 cells of `\top'.
Finding duplicate cells in `\top'.
Removed a total of 0 cells.

2.26.3. Executing OPT_MUXTREE pass (detect dead branches in mux trees).
Running muxtree optimizer on module \top..
  Creating internal representation of mux trees.
  No muxes found in this module.
Removed 0 multiplexer ports.

2.26.4. Executing OPT_REDUCE pass (consolidate $*mux and $reduce_* inputs).
  Optimizing cells in module \top.
Performed a total of 0 changes.

2.26.5. Executing OPT_MERGE pass (detect identical cells).
Optimizing module top.
Finding identical cells in module `\top'.
Computing hashes of 1 cells of `\top'.
Finding duplicate cells in `\top'.
Removed a total of 0 cells.

2.26.6. Executing OPT_DFF pass (perform DFF optimizations).

2.26.7. Executing OPT_CLEAN pass (remove unused cells and wires).

2.26.2. Executing OPT_MERGE pass (detect identical cells).
Finding identical cells in module `\top'.
Computing hashes of 1 cells of `\top'.
Finding duplicate cells in `\top'.
Removed a total of 0 cells.

2.11.3. Executing OPT_MUXTREE pass (detect dead branches in mux trees).
Running muxtree optimizer on module \top..
  Creating internal representation of mux trees.
  No muxes found in this module.
Removed 0 multiplexer ports.

2.11.4. Executing OPT_REDUCE pass (consolidate $*mux and $reduce_* inputs).
  Optimizing cells in module \top.
Performed a total of 0 changes.

2.11.5. Executing OPT_MERGE pass (detect identical cells).
Finding identical cells in module `\top'.
Computing hashes of 1 cells of `\top'.
Finding duplicate cells in `\top'.
Removed a total of 0 cells.

2.26.3. Executing OPT_MUXTREE pass (detect dead branches in mux trees).
Running muxtree optimizer on module \top..
  Creating internal representation of mux trees.
  No muxes found in this module.
Removed 0 multiplexer ports.

2.26.4. Executing OPT_REDUCE pass (consolidate $*mux and $reduce_* inputs).
  Optimizing cells in module \top.
Performed a total of 0 changes.

2.26.5. Executing OPT_MERGE pass (detect identical cells).
Finding identical cells in module `\top'.
Computing hashes of 1 cells of `\top'.
Finding duplicate cells in `\top'.
Removed a total of 0 cells.

2.11.6. Executing OPT_DFF pass (perform DFF optimizations).
Finding unused cells or wires in module \top..

2.26.8. Executing OPT_EXPR pass (perform const folding).
Finding identical cells in module `\top'.
Computing hashes of 1 cells of `\top'.
Finding duplicate cells in `\top'.
Removed a total of 0 cells.

2.26.6. Executing OPT_DFF pass (perform DFF optimizations).
Optimizing module top.

2.11.7. Executing OPT_CLEAN pass (remove unused cells and wires).

2.26.7. Executing OPT_CLEAN pass (remove unused cells and wires).

2.26.9. Finished fast OPT passes. (There is nothing left to do.)
Finding unused cells or wires in module \top..

2.26.8. Executing OPT_EXPR pass (perform const folding).

2.27. Executing TECHMAP pass (map to technology primitives).

2.27.1. Executing Verilog-2005 frontend: /opt/homebrew/bin/../share/yosys/techmap.v
Finding unused cells or wires in module \top..

2.11.8. Executing OPT_EXPR pass (perform const folding).
Optimizing module top.

2.26.9. Finished fast OPT passes. (There is nothing left to do.)

2.27. Executing TECHMAP pass (map to technology primitives).

2.27.1. Executing Verilog-2005 frontend: /opt/homebrew/bin/../share/yosys/techmap.v
Optimizing module top.

2.11.9. Finished fast OPT passes. (There is nothing left to do.)

2.12. Executing FSM pass (extract and optimize FSM).

2.12.1. Executing FSM_DETECT pass (finding FSMs in design).

2.12.2. Executing FSM_EXTRACT pass (extracting FSM from design).

2.12.3. Executing FSM_OPT pass (simple optimizations of FSMs).

2.12.4. Executing OPT_CLEAN pass (remove unused cells and wires).
Parsing Verilog input from `/opt/homebrew/bin/../share/yosys/techmap.v' to AST representation.
Generating RTLIL representation for module `\_90_simplemap_bool_ops'.
Generating RTLIL representation for module `\_90_simplemap_reduce_ops'.
Generating RTLIL representation for module `\_90_simplemap_logic_ops'.
Generating RTLIL representation for module `\_90_simplemap_compare_ops'.
Generating RTLIL representation for module `\_90_simplemap_various'.
Generating RTLIL representation for module `\_90_simplemap_registers'.
Generating RTLIL representation for module `\_90_shift_ops_shr_shl_sshl_sshr'.
Generating RTLIL representation for module `\_90_shift_shiftx'.
Generating RTLIL representation for module `\_90_fa'.
Generating RTLIL representation for module `\_90_lcu_brent_kung'.
Generating RTLIL representation for module `\_90_alu'.
Generating RTLIL representation for module `\_90_macc'.
Generating RTLIL representation for module `\_90_alumacc'.
Generating RTLIL representation for module `$__div_mod_u'.
Generating RTLIL representation for module `$__div_mod_trunc'.
Generating RTLIL representation for module `\_90_div'.
Generating RTLIL representation for module `\_90_mod'.
Generating RTLIL representation for module `$__div_mod_floor'.
Generating RTLIL representation for module `\_90_divfloor'.
Generating RTLIL representation for module `\_90_modfloor'.
Generating RTLIL representation for module `\_90_pow'.
Generating RTLIL representation for module `\_90_pmux'.
Generating RTLIL representation for module `\_90_demux'.
Generating RTLIL representation for module `\_90_lut'.
Generating RTLIL representation for module `$connect'.
Generating RTLIL representation for module `$input_port'.
Successfully finished Verilog frontend.

2.27.2. Executing Verilog-2005 frontend: /opt/homebrew/bin/../share/yosys/gowin/arith_map.v
Finding unused cells or wires in module \top..

2.12.5. Executing FSM_OPT pass (simple optimizations of FSMs).

2.12.6. Executing FSM_RECODE pass (re-assigning FSM state encoding).

2.12.7. Executing FSM_INFO pass (dumping all available information on FSM cells).

2.12.8. Executing FSM_MAP pass (mapping FSMs to basic logic).
Parsing Verilog input from `/opt/homebrew/bin/../share/yosys/gowin/arith_map.v' to AST representation.
Generating RTLIL representation for module `\_80_gw1n_alu'.
Successfully finished Verilog frontend.

2.27.3. Continuing TECHMAP pass.
No more expansions possible.

2.13. Executing OPT pass (performing simple optimizations).

2.13.1. Executing OPT_EXPR pass (perform const folding).
<suppressed ~77 debug messages>

2.28. Executing OPT pass (performing simple optimizations).

2.28.1. Executing OPT_EXPR pass (perform const folding).
Optimizing module top.

2.28.2. Executing OPT_MERGE pass (detect identical cells).
Finding identical cells in module `\top'.
Computing hashes of 1 cells of `\top'.
Finding duplicate cells in `\top'.
Removed a total of 0 cells.

2.28.3. Executing OPT_DFF pass (perform DFF optimizations).
Optimizing module top.

2.13.2. Executing OPT_MERGE pass (detect identical cells).

2.28.4. Executing OPT_CLEAN pass (remove unused cells and wires).
Finding identical cells in module `\top'.
Computing hashes of 1 cells of `\top'.
Finding duplicate cells in `\top'.
Removed a total of 0 cells.

2.13.3. Executing OPT_MUXTREE pass (detect dead branches in mux trees).
Running muxtree optimizer on module \top..
  Creating internal representation of mux trees.
  No muxes found in this module.
Removed 0 multiplexer ports.

2.13.4. Executing OPT_REDUCE pass (consolidate $*mux and $reduce_* inputs).
  Optimizing cells in module \top.
Performed a total of 0 changes.

2.13.5. Executing OPT_MERGE pass (detect identical cells).
Finding identical cells in module `\top'.
Computing hashes of 1 cells of `\top'.
Finding duplicate cells in `\top'.
Removed a total of 0 cells.

2.13.6. Executing OPT_DFF pass (perform DFF optimizations).
Finding unused cells or wires in module \top..

2.13.7. Executing OPT_CLEAN pass (remove unused cells and wires).

2.28.5. Finished fast OPT passes.
Finding unused cells or wires in module \top..

2.13.8. Executing OPT_EXPR pass (perform const folding).

2.29. Executing IOPADMAP pass (mapping inputs/outputs to IO-PAD cells).
Optimizing module top.
Mapping port top.pad_n using OBUF.
Mapping port top.pad_p using OBUF.
Mapping port top.dout using OBUF.
Mapping port top.oen using IBUF.
Mapping port top.din using IBUF.

2.30. Executing OPT_CLEAN pass (remove unused cells and wires).

2.13.9. Finished fast OPT passes. (There is nothing left to do.)

2.14. Executing WREDUCE pass (reducing word size of cells).
Finding unused cells or wires in module \top..
Removed 0 unused cells and 1 unused wires.

2.15. Executing PEEPOPT pass (run peephole optimizers).

2.16. Executing OPT_CLEAN pass (remove unused cells and wires).
<suppressed ~1 debug messages>

2.31. Executing DFFLEGALIZE pass (convert FFs to types supported by the target).

2.32. Executing TECHMAP pass (map to technology primitives).

2.32.1. Executing Verilog-2005 frontend: /opt/homebrew/bin/../share/yosys/gowin/cells_map.v
Parsing Verilog input from `/opt/homebrew/bin/../share/yosys/techmap.v' to AST representation.
Generating RTLIL representation for module `\_90_simplemap_bool_ops'.
Generating RTLIL representation for module `\_90_simplemap_reduce_ops'.
Generating RTLIL representation for module `\_90_simplemap_logic_ops'.
Generating RTLIL representation for module `\_90_simplemap_compare_ops'.
Generating RTLIL representation for module `\_90_simplemap_various'.
Generating RTLIL representation for module `\_90_simplemap_registers'.
Generating RTLIL representation for module `\_90_shift_ops_shr_shl_sshl_sshr'.
Generating RTLIL representation for module `\_90_shift_shiftx'.
Generating RTLIL representation for module `\_90_fa'.
Generating RTLIL representation for module `\_90_lcu_brent_kung'.
Generating RTLIL representation for module `\_90_alu'.
Generating RTLIL representation for module `\_90_macc'.
Generating RTLIL representation for module `\_90_alumacc'.
Generating RTLIL representation for module `$__div_mod_u'.
Generating RTLIL representation for module `$__div_mod_trunc'.
Generating RTLIL representation for module `\_90_div'.
Generating RTLIL representation for module `\_90_mod'.
Generating RTLIL representation for module `$__div_mod_floor'.
Generating RTLIL representation for module `\_90_divfloor'.
Generating RTLIL representation for module `\_90_modfloor'.
Generating RTLIL representation for module `\_90_pow'.
Generating RTLIL representation for module `\_90_pmux'.
Generating RTLIL representation for module `\_90_demux'.
Generating RTLIL representation for module `\_90_lut'.
Generating RTLIL representation for module `$connect'.
Generating RTLIL representation for module `$input_port'.
Successfully finished Verilog frontend.

2.27.2. Executing Verilog-2005 frontend: /opt/homebrew/bin/../share/yosys/gowin/arith_map.v
Finding unused cells or wires in module \top..

2.17. Executing SHARE pass (SAT-based resource sharing).
Parsing Verilog input from `/opt/homebrew/bin/../share/yosys/gowin/arith_map.v' to AST representation.
Generating RTLIL representation for module `\_80_gw1n_alu'.
Successfully finished Verilog frontend.

2.27.3. Continuing TECHMAP pass.
No more expansions possible.
<suppressed ~77 debug messages>

2.28. Executing OPT pass (performing simple optimizations).

2.28.1. Executing OPT_EXPR pass (perform const folding).

2.18. Executing ALUMACC pass (create $alu and $macc cells).
Extracting $alu and $macc cells in module top:
  created 0 $alu and 0 $macc cells.

2.19. Executing OPT pass (performing simple optimizations).

2.19.1. Executing OPT_EXPR pass (perform const folding).
Parsing Verilog input from `/opt/homebrew/bin/../share/yosys/gowin/cells_map.v' to AST representation.
Generating RTLIL representation for module `$_DFF_N_'.
Generating RTLIL representation for module `$_DFF_P_'.
Generating RTLIL representation for module `$_DFFE_PP_'.
Generating RTLIL representation for module `$_DFFE_NP_'.
Generating RTLIL representation for module `$_SDFF_PP0_'.
Generating RTLIL representation for module `$_SDFF_NP0_'.
Generating RTLIL representation for module `$_SDFFE_PP0P_'.
Generating RTLIL representation for module `$_SDFFE_NP0P_'.
Generating RTLIL representation for module `$_SDFF_PP1_'.
Generating RTLIL representation for module `$_SDFF_NP1_'.
Generating RTLIL representation for module `$_SDFFE_PP1P_'.
Generating RTLIL representation for module `$_SDFFE_NP1P_'.
Generating RTLIL representation for module `$_DFF_PP1_'.
Generating RTLIL representation for module `$_DFF_NP1_'.
Generating RTLIL representation for module `$_DFF_PP0_'.
Generating RTLIL representation for module `$_DFF_NP0_'.
Generating RTLIL representation for module `$_DFFE_PP1P_'.
Generating RTLIL representation for module `$_DFFE_NP1P_'.
Generating RTLIL representation for module `$_DFFE_PP0P_'.
Generating RTLIL representation for module `$_DFFE_NP0P_'.
Generating RTLIL representation for module `$lut'.
Successfully finished Verilog frontend.

2.32.2. Continuing TECHMAP pass.
Optimizing module top.

2.28.2. Executing OPT_MERGE pass (detect identical cells).
No more expansions possible.
Finding identical cells in module `\top'.
Computing hashes of 1 cells of `\top'.
Finding duplicate cells in `\top'.
Removed a total of 0 cells.

2.28.3. Executing OPT_DFF pass (perform DFF optimizations).
<suppressed ~23 debug messages>

2.33. Executing OPT_EXPR pass (perform const folding).

2.28.4. Executing OPT_CLEAN pass (remove unused cells and wires).
Optimizing module top.

2.19.2. Executing OPT_MERGE pass (detect identical cells).
Finding identical cells in module `\top'.
Computing hashes of 1 cells of `\top'.
Finding duplicate cells in `\top'.
Removed a total of 0 cells.

2.19.3. Executing OPT_MUXTREE pass (detect dead branches in mux trees).
Running muxtree optimizer on module \top..
  Creating internal representation of mux trees.
  No muxes found in this module.
Removed 0 multiplexer ports.

2.19.4. Executing OPT_REDUCE pass (consolidate $*mux and $reduce_* inputs).
  Optimizing cells in module \top.
Performed a total of 0 changes.

2.19.5. Executing OPT_MERGE pass (detect identical cells).
Finding identical cells in module `\top'.
Computing hashes of 1 cells of `\top'.
Finding duplicate cells in `\top'.
Removed a total of 0 cells.

2.19.6. Executing OPT_DFF pass (perform DFF optimizations).
Optimizing module top.
Finding unused cells or wires in module \top..

2.19.7. Executing OPT_CLEAN pass (remove unused cells and wires).

2.34. Executing SIMPLEMAP pass (map simple cells to gate primitives).

2.28.5. Finished fast OPT passes.
Finding unused cells or wires in module \top..

2.19.8. Executing OPT_EXPR pass (perform const folding).

2.29. Executing IOPADMAP pass (mapping inputs/outputs to IO-PAD cells).
Mapping port top.pad_n using IBUF.
Mapping port top.pad_p using IBUF.
Mapping port top.dout using OBUF.
Mapping port top.oen using IBUF.
Mapping port top.din using IBUF.

2.30. Executing OPT_CLEAN pass (remove unused cells and wires).

2.35. Executing SORT pass.
Optimizing module top.

2.19.9. Finished fast OPT passes. (There is nothing left to do.)

2.20. Executing MEMORY pass.

2.20.1. Executing OPT_MEM pass (optimize memories).
Performed a total of 0 transformations.

2.20.2. Executing OPT_MEM_PRIORITY pass (removing unnecessary memory write priority relations).
Finding unused cells or wires in module \top..
Removed 0 unused cells and 1 unused wires.
<suppressed ~1 debug messages>

2.31. Executing DFFLEGALIZE pass (convert FFs to types supported by the target).
Performed a total of 0 transformations.

2.20.3. Executing OPT_MEM_FEEDBACK pass (finding memory read-to-write feedback paths).

2.20.4. Executing MEMORY_BMUX2ROM pass (converting muxes to ROMs).

2.20.5. Executing MEMORY_DFF pass (merging $dff cells to $memrd).

2.32. Executing TECHMAP pass (map to technology primitives).

2.32.1. Executing Verilog-2005 frontend: /opt/homebrew/bin/../share/yosys/gowin/cells_map.v

2.20.6. Executing OPT_CLEAN pass (remove unused cells and wires).
Finding unused cells or wires in module \top..

2.20.7. Executing MEMORY_SHARE pass (consolidating $memrd/$memwr cells).

2.20.8. Executing OPT_MEM_WIDEN pass (optimize memories where all ports are wide).
Performed a total of 0 transformations.

2.20.9. Executing OPT_CLEAN pass (remove unused cells and wires).

2.36. Executing Verilog-2005 frontend: /opt/homebrew/bin/../share/yosys/abc9_model.v
Finding unused cells or wires in module \top..

2.20.10. Executing MEMORY_COLLECT pass (generating $mem cells).
Parsing Verilog input from `/opt/homebrew/bin/../share/yosys/gowin/cells_map.v' to AST representation.
Generating RTLIL representation for module `$_DFF_N_'.
Generating RTLIL representation for module `$_DFF_P_'.
Generating RTLIL representation for module `$_DFFE_PP_'.
Generating RTLIL representation for module `$_DFFE_NP_'.
Generating RTLIL representation for module `$_SDFF_PP0_'.
Generating RTLIL representation for module `$_SDFF_NP0_'.
Generating RTLIL representation for module `$_SDFFE_PP0P_'.
Generating RTLIL representation for module `$_SDFFE_NP0P_'.
Generating RTLIL representation for module `$_SDFF_PP1_'.
Generating RTLIL representation for module `$_SDFF_NP1_'.
Generating RTLIL representation for module `$_SDFFE_PP1P_'.
Generating RTLIL representation for module `$_SDFFE_NP1P_'.
Generating RTLIL representation for module `$_DFF_PP1_'.
Generating RTLIL representation for module `$_DFF_NP1_'.
Generating RTLIL representation for module `$_DFF_PP0_'.
Generating RTLIL representation for module `$_DFF_NP0_'.
Generating RTLIL representation for module `$_DFFE_PP1P_'.
Generating RTLIL representation for module `$_DFFE_NP1P_'.
Generating RTLIL representation for module `$_DFFE_PP0P_'.
Generating RTLIL representation for module `$_DFFE_NP0P_'.
Generating RTLIL representation for module `$lut'.
Successfully finished Verilog frontend.

2.32.2. Continuing TECHMAP pass.
No more expansions possible.
Parsing Verilog input from `/opt/homebrew/bin/../share/yosys/abc9_model.v' to AST representation.
Generating RTLIL representation for module `$__ABC9_DELAY'.
Generating RTLIL representation for module `$__ABC9_SCC_BREAKER'.
Generating RTLIL representation for module `$__DFF_N__$abc9_flop'.
Generating RTLIL representation for module `$__DFF_P__$abc9_flop'.
Successfully finished Verilog frontend.

2.37. Executing ABC9 pass.

2.37.1. Executing ABC9_OPS pass (helper functions for ABC9).
<suppressed ~23 debug messages>

2.33. Executing OPT_EXPR pass (perform const folding).

2.37.2. Executing ABC9_OPS pass (helper functions for ABC9).

2.21. Executing OPT_CLEAN pass (remove unused cells and wires).

2.37.3. Executing SCC pass (detecting logic loops).
Optimizing module top.
Finding unused cells or wires in module \top..

2.34. Executing SIMPLEMAP pass (map simple cells to gate primitives).
Found 0 SCCs in module top.
Found 0 SCCs.

2.37.4. Executing ABC9_OPS pass (helper functions for ABC9).

2.35. Executing SORT pass.

2.22. Executing MEMORY_LIBMAP pass (mapping memories to cells).

2.23. Executing TECHMAP pass (map to technology primitives).

2.23.1. Executing Verilog-2005 frontend: /opt/homebrew/bin/../share/yosys/gowin/lutrams_map.v

2.36. Executing Verilog-2005 frontend: /opt/homebrew/bin/../share/yosys/abc9_model.v
Parsing Verilog input from `/opt/homebrew/bin/../share/yosys/abc9_model.v' to AST representation.
Generating RTLIL representation for module `$__ABC9_DELAY'.
Generating RTLIL representation for module `$__ABC9_SCC_BREAKER'.
Generating RTLIL representation for module `$__DFF_N__$abc9_flop'.
Generating RTLIL representation for module `$__DFF_P__$abc9_flop'.
Successfully finished Verilog frontend.

2.37. Executing ABC9 pass.

2.37.1. Executing ABC9_OPS pass (helper functions for ABC9).

2.37.2. Executing ABC9_OPS pass (helper functions for ABC9).

2.37.3. Executing SCC pass (detecting logic loops).
Found 0 SCCs in module top.
Found 0 SCCs.

2.37.4. Executing ABC9_OPS pass (helper functions for ABC9).
Parsing Verilog input from `/opt/homebrew/bin/../share/yosys/gowin/lutrams_map.v' to AST representation.
Generating RTLIL representation for module `$__GOWIN_LUTRAM_'.
Successfully finished Verilog frontend.

2.23.2. Executing Verilog-2005 frontend: /opt/homebrew/bin/../share/yosys/gowin/brams_map_gw5a.v

2.37.5. Executing TECHMAP pass (map to technology primitives).

2.37.5.1. Executing Verilog-2005 frontend: /opt/homebrew/bin/../share/yosys/techmap.v

2.37.5. Executing TECHMAP pass (map to technology primitives).

2.37.5.1. Executing Verilog-2005 frontend: /opt/homebrew/bin/../share/yosys/techmap.v
Parsing Verilog input from `/opt/homebrew/bin/../share/yosys/gowin/brams_map_gw5a.v' to AST representation.
Generating RTLIL representation for module `$__GOWIN_SP_'.
Generating RTLIL representation for module `$__GOWIN_DP_'.
Generating RTLIL representation for module `$__GOWIN_SDP_'.
Successfully finished Verilog frontend.

2.23.3. Continuing TECHMAP pass.
No more expansions possible.
<suppressed ~6 debug messages>

2.24. Executing OPT pass (performing simple optimizations).

2.24.1. Executing OPT_EXPR pass (perform const folding).
Optimizing module top.

2.24.2. Executing OPT_MERGE pass (detect identical cells).
Finding identical cells in module `\top'.
Computing hashes of 1 cells of `\top'.
Finding duplicate cells in `\top'.
Removed a total of 0 cells.

2.24.3. Executing OPT_DFF pass (perform DFF optimizations).

2.24.4. Executing OPT_CLEAN pass (remove unused cells and wires).
Finding unused cells or wires in module \top..
Parsing Verilog input from `/opt/homebrew/bin/../share/yosys/techmap.v' to AST representation.
Generating RTLIL representation for module `\_90_simplemap_bool_ops'.
Generating RTLIL representation for module `\_90_simplemap_reduce_ops'.
Generating RTLIL representation for module `\_90_simplemap_logic_ops'.
Generating RTLIL representation for module `\_90_simplemap_compare_ops'.
Generating RTLIL representation for module `\_90_simplemap_various'.
Generating RTLIL representation for module `\_90_simplemap_registers'.
Generating RTLIL representation for module `\_90_shift_ops_shr_shl_sshl_sshr'.
Generating RTLIL representation for module `\_90_shift_shiftx'.
Generating RTLIL representation for module `\_90_fa'.
Generating RTLIL representation for module `\_90_lcu_brent_kung'.
Generating RTLIL representation for module `\_90_alu'.
Generating RTLIL representation for module `\_90_macc'.
Generating RTLIL representation for module `\_90_alumacc'.
Generating RTLIL representation for module `$__div_mod_u'.
Generating RTLIL representation for module `$__div_mod_trunc'.
Generating RTLIL representation for module `\_90_div'.
Generating RTLIL representation for module `\_90_mod'.
Generating RTLIL representation for module `$__div_mod_floor'.
Generating RTLIL representation for module `\_90_divfloor'.
Generating RTLIL representation for module `\_90_modfloor'.
Generating RTLIL representation for module `\_90_pow'.
Generating RTLIL representation for module `\_90_pmux'.
Generating RTLIL representation for module `\_90_demux'.
Generating RTLIL representation for module `\_90_lut'.
Generating RTLIL representation for module `$connect'.
Generating RTLIL representation for module `$input_port'.
Successfully finished Verilog frontend.

2.37.5.2. Continuing TECHMAP pass.

2.24.5. Finished fast OPT passes.

2.25. Executing MEMORY_MAP pass (converting memories to logic and flip-flops).

2.26. Executing OPT pass (performing simple optimizations).

2.26.1. Executing OPT_EXPR pass (perform const folding).
Optimizing module top.

2.26.2. Executing OPT_MERGE pass (detect identical cells).
Parsing Verilog input from `/opt/homebrew/bin/../share/yosys/techmap.v' to AST representation.
Generating RTLIL representation for module `\_90_simplemap_bool_ops'.
Generating RTLIL representation for module `\_90_simplemap_reduce_ops'.
Generating RTLIL representation for module `\_90_simplemap_logic_ops'.
Generating RTLIL representation for module `\_90_simplemap_compare_ops'.
Generating RTLIL representation for module `\_90_simplemap_various'.
Generating RTLIL representation for module `\_90_simplemap_registers'.
Generating RTLIL representation for module `\_90_shift_ops_shr_shl_sshl_sshr'.
Generating RTLIL representation for module `\_90_shift_shiftx'.
Generating RTLIL representation for module `\_90_fa'.
Generating RTLIL representation for module `\_90_lcu_brent_kung'.
Generating RTLIL representation for module `\_90_alu'.
Generating RTLIL representation for module `\_90_macc'.
Generating RTLIL representation for module `\_90_alumacc'.
Generating RTLIL representation for module `$__div_mod_u'.
Generating RTLIL representation for module `$__div_mod_trunc'.
Generating RTLIL representation for module `\_90_div'.
Generating RTLIL representation for module `\_90_mod'.
Generating RTLIL representation for module `$__div_mod_floor'.
Generating RTLIL representation for module `\_90_divfloor'.
Generating RTLIL representation for module `\_90_modfloor'.
Generating RTLIL representation for module `\_90_pow'.
Generating RTLIL representation for module `\_90_pmux'.
Generating RTLIL representation for module `\_90_demux'.
Generating RTLIL representation for module `\_90_lut'.
Generating RTLIL representation for module `$connect'.
Generating RTLIL representation for module `$input_port'.
Successfully finished Verilog frontend.

2.37.5.2. Continuing TECHMAP pass.
Finding identical cells in module `\top'.
Computing hashes of 1 cells of `\top'.
Finding duplicate cells in `\top'.
Removed a total of 0 cells.

2.26.3. Executing OPT_MUXTREE pass (detect dead branches in mux trees).
Running muxtree optimizer on module \top..
  Creating internal representation of mux trees.
  No muxes found in this module.
Removed 0 multiplexer ports.

2.26.4. Executing OPT_REDUCE pass (consolidate $*mux and $reduce_* inputs).
  Optimizing cells in module \top.
Performed a total of 0 changes.

2.26.5. Executing OPT_MERGE pass (detect identical cells).
Finding identical cells in module `\top'.
Computing hashes of 1 cells of `\top'.
Finding duplicate cells in `\top'.
Removed a total of 0 cells.

2.26.6. Executing OPT_DFF pass (perform DFF optimizations).

2.26.7. Executing OPT_CLEAN pass (remove unused cells and wires).
No more expansions possible.
<suppressed ~240 debug messages>

2.37.6. Executing OPT pass (performing simple optimizations).

2.37.6.1. Executing OPT_EXPR pass (perform const folding).

2.37.6.2. Executing OPT_MERGE pass (detect identical cells).
Removed a total of 0 cells.

2.37.6.3. Executing OPT_MUXTREE pass (detect dead branches in mux trees).
Removed 0 multiplexer ports.

2.37.6.4. Executing OPT_REDUCE pass (consolidate $*mux and $reduce_* inputs).
Performed a total of 0 changes.

2.37.6.5. Executing OPT_MERGE pass (detect identical cells).
Removed a total of 0 cells.

2.37.6.6. Executing OPT_DFF pass (perform DFF optimizations).

2.37.6.7. Executing OPT_CLEAN pass (remove unused cells and wires).

2.37.6.8. Executing OPT_EXPR pass (perform const folding).

2.37.6.9. Finished fast OPT passes. (There is nothing left to do.)
Finding unused cells or wires in module \top..

2.26.8. Executing OPT_EXPR pass (perform const folding).
Optimizing module top.
No more expansions possible.
<suppressed ~240 debug messages>

2.37.6. Executing OPT pass (performing simple optimizations).

2.37.6.1. Executing OPT_EXPR pass (perform const folding).

2.26.9. Finished fast OPT passes. (There is nothing left to do.)

2.37.6.2. Executing OPT_MERGE pass (detect identical cells).

2.27. Executing TECHMAP pass (map to technology primitives).
Removed a total of 0 cells.

2.37.6.3. Executing OPT_MUXTREE pass (detect dead branches in mux trees).
Removed 0 multiplexer ports.

2.37.6.4. Executing OPT_REDUCE pass (consolidate $*mux and $reduce_* inputs).
Performed a total of 0 changes.

2.37.6.5. Executing OPT_MERGE pass (detect identical cells).

2.27.1. Executing Verilog-2005 frontend: /opt/homebrew/bin/../share/yosys/techmap.v
Removed a total of 0 cells.

2.37.6.6. Executing OPT_DFF pass (perform DFF optimizations).

2.37.6.7. Executing OPT_CLEAN pass (remove unused cells and wires).

2.37.7. Executing TECHMAP pass (map to technology primitives).

2.37.6.8. Executing OPT_EXPR pass (perform const folding).

2.37.7.1. Executing Verilog-2005 frontend: /opt/homebrew/bin/../share/yosys/abc9_map.v
Parsing Verilog input from `/opt/homebrew/bin/../share/yosys/abc9_map.v' to AST representation.
Successfully finished Verilog frontend.

2.37.7.2. Continuing TECHMAP pass.
No more expansions possible.
<suppressed ~2 debug messages>

2.37.8. Executing Verilog-2005 frontend: /opt/homebrew/bin/../share/yosys/abc9_model.v
Parsing Verilog input from `/opt/homebrew/bin/../share/yosys/abc9_model.v' to AST representation.
Replacing existing blackbox module `$__ABC9_DELAY' at /opt/homebrew/bin/../share/yosys/abc9_model.v:2.1-7.10.
Generating RTLIL representation for module `$__ABC9_DELAY'.
Replacing existing blackbox module `$__ABC9_SCC_BREAKER' at /opt/homebrew/bin/../share/yosys/abc9_model.v:9.1-11.10.
Generating RTLIL representation for module `$__ABC9_SCC_BREAKER'.
Replacing existing module `$__DFF_N__$abc9_flop' at /opt/homebrew/bin/../share/yosys/abc9_model.v:14.1-20.10.
Generating RTLIL representation for module `$__DFF_N__$abc9_flop'.
Replacing existing module `$__DFF_P__$abc9_flop' at /opt/homebrew/bin/../share/yosys/abc9_model.v:23.1-29.10.
Generating RTLIL representation for module `$__DFF_P__$abc9_flop'.
Successfully finished Verilog frontend.

2.37.9. Executing ABC9_OPS pass (helper functions for ABC9).

2.37.10. Executing ABC9_OPS pass (helper functions for ABC9).

2.37.11. Executing ABC9_OPS pass (helper functions for ABC9).
<suppressed ~2 debug messages>

2.37.12. Executing AIGMAP pass (map logic to AIG).
Module top: replaced 0 cells with 0 new cells, skipped 6 cells.
  not replaced 3 cell types:
       2 IBUF
       1 TLVDS_OBUF
       3 OBUF

2.37.12.1. Executing ABC9_OPS pass (helper functions for ABC9).

2.37.12.2. Executing ABC9_OPS pass (helper functions for ABC9).

2.37.12.3. Executing XAIGER backend.
<suppressed ~5 debug messages>
Extracted 0 AND gates and 10 wires from module `top' to a netlist network with 8 inputs and 6 outputs.

2.37.12.4. Executing ABC9_EXE pass (technology mapping using ABC9).

2.37.6.9. Finished fast OPT passes. (There is nothing left to do.)

2.37.12.5. Executing ABC9.
Parsing Verilog input from `/opt/homebrew/bin/../share/yosys/techmap.v' to AST representation.
Generating RTLIL representation for module `\_90_simplemap_bool_ops'.
Generating RTLIL representation for module `\_90_simplemap_reduce_ops'.
Generating RTLIL representation for module `\_90_simplemap_logic_ops'.
Generating RTLIL representation for module `\_90_simplemap_compare_ops'.
Generating RTLIL representation for module `\_90_simplemap_various'.
Generating RTLIL representation for module `\_90_simplemap_registers'.
Generating RTLIL representation for module `\_90_shift_ops_shr_shl_sshl_sshr'.
Generating RTLIL representation for module `\_90_shift_shiftx'.
Generating RTLIL representation for module `\_90_fa'.
Generating RTLIL representation for module `\_90_lcu_brent_kung'.
Generating RTLIL representation for module `\_90_alu'.
Generating RTLIL representation for module `\_90_macc'.
Generating RTLIL representation for module `\_90_alumacc'.
Generating RTLIL representation for module `$__div_mod_u'.
Generating RTLIL representation for module `$__div_mod_trunc'.
Generating RTLIL representation for module `\_90_div'.
Generating RTLIL representation for module `\_90_mod'.
Generating RTLIL representation for module `$__div_mod_floor'.
Generating RTLIL representation for module `\_90_divfloor'.
Generating RTLIL representation for module `\_90_modfloor'.
Generating RTLIL representation for module `\_90_pow'.
Generating RTLIL representation for module `\_90_pmux'.
Generating RTLIL representation for module `\_90_demux'.
Generating RTLIL representation for module `\_90_lut'.
Generating RTLIL representation for module `$connect'.
Generating RTLIL representation for module `$input_port'.
Successfully finished Verilog frontend.

2.27.2. Executing Verilog-2005 frontend: /opt/homebrew/bin/../share/yosys/gowin/arith_map.v
Parsing Verilog input from `/opt/homebrew/bin/../share/yosys/gowin/arith_map.v' to AST representation.
Generating RTLIL representation for module `\_80_gw1n_alu'.
Successfully finished Verilog frontend.

2.27.3. Continuing TECHMAP pass.
No more expansions possible.
<suppressed ~77 debug messages>

2.28. Executing OPT pass (performing simple optimizations).

2.28.1. Executing OPT_EXPR pass (perform const folding).
Optimizing module top.

2.28.2. Executing OPT_MERGE pass (detect identical cells).

2.37.7. Executing TECHMAP pass (map to technology primitives).

2.37.7.1. Executing Verilog-2005 frontend: /opt/homebrew/bin/../share/yosys/abc9_map.v
Parsing Verilog input from `/opt/homebrew/bin/../share/yosys/abc9_map.v' to AST representation.
Successfully finished Verilog frontend.

2.37.7.2. Continuing TECHMAP pass.
No more expansions possible.
<suppressed ~2 debug messages>

2.37.8. Executing Verilog-2005 frontend: /opt/homebrew/bin/../share/yosys/abc9_model.v
Finding identical cells in module `\top'.
Computing hashes of 1 cells of `\top'.
Finding duplicate cells in `\top'.
Removed a total of 0 cells.

2.28.3. Executing OPT_DFF pass (perform DFF optimizations).
Parsing Verilog input from `/opt/homebrew/bin/../share/yosys/abc9_model.v' to AST representation.
Replacing existing blackbox module `$__ABC9_DELAY' at /opt/homebrew/bin/../share/yosys/abc9_model.v:2.1-7.10.
Generating RTLIL representation for module `$__ABC9_DELAY'.
Replacing existing blackbox module `$__ABC9_SCC_BREAKER' at /opt/homebrew/bin/../share/yosys/abc9_model.v:9.1-11.10.
Generating RTLIL representation for module `$__ABC9_SCC_BREAKER'.
Replacing existing module `$__DFF_N__$abc9_flop' at /opt/homebrew/bin/../share/yosys/abc9_model.v:14.1-20.10.
Generating RTLIL representation for module `$__DFF_N__$abc9_flop'.
Replacing existing module `$__DFF_P__$abc9_flop' at /opt/homebrew/bin/../share/yosys/abc9_model.v:23.1-29.10.
Generating RTLIL representation for module `$__DFF_P__$abc9_flop'.
Successfully finished Verilog frontend.

2.37.9. Executing ABC9_OPS pass (helper functions for ABC9).

2.37.10. Executing ABC9_OPS pass (helper functions for ABC9).

2.28.4. Executing OPT_CLEAN pass (remove unused cells and wires).

2.37.11. Executing ABC9_OPS pass (helper functions for ABC9).
<suppressed ~2 debug messages>

2.37.12. Executing AIGMAP pass (map logic to AIG).
Module top: replaced 0 cells with 0 new cells, skipped 6 cells.
  not replaced 3 cell types:
       4 IBUF
       1 TLVDS_IBUF
       1 OBUF

2.37.12.1. Executing ABC9_OPS pass (helper functions for ABC9).

2.37.12.2. Executing ABC9_OPS pass (helper functions for ABC9).

2.37.12.3. Executing XAIGER backend.
<suppressed ~5 debug messages>
Extracted 0 AND gates and 10 wires from module `top' to a netlist network with 8 inputs and 4 outputs.

2.37.12.4. Executing ABC9_EXE pass (technology mapping using ABC9).

2.37.12.5. Executing ABC9.
Finding unused cells or wires in module \top..

2.28.5. Finished fast OPT passes.

2.29. Executing IOPADMAP pass (mapping inputs/outputs to IO-PAD cells).
Mapping port top.pad_n using OBUF.
Mapping port top.pad_p using OBUF.
Mapping port top.dout using OBUF.
Mapping port top.oen using IBUF.
Mapping port top.din using IBUF.

2.30. Executing OPT_CLEAN pass (remove unused cells and wires).
Finding unused cells or wires in module \top..
Removed 0 unused cells and 1 unused wires.
<suppressed ~1 debug messages>

2.31. Executing DFFLEGALIZE pass (convert FFs to types supported by the target).

2.32. Executing TECHMAP pass (map to technology primitives).

2.32.1. Executing Verilog-2005 frontend: /opt/homebrew/bin/../share/yosys/gowin/cells_map.v
Parsing Verilog input from `/opt/homebrew/bin/../share/yosys/gowin/cells_map.v' to AST representation.
Generating RTLIL representation for module `$_DFF_N_'.
Generating RTLIL representation for module `$_DFF_P_'.
Generating RTLIL representation for module `$_DFFE_PP_'.
Generating RTLIL representation for module `$_DFFE_NP_'.
Generating RTLIL representation for module `$_SDFF_PP0_'.
Generating RTLIL representation for module `$_SDFF_NP0_'.
Generating RTLIL representation for module `$_SDFFE_PP0P_'.
Generating RTLIL representation for module `$_SDFFE_NP0P_'.
Generating RTLIL representation for module `$_SDFF_PP1_'.
Generating RTLIL representation for module `$_SDFF_NP1_'.
Generating RTLIL representation for module `$_SDFFE_PP1P_'.
Generating RTLIL representation for module `$_SDFFE_NP1P_'.
Generating RTLIL representation for module `$_DFF_PP1_'.
Generating RTLIL representation for module `$_DFF_NP1_'.
Generating RTLIL representation for module `$_DFF_PP0_'.
Generating RTLIL representation for module `$_DFF_NP0_'.
Generating RTLIL representation for module `$_DFFE_PP1P_'.
Generating RTLIL representation for module `$_DFFE_NP1P_'.
Generating RTLIL representation for module `$_DFFE_PP0P_'.
Generating RTLIL representation for module `$_DFFE_NP0P_'.
Generating RTLIL representation for module `$lut'.
Successfully finished Verilog frontend.

2.32.2. Continuing TECHMAP pass.
No more expansions possible.
<suppressed ~23 debug messages>

2.33. Executing OPT_EXPR pass (perform const folding).
Optimizing module top.

2.34. Executing SIMPLEMAP pass (map simple cells to gate primitives).

2.35. Executing SORT pass.

2.36. Executing Verilog-2005 frontend: /opt/homebrew/bin/../share/yosys/abc9_model.v
Parsing Verilog input from `/opt/homebrew/bin/../share/yosys/abc9_model.v' to AST representation.
Generating RTLIL representation for module `$__ABC9_DELAY'.
Generating RTLIL representation for module `$__ABC9_SCC_BREAKER'.
Generating RTLIL representation for module `$__DFF_N__$abc9_flop'.
Generating RTLIL representation for module `$__DFF_P__$abc9_flop'.
Successfully finished Verilog frontend.

2.37. Executing ABC9 pass.

2.37.1. Executing ABC9_OPS pass (helper functions for ABC9).

2.37.2. Executing ABC9_OPS pass (helper functions for ABC9).

2.37.3. Executing SCC pass (detecting logic loops).
Found 0 SCCs in module top.
Found 0 SCCs.

2.37.4. Executing ABC9_OPS pass (helper functions for ABC9).

2.37.5. Executing TECHMAP pass (map to technology primitives).

2.37.5.1. Executing Verilog-2005 frontend: /opt/homebrew/bin/../share/yosys/techmap.v
Running ABC command: "<yosys-exe-dir>/yosys-abc" -s -f <abc-temp-dir>/abc.script 2>&1
ABC: ======== ABC command line "source <abc-temp-dir>/abc.script"
ABC: + read_lut <abc-temp-dir>/input.lut 
ABC: + read_box <abc-temp-dir>/input.box 
ABC: + &read <abc-temp-dir>/input.xaig 
ABC: + &ps 
ABC: <abc-temp-dir>/input : i/o =      8/      6  and =       0  lev =    0 (0.00)  mem = 0.00 MB  box = 0  bb = 0
ABC: + &scorr 
ABC: Warning: The network is combinational.
ABC: + &sweep 
ABC: + &dc2 
ABC: + &dch -f -r 
ABC: + &ps 
ABC: <abc-temp-dir>/input : i/o =      8/      6  and =       0  lev =    0 (0.00)  mem = 0.00 MB  ch =    0  box = 0  bb = 0
ABC: cst =       0  cls =      0  lit =       0  unused =       8  proof =     0
ABC: + &if -W 500 -v 
ABC: K = 8. Memory (bytes): Truth =    0. Cut =   68. Obj =  152. Set =  708. CutMin = no
ABC: Node =       0.  Ch =     0.  Total mem =    0.00 MB. Peak cut mem =    0.00 MB.
ABC: P:  Del =    0.00.  Ar =       0.0.  Edge =        0.  Cut =        0.  T =     0.00 sec
ABC: P:  Del =    0.00.  Ar =       0.0.  Edge =        0.  Cut =        0.  T =     0.00 sec
ABC: P:  Del =    0.00.  Ar =       0.0.  Edge =        0.  Cut =        0.  T =     0.00 sec
ABC: F:  Del =    0.00.  Ar =       0.0.  Edge =        0.  Cut =        0.  T =     0.00 sec
ABC: A:  Del =    0.00.  Ar =       0.0.  Edge =        0.  Cut =        0.  T =     0.00 sec
ABC: A:  Del =    0.00.  Ar =       0.0.  Edge =        0.  Cut =        0.  T =     0.00 sec
ABC: Total time =     0.00 sec
ABC: + &write -n <abc-temp-dir>/output.aig 
ABC: + &mfs 
ABC: Timing manager is given but there is no GIA of boxes.
ABC: Error: Abc_FrameUpdateGia(): Transformation has failed.
ABC: + &ps -l 
ABC: <abc-temp-dir>/input : i/o =      8/      6  and =       0  lev =    0 (0.00)  mem = 0.00 MB  box = 0  bb = 0
ABC: Mapping (K=0)  :  lut =      0  edge =       0  lev =    0 (0.00)  mem = 0.00 MB
ABC: LUT = 0 : Ave = 0.00
ABC: + &write -n <abc-temp-dir>/output.aig 
ABC: + &verify 
ABC: Networks are equivalent.  Time =     0.00 sec
ABC: + time 
ABC: elapse: 0.01 seconds, total: 0.01 seconds

2.37.12.6. Executing AIGER frontend.
<suppressed ~36 debug messages>
Removed 0 unused cells and 14 unused wires.

2.37.12.7. Executing ABC9_OPS pass (helper functions for ABC9).
ABC RESULTS:           input signals:        2
ABC RESULTS:          output signals:        6
Removing temp directory.

2.37.13. Executing TECHMAP pass (map to technology primitives).

2.37.13.1. Executing Verilog-2005 frontend: /opt/homebrew/bin/../share/yosys/abc9_unmap.v
Parsing Verilog input from `/opt/homebrew/bin/../share/yosys/abc9_unmap.v' to AST representation.
Generating RTLIL representation for module `$__DFF_x__$abc9_flop'.
Generating RTLIL representation for module `$__ABC9_SCC_BREAKER'.
Successfully finished Verilog frontend.

2.37.13.2. Continuing TECHMAP pass.
No more expansions possible.
<suppressed ~5 debug messages>
Removed 0 unused cells and 8 unused wires.

2.38. Executing TECHMAP pass (map to technology primitives).

2.38.1. Executing Verilog-2005 frontend: /opt/homebrew/bin/../share/yosys/gowin/cells_map.v
Parsing Verilog input from `/opt/homebrew/bin/../share/yosys/gowin/cells_map.v' to AST representation.
Generating RTLIL representation for module `$_DFF_N_'.
Generating RTLIL representation for module `$_DFF_P_'.
Generating RTLIL representation for module `$_DFFE_PP_'.
Generating RTLIL representation for module `$_DFFE_NP_'.
Generating RTLIL representation for module `$_SDFF_PP0_'.
Generating RTLIL representation for module `$_SDFF_NP0_'.
Generating RTLIL representation for module `$_SDFFE_PP0P_'.
Generating RTLIL representation for module `$_SDFFE_NP0P_'.
Generating RTLIL representation for module `$_SDFF_PP1_'.
Generating RTLIL representation for module `$_SDFF_NP1_'.
Generating RTLIL representation for module `$_SDFFE_PP1P_'.
Generating RTLIL representation for module `$_SDFFE_NP1P_'.
Generating RTLIL representation for module `$_DFF_PP1_'.
Generating RTLIL representation for module `$_DFF_NP1_'.
Generating RTLIL representation for module `$_DFF_PP0_'.
Generating RTLIL representation for module `$_DFF_NP0_'.
Generating RTLIL representation for module `$_DFFE_PP1P_'.
Generating RTLIL representation for module `$_DFFE_NP1P_'.
Generating RTLIL representation for module `$_DFFE_PP0P_'.
Generating RTLIL representation for module `$_DFFE_NP0P_'.
Generating RTLIL representation for module `$lut'.
Successfully finished Verilog frontend.

2.38.2. Continuing TECHMAP pass.
No more expansions possible.
<suppressed ~23 debug messages>

2.39. Executing OPT_LUT_INS pass (discard unused LUT inputs).
Optimizing LUTs in top.

2.40. Executing SETUNDEF pass (replace undef values with defined constants).

2.41. Executing HILOMAP pass (mapping to constant drivers).

2.42. Executing AUTONAME pass.
Renamed 9 objects in module top (7 iterations).
<suppressed ~9 debug messages>

2.43. Executing HIERARCHY pass (managing design hierarchy).
Attribute `top' found on module `top'. Setting top module to top.

2.43.1. Analyzing design hierarchy..
Top module:  \top

2.43.2. Analyzing design hierarchy..
Top module:  \top
Removed 0 unused modules.

2.44. Printing statistics.

=== top ===

        +----------Local Count, excluding submodules.
        | 
        9 wires
        9 wire bits
        9 public wires
        9 public wire bits
        5 ports
        5 port bits
        6 cells
        2   IBUF
        3   OBUF
        1   TLVDS_OBUF

2.45. Executing CHECK pass (checking for obvious problems).
Checking module top...
Found and reported 0 problems.

2.46. Executing JSON backend.
Running ABC command: "<yosys-exe-dir>/yosys-abc" -s -f <abc-temp-dir>/abc.script 2>&1
ABC: ======== ABC command line "source <abc-temp-dir>/abc.script"
ABC: + read_lut <abc-temp-dir>/input.lut 
ABC: + read_box <abc-temp-dir>/input.box 
ABC: + &read <abc-temp-dir>/input.xaig 
ABC: + &ps 
ABC: <abc-temp-dir>/input : i/o =      8/      4  and =       0  lev =    0 (0.00)  mem = 0.00 MB  box = 0  bb = 0
ABC: + &scorr 
ABC: Warning: The network is combinational.
ABC: + &sweep 
ABC: + &dc2 
ABC: + &dch -f -r 
ABC: + &ps 
ABC: <abc-temp-dir>/input : i/o =      8/      4  and =       0  lev =    0 (0.00)  mem = 0.00 MB  ch =    0  box = 0  bb = 0
ABC: cst =       0  cls =      0  lit =       0  unused =       8  proof =     0
ABC: + &if -W 500 -v 
ABC: K = 8. Memory (bytes): Truth =    0. Cut =   68. Obj =  152. Set =  708. CutMin = no
ABC: Node =       0.  Ch =     0.  Total mem =    0.00 MB. Peak cut mem =    0.00 MB.
ABC: P:  Del =    0.00.  Ar =       0.0.  Edge =        0.  Cut =        0.  T =     0.00 sec
ABC: P:  Del =    0.00.  Ar =       0.0.  Edge =        0.  Cut =        0.  T =     0.00 sec
ABC: P:  Del =    0.00.  Ar =       0.0.  Edge =        0.  Cut =        0.  T =     0.00 sec
ABC: F:  Del =    0.00.  Ar =       0.0.  Edge =        0.  Cut =        0.  T =     0.00 sec
ABC: A:  Del =    0.00.  Ar =       0.0.  Edge =        0.  Cut =        0.  T =     0.00 sec
ABC: A:  Del =    0.00.  Ar =       0.0.  Edge =        0.  Cut =        0.  T =     0.00 sec
ABC: Total time =     0.00 sec
ABC: + &write -n <abc-temp-dir>/output.aig 
ABC: + &mfs 
ABC: Timing manager is given but there is no GIA of boxes.
ABC: Error: Abc_FrameUpdateGia(): Transformation has failed.
ABC: + &ps -l 
ABC: <abc-temp-dir>/input : i/o =      8/      4  and =       0  lev =    0 (0.00)  mem = 0.00 MB  box = 0  bb = 0
ABC: Mapping (K=0)  :  lut =      0  edge =       0  lev =    0 (0.00)  mem = 0.00 MB
ABC: LUT = 0 : Ave = 0.00
ABC: + &write -n <abc-temp-dir>/output.aig 
ABC: + &verify 
ABC: Networks are equivalent.  Time =     0.00 sec
ABC: + time 
ABC: elapse: 0.01 seconds, total: 0.01 seconds

2.37.12.6. Executing AIGER frontend.
<suppressed ~32 debug messages>
Removed 0 unused cells and 12 unused wires.

2.37.12.7. Executing ABC9_OPS pass (helper functions for ABC9).
ABC RESULTS:           input signals:        4
ABC RESULTS:          output signals:        4
Removing temp directory.

2.37.13. Executing TECHMAP pass (map to technology primitives).

2.37.13.1. Executing Verilog-2005 frontend: /opt/homebrew/bin/../share/yosys/abc9_unmap.v
Parsing Verilog input from `/opt/homebrew/bin/../share/yosys/techmap.v' to AST representation.
Generating RTLIL representation for module `\_90_simplemap_bool_ops'.
Generating RTLIL representation for module `\_90_simplemap_reduce_ops'.
Generating RTLIL representation for module `\_90_simplemap_logic_ops'.
Generating RTLIL representation for module `\_90_simplemap_compare_ops'.
Generating RTLIL representation for module `\_90_simplemap_various'.
Generating RTLIL representation for module `\_90_simplemap_registers'.
Generating RTLIL representation for module `\_90_shift_ops_shr_shl_sshl_sshr'.
Generating RTLIL representation for module `\_90_shift_shiftx'.
Generating RTLIL representation for module `\_90_fa'.
Generating RTLIL representation for module `\_90_lcu_brent_kung'.
Generating RTLIL representation for module `\_90_alu'.
Generating RTLIL representation for module `\_90_macc'.
Generating RTLIL representation for module `\_90_alumacc'.
Generating RTLIL representation for module `$__div_mod_u'.
Generating RTLIL representation for module `$__div_mod_trunc'.
Generating RTLIL representation for module `\_90_div'.
Generating RTLIL representation for module `\_90_mod'.
Generating RTLIL representation for module `$__div_mod_floor'.
Generating RTLIL representation for module `\_90_divfloor'.
Generating RTLIL representation for module `\_90_modfloor'.
Generating RTLIL representation for module `\_90_pow'.
Generating RTLIL representation for module `\_90_pmux'.
Generating RTLIL representation for module `\_90_demux'.
Generating RTLIL representation for module `\_90_lut'.
Generating RTLIL representation for module `$connect'.
Generating RTLIL representation for module `$input_port'.
Successfully finished Verilog frontend.

2.37.5.2. Continuing TECHMAP pass.
Parsing Verilog input from `/opt/homebrew/bin/../share/yosys/abc9_unmap.v' to AST representation.
Generating RTLIL representation for module `$__DFF_x__$abc9_flop'.
Generating RTLIL representation for module `$__ABC9_SCC_BREAKER'.
Successfully finished Verilog frontend.

2.37.13.2. Continuing TECHMAP pass.
No more expansions possible.
<suppressed ~5 debug messages>
No more expansions possible.
<suppressed ~240 debug messages>

2.37.6. Executing OPT pass (performing simple optimizations).

2.37.6.1. Executing OPT_EXPR pass (perform const folding).

2.37.6.2. Executing OPT_MERGE pass (detect identical cells).
Removed a total of 0 cells.

2.37.6.3. Executing OPT_MUXTREE pass (detect dead branches in mux trees).
Removed 0 multiplexer ports.

2.37.6.4. Executing OPT_REDUCE pass (consolidate $*mux and $reduce_* inputs).
Performed a total of 0 changes.

2.37.6.5. Executing OPT_MERGE pass (detect identical cells).
Removed a total of 0 cells.

2.37.6.6. Executing OPT_DFF pass (perform DFF optimizations).
Removed 0 unused cells and 8 unused wires.

2.38. Executing TECHMAP pass (map to technology primitives).

2.37.6.7. Executing OPT_CLEAN pass (remove unused cells and wires).

2.38.1. Executing Verilog-2005 frontend: /opt/homebrew/bin/../share/yosys/gowin/cells_map.v

2.37.6.8. Executing OPT_EXPR pass (perform const folding).

2.37.6.9. Finished fast OPT passes. (There is nothing left to do.)
Parsing Verilog input from `/opt/homebrew/bin/../share/yosys/gowin/cells_map.v' to AST representation.
Generating RTLIL representation for module `$_DFF_N_'.
Generating RTLIL representation for module `$_DFF_P_'.
Generating RTLIL representation for module `$_DFFE_PP_'.
Generating RTLIL representation for module `$_DFFE_NP_'.
Generating RTLIL representation for module `$_SDFF_PP0_'.
Generating RTLIL representation for module `$_SDFF_NP0_'.
Generating RTLIL representation for module `$_SDFFE_PP0P_'.
Generating RTLIL representation for module `$_SDFFE_NP0P_'.
Generating RTLIL representation for module `$_SDFF_PP1_'.
Generating RTLIL representation for module `$_SDFF_NP1_'.
Generating RTLIL representation for module `$_SDFFE_PP1P_'.
Generating RTLIL representation for module `$_SDFFE_NP1P_'.
Generating RTLIL representation for module `$_DFF_PP1_'.
Generating RTLIL representation for module `$_DFF_NP1_'.
Generating RTLIL representation for module `$_DFF_PP0_'.
Generating RTLIL representation for module `$_DFF_NP0_'.
Generating RTLIL representation for module `$_DFFE_PP1P_'.
Generating RTLIL representation for module `$_DFFE_NP1P_'.
Generating RTLIL representation for module `$_DFFE_PP0P_'.
Generating RTLIL representation for module `$_DFFE_NP0P_'.
Generating RTLIL representation for module `$lut'.
Successfully finished Verilog frontend.

2.38.2. Continuing TECHMAP pass.
No more expansions possible.
<suppressed ~23 debug messages>

2.39. Executing OPT_LUT_INS pass (discard unused LUT inputs).
Optimizing LUTs in top.

2.40. Executing SETUNDEF pass (replace undef values with defined constants).

2.37.7. Executing TECHMAP pass (map to technology primitives).

2.37.7.1. Executing Verilog-2005 frontend: /opt/homebrew/bin/../share/yosys/abc9_map.v
Parsing Verilog input from `/opt/homebrew/bin/../share/yosys/abc9_map.v' to AST representation.
Successfully finished Verilog frontend.

2.37.7.2. Continuing TECHMAP pass.
No more expansions possible.

2.41. Executing HILOMAP pass (mapping to constant drivers).
<suppressed ~2 debug messages>

2.37.8. Executing Verilog-2005 frontend: /opt/homebrew/bin/../share/yosys/abc9_model.v
Parsing Verilog input from `/opt/homebrew/bin/../share/yosys/abc9_model.v' to AST representation.
Replacing existing blackbox module `$__ABC9_DELAY' at /opt/homebrew/bin/../share/yosys/abc9_model.v:2.1-7.10.
Generating RTLIL representation for module `$__ABC9_DELAY'.
Replacing existing blackbox module `$__ABC9_SCC_BREAKER' at /opt/homebrew/bin/../share/yosys/abc9_model.v:9.1-11.10.
Generating RTLIL representation for module `$__ABC9_SCC_BREAKER'.
Replacing existing module `$__DFF_N__$abc9_flop' at /opt/homebrew/bin/../share/yosys/abc9_model.v:14.1-20.10.
Generating RTLIL representation for module `$__DFF_N__$abc9_flop'.
Replacing existing module `$__DFF_P__$abc9_flop' at /opt/homebrew/bin/../share/yosys/abc9_model.v:23.1-29.10.
Generating RTLIL representation for module `$__DFF_P__$abc9_flop'.
Successfully finished Verilog frontend.

2.37.9. Executing ABC9_OPS pass (helper functions for ABC9).

2.37.10. Executing ABC9_OPS pass (helper functions for ABC9).

2.37.11. Executing ABC9_OPS pass (helper functions for ABC9).

2.42. Executing AUTONAME pass.
<suppressed ~2 debug messages>

2.37.12. Executing AIGMAP pass (map logic to AIG).
Renamed 9 objects in module top (4 iterations).
<suppressed ~9 debug messages>

2.43. Executing HIERARCHY pass (managing design hierarchy).
Attribute `top' found on module `top'. Setting top module to top.

2.43.1. Analyzing design hierarchy..
Top module:  \top

2.43.2. Analyzing design hierarchy..
Module top: replaced 0 cells with 0 new cells, skipped 6 cells.
  not replaced 3 cell types:
       2 IBUF
       1 TLVDS_TBUF
       3 OBUF

2.37.12.1. Executing ABC9_OPS pass (helper functions for ABC9).
Top module:  \top
Removed 0 unused modules.

2.44. Printing statistics.

2.37.12.2. Executing ABC9_OPS pass (helper functions for ABC9).

2.37.12.3. Executing XAIGER backend.

=== top ===

        +----------Local Count, excluding submodules.
        | 
       10 wires
       10 wire bits
       10 public wires
       10 public wire bits
        5 ports
        5 port bits
        6 cells
        4   IBUF
        1   OBUF
        1   TLVDS_IBUF

2.45. Executing CHECK pass (checking for obvious problems).
Checking module top...
Found and reported 0 problems.

2.46. Executing JSON backend.
<suppressed ~5 debug messages>
Extracted 0 AND gates and 11 wires from module `top' to a netlist network with 9 inputs and 7 outputs.

2.37.12.4. Executing ABC9_EXE pass (technology mapping using ABC9).

2.37.12.5. Executing ABC9.

End of script. Logfile hash: 5cd5f96539, CPU: user 0.41s system 0.06s, MEM: 32.05 MB peak
Yosys 0.63 (git sha1 70a11c6bf0e8dd669f56c7da3587f78b405138e2, clang++ 17.0.0 -fPIC -O3)
Time spent: 41% 19x read_verilog (0 sec), 17% 1x abc9_exe (0 sec), ...
yosys -p "read_verilog tlvds-iobuf-io.v; synth_gowin -json tlvds-iobuf-io-tangmega138k-synth.json -family gw5a -setundef"

End of script. Logfile hash: 468978b98d, CPU: user 0.40s system 0.06s, MEM: 32.31 MB peak
Yosys 0.63 (git sha1 70a11c6bf0e8dd669f56c7da3587f78b405138e2, clang++ 17.0.0 -fPIC -O3)
Time spent: 40% 19x read_verilog (0 sec), 17% 1x abc9_exe (0 sec), ...
yosys -p "read_verilog iodelay-static-io.v; synth_gowin -json iodelay-static-io-tangmega138k-synth.json -family gw5a -setundef"

 /----------------------------------------------------------------------------\
 |  yosys -- Yosys Open SYnthesis Suite                                       |
 |  Copyright (C) 2012 - 2026  Claire Xenia Wolf <claire@yosyshq.com>         |
 |  Distributed under an ISC-like license, type "license" to see terms        |
 \----------------------------------------------------------------------------/
 Yosys 0.63 (git sha1 70a11c6bf0e8dd669f56c7da3587f78b405138e2, clang++ 17.0.0 -fPIC -O3)

-- Running command `read_verilog tlvds-iobuf-io.v; synth_gowin -json tlvds-iobuf-io-tangmega138k-synth.json -family gw5a -setundef' --

1. Executing Verilog-2005 frontend: tlvds-iobuf-io.v
Parsing Verilog input from `tlvds-iobuf-io.v' to AST representation.
Generating RTLIL representation for module `\top'.
Successfully finished Verilog frontend.

2. Executing SYNTH_GOWIN pass.

2.1. Executing Verilog-2005 frontend: /opt/homebrew/bin/../share/yosys/gowin/cells_sim.v

 /----------------------------------------------------------------------------\
 |  yosys -- Yosys Open SYnthesis Suite                                       |
 |  Copyright (C) 2012 - 2026  Claire Xenia Wolf <claire@yosyshq.com>         |
 |  Distributed under an ISC-like license, type "license" to see terms        |
 \----------------------------------------------------------------------------/
 Yosys 0.63 (git sha1 70a11c6bf0e8dd669f56c7da3587f78b405138e2, clang++ 17.0.0 -fPIC -O3)

-- Running command `read_verilog iodelay-static-io.v; synth_gowin -json iodelay-static-io-tangmega138k-synth.json -family gw5a -setundef' --

1. Executing Verilog-2005 frontend: iodelay-static-io.v
Parsing Verilog input from `iodelay-static-io.v' to AST representation.
Generating RTLIL representation for module `\top'.
Successfully finished Verilog frontend.

2. Executing SYNTH_GOWIN pass.

2.1. Executing Verilog-2005 frontend: /opt/homebrew/bin/../share/yosys/gowin/cells_sim.v
Running ABC command: "<yosys-exe-dir>/yosys-abc" -s -f <abc-temp-dir>/abc.script 2>&1
ABC: ======== ABC command line "source <abc-temp-dir>/abc.script"
ABC: + read_lut <abc-temp-dir>/input.lut 
ABC: + read_box <abc-temp-dir>/input.box 
ABC: + &read <abc-temp-dir>/input.xaig 
ABC: + &ps 
ABC: <abc-temp-dir>/input : i/o =      9/      7  and =       0  lev =    0 (0.00)  mem = 0.00 MB  box = 0  bb = 0
ABC: + &scorr 
ABC: Warning: The network is combinational.
ABC: + &sweep 
ABC: + &dc2 
ABC: + &dch -f -r 
ABC: + &ps 
ABC: <abc-temp-dir>/input : i/o =      9/      7  and =       0  lev =    0 (0.00)  mem = 0.00 MB  ch =    0  box = 0  bb = 0
ABC: cst =       0  cls =      0  lit =       0  unused =       9  proof =     0
ABC: + &if -W 500 -v 
ABC: K = 8. Memory (bytes): Truth =    0. Cut =   68. Obj =  152. Set =  708. CutMin = no
ABC: Node =       0.  Ch =     0.  Total mem =    0.00 MB. Peak cut mem =    0.00 MB.
ABC: P:  Del =    0.00.  Ar =       0.0.  Edge =        0.  Cut =        0.  T =     0.00 sec
ABC: P:  Del =    0.00.  Ar =       0.0.  Edge =        0.  Cut =        0.  T =     0.00 sec
ABC: P:  Del =    0.00.  Ar =       0.0.  Edge =        0.  Cut =        0.  T =     0.00 sec
ABC: F:  Del =    0.00.  Ar =       0.0.  Edge =        0.  Cut =        0.  T =     0.00 sec
ABC: A:  Del =    0.00.  Ar =       0.0.  Edge =        0.  Cut =        0.  T =     0.00 sec
ABC: A:  Del =    0.00.  Ar =       0.0.  Edge =        0.  Cut =        0.  T =     0.00 sec
ABC: Total time =     0.00 sec
ABC: + &write -n <abc-temp-dir>/output.aig 
ABC: + &mfs 
ABC: Timing manager is given but there is no GIA of boxes.
ABC: Error: Abc_FrameUpdateGia(): Transformation has failed.
ABC: + &ps -l 
ABC: <abc-temp-dir>/input : i/o =      9/      7  and =       0  lev =    0 (0.00)  mem = 0.00 MB  box = 0  bb = 0
ABC: Mapping (K=0)  :  lut =      0  edge =       0  lev =    0 (0.00)  mem = 0.00 MB
ABC: LUT = 0 : Ave = 0.00
ABC: + &write -n <abc-temp-dir>/output.aig 
ABC: + &verify 
ABC: Networks are equivalent.  Time =     0.00 sec
ABC: + time 
ABC: elapse: 0.01 seconds, total: 0.01 seconds

2.37.12.6. Executing AIGER frontend.
<suppressed ~40 debug messages>
Removed 0 unused cells and 16 unused wires.

2.37.12.7. Executing ABC9_OPS pass (helper functions for ABC9).
ABC RESULTS:           input signals:        2
ABC RESULTS:          output signals:        7
Removing temp directory.

2.37.13. Executing TECHMAP pass (map to technology primitives).

2.37.13.1. Executing Verilog-2005 frontend: /opt/homebrew/bin/../share/yosys/abc9_unmap.v
Parsing Verilog input from `/opt/homebrew/bin/../share/yosys/abc9_unmap.v' to AST representation.
Generating RTLIL representation for module `$__DFF_x__$abc9_flop'.
Generating RTLIL representation for module `$__ABC9_SCC_BREAKER'.
Successfully finished Verilog frontend.

2.37.13.2. Continuing TECHMAP pass.
No more expansions possible.
Parsing Verilog input from `/opt/homebrew/bin/../share/yosys/gowin/cells_sim.v' to AST representation.
Generating RTLIL representation for module `\LUT1'.
Generating RTLIL representation for module `\LUT2'.
Generating RTLIL representation for module `\LUT3'.
Generating RTLIL representation for module `\LUT4'.
Generating RTLIL representation for module `\__APICULA_LUT5'.
Generating RTLIL representation for module `\__APICULA_LUT6'.
Generating RTLIL representation for module `\__APICULA_LUT7'.
Generating RTLIL representation for module `\__APICULA_LUT8'.
Generating RTLIL representation for module `\MUX2'.
Generating RTLIL representation for module `\MUX2_LUT5'.
Generating RTLIL representation for module `\MUX2_LUT6'.
Generating RTLIL representation for module `\MUX2_LUT7'.
Generating RTLIL representation for module `\MUX2_LUT8'.
Generating RTLIL representation for module `\DFF'.
Generating RTLIL representation for module `\DFFE'.
Generating RTLIL representation for module `\DFFS'.
Generating RTLIL representation for module `\DFFSE'.
Generating RTLIL representation for module `\DFFR'.
Generating RTLIL representation for module `\DFFRE'.
Generating RTLIL representation for module `\DFFP'.
Generating RTLIL representation for module `\DFFPE'.
Generating RTLIL representation for module `\DFFC'.
Generating RTLIL representation for module `\DFFCE'.
Generating RTLIL representation for module `\DFFN'.
Generating RTLIL representation for module `\DFFNE'.
Generating RTLIL representation for module `\DFFNS'.
Generating RTLIL representation for module `\DFFNSE'.
Generating RTLIL representation for module `\DFFNR'.
Generating RTLIL representation for module `\DFFNRE'.
Generating RTLIL representation for module `\DFFNP'.
Generating RTLIL representation for module `\DFFNPE'.
Generating RTLIL representation for module `\DFFNC'.
Generating RTLIL representation for module `\DFFNCE'.
Generating RTLIL representation for module `\VCC'.
Generating RTLIL representation for module `\GND'.
Generating RTLIL representation for module `\IBUF'.
Generating RTLIL representation for module `\OBUF'.
Generating RTLIL representation for module `\TBUF'.
Generating RTLIL representation for module `\IOBUF'.
Generating RTLIL representation for module `\ELVDS_OBUF'.
Generating RTLIL representation for module `\TLVDS_OBUF'.
Generating RTLIL representation for module `\OSER4'.
Generating RTLIL representation for module `\OSER4_MEM'.
Generating RTLIL representation for module `\OSER8'.
Generating RTLIL representation for module `\OSER10'.
Generating RTLIL representation for module `\OVIDEO'.
Generating RTLIL representation for module `\OSER16'.
Generating RTLIL representation for module `\IDES4'.
Generating RTLIL representation for module `\IDES4_MEM'.
Generating RTLIL representation for module `\IDES8'.
Generating RTLIL representation for module `\IDES10'.
Generating RTLIL representation for module `\IVIDEO'.
Generating RTLIL representation for module `\IDES16'.
Generating RTLIL representation for module `\IDDR'.
Generating RTLIL representation for module `\IDDRC'.
Generating RTLIL representation for module `\DQS'.
Generating RTLIL representation for module `\ODDR'.
Generating RTLIL representation for module `\ODDRC'.
Generating RTLIL representation for module `\GSR'.
Generating RTLIL representation for module `\BANDGAP'.
Generating RTLIL representation for module `\ALU'.
Generating RTLIL representation for module `\RAM16S1'.
Generating RTLIL representation for module `\RAM16S2'.
Generating RTLIL representation for module `\RAM16S4'.
Generating RTLIL representation for module `\RAM16SDP1'.
Generating RTLIL representation for module `\RAM16SDP2'.
Generating RTLIL representation for module `\RAM16SDP4'.
Generating RTLIL representation for module `\SP'.
Generating RTLIL representation for module `\SPX9'.
Generating RTLIL representation for module `\SDP'.
Generating RTLIL representation for module `\SDPX9'.
Generating RTLIL representation for module `\DP'.
Generating RTLIL representation for module `\DPX9'.
Generating RTLIL representation for module `\rPLL'.
Generating<suppressed ~5 debug messages>
 RTLIL representation for module `\PLLVR'.
Generating RTLIL representation for module `\OSC'.
Generating RTLIL representation for module `\OSCZ'.
Generating RTLIL representation for module `\OSCF'.
Generating RTLIL representation for module `\OSCH'.
Generating RTLIL representation for module `\OSCW'.
Generating RTLIL representation for module `\OSCO'.
Generating RTLIL representation for module `\EMCU'.
Successfully finished Verilog frontend.

2.2. Executing Verilog-2005 frontend: /opt/homebrew/bin/../share/yosys/gowin/cells_xtra_gw5a.v
Removed 0 unused cells and 9 unused wires.

2.38. Executing TECHMAP pass (map to technology primitives).

2.38.1. Executing Verilog-2005 frontend: /opt/homebrew/bin/../share/yosys/gowin/cells_map.v
Parsing Verilog input from `/opt/homebrew/bin/../share/yosys/gowin/cells_map.v' to AST representation.
Generating RTLIL representation for module `$_DFF_N_'.
Generating RTLIL representation for module `$_DFF_P_'.
Generating RTLIL representation for module `$_DFFE_PP_'.
Generating RTLIL representation for module `$_DFFE_NP_'.
Generating RTLIL representation for module `$_SDFF_PP0_'.
Generating RTLIL representation for module `$_SDFF_NP0_'.
Generating RTLIL representation for module `$_SDFFE_PP0P_'.
Generating RTLIL representation for module `$_SDFFE_NP0P_'.
Generating RTLIL representation for module `$_SDFF_PP1_'.
Generating RTLIL representation for module `$_SDFF_NP1_'.
Generating RTLIL representation for module `$_SDFFE_PP1P_'.
Generating RTLIL representation for module `$_SDFFE_NP1P_'.
Generating RTLIL representation for module `$_DFF_PP1_'.
Generating RTLIL representation for module `$_DFF_NP1_'.
Generating RTLIL representation for module `$_DFF_PP0_'.
Generating RTLIL representation for module `$_DFF_NP0_'.
Generating RTLIL representation for module `$_DFFE_PP1P_'.
Generating RTLIL representation for module `$_DFFE_NP1P_'.
Generating RTLIL representation for module `$_DFFE_PP0P_'.
Generating RTLIL representation for module `$_DFFE_NP0P_'.
Generating RTLIL representation for module `$lut'.
Successfully finished Verilog frontend.

2.38.2. Continuing TECHMAP pass.
No more expansions possible.
<suppressed ~23 debug messages>

2.39. Executing OPT_LUT_INS pass (discard unused LUT inputs).
Optimizing LUTs in top.

2.40. Executing SETUNDEF pass (replace undef values with defined constants).

2.41. Executing HILOMAP pass (mapping to constant drivers).

2.42. Executing AUTONAME pass.
Renamed 9 objects in module top (7 iterations).
<suppressed ~9 debug messages>

2.43. Executing HIERARCHY pass (managing design hierarchy).
Attribute `top' found on module `top'. Setting top module to top.

2.43.1. Analyzing design hierarchy..
Top module:  \top

2.43.2. Analyzing design hierarchy..
Top module:  \top
Removed 0 unused modules.

2.44. Printing statistics.

=== top ===

        +----------Local Count, excluding submodules.
        | 
        9 wires
        9 wire bits
        9 public wires
        9 public wire bits
        5 ports
        5 port bits
        6 cells
        2   IBUF
        3   OBUF
        1   TLVDS_TBUF

2.45. Executing CHECK pass (checking for obvious problems).
Checking module top...
Found and reported 0 problems.

2.46. Executing JSON backend.
Parsing Verilog input from `/opt/homebrew/bin/../share/yosys/gowin/cells_sim.v' to AST representation.
Generating RTLIL representation for module `\LUT1'.
Generating RTLIL representation for module `\LUT2'.
Generating RTLIL representation for module `\LUT3'.
Generating RTLIL representation for module `\LUT4'.
Generating RTLIL representation for module `\__APICULA_LUT5'.
Generating RTLIL representation for module `\__APICULA_LUT6'.
Generating RTLIL representation for module `\__APICULA_LUT7'.
Generating RTLIL representation for module `\__APICULA_LUT8'.
Generating RTLIL representation for module `\MUX2'.
Generating RTLIL representation for module `\MUX2_LUT5'.
Generating RTLIL representation for module `\MUX2_LUT6'.
Generating RTLIL representation for module `\MUX2_LUT7'.
Generating RTLIL representation for module `\MUX2_LUT8'.
Generating RTLIL representation for module `\DFF'.
Generating RTLIL representation for module `\DFFE'.
Generating RTLIL representation for module `\DFFS'.
Generating RTLIL representation for module `\DFFSE'.
Generating RTLIL representation for module `\DFFR'.
Generating RTLIL representation for module `\DFFRE'.
Generating RTLIL representation for module `\DFFP'.
Generating RTLIL representation for module `\DFFPE'.
Generating RTLIL representation for module `\DFFC'.
Generating RTLIL representation for module `\DFFCE'.
Generating RTLIL representation for module `\DFFN'.
Generating RTLIL representation for module `\DFFNE'.
Generating RTLIL representation for module `\DFFNS'.
Generating RTLIL representation for module `\DFFNSE'.
Generating RTLIL representation for module `\DFFNR'.
Generating RTLIL representation for module `\DFFNRE'.
Generating RTLIL representation for module `\DFFNP'.
Generating RTLIL representation for module `\DFFNPE'.
Generating RTLIL representation for module `\DFFNC'.
Generating RTLIL representation for module `\DFFNCE'.
Generating RTLIL representation for module `\VCC'.
Generating RTLIL representation for module `\GND'.
Generating RTLIL representation for module `\IBUF'.
Generating RTLIL representation for module `\OBUF'.
Generating RTLIL representation for module `\TBUF'.
Generating RTLIL representation for module `\IOBUF'.
Generating RTLIL representation for module `\ELVDS_OBUF'.
Generating RTLIL representation for module `\TLVDS_OBUF'.
Generating RTLIL representation for module `\OSER4'.
Generating RTLIL representation for module `\OSER4_MEM'.
Generating RTLIL representation for module `\OSER8'.
Generating RTLIL representation for module `\OSER10'.
Generating RTLIL representation for module `\OVIDEO'.
Generating RTLIL representation for module `\OSER16'.
Generating RTLIL representation for module `\IDES4'.
Generating RTLIL representation for module `\IDES4_MEM'.
Generating RTLIL representation for module `\IDES8'.
Generating RTLIL representation for module `\IDES10'.
Generating RTLIL representation for module `\IVIDEO'.
Generating RTLIL representation for module `\IDES16'.
Generating RTLIL representation for module `\IDDR'.
Generating RTLIL representation for module `\IDDRC'.
Generating RTLIL representation for module `\DQS'.
Generating RTLIL representation for module `\ODDR'.
Generating RTLIL representation for module `\ODDRC'.
Generating RTLIL representation for module `\GSR'.
Generating RTLIL representation for module `\BANDGAP'.
Generating RTLIL representation for module `\ALU'.
Generating RTLIL representation for module `\RAM16S1'.
Generating RTLIL representation for module `\RAM16S2'.
Generating RTLIL representation for module `\RAM16S4'.
Generating RTLIL representation for module `\RAM16SDP1'.
Generating RTLIL representation for module `\RAM16SDP2'.
Generating RTLIL representation for module `\RAM16SDP4'.
Generating RTLIL representation for module `\SP'.
Generating RTLIL representation for module `\SPX9'.
Generating RTLIL representation for module `\SDP'.
Generating RTLIL representation for module `\SDPX9'.
Generating RTLIL representation for module `\DP'.
Generating RTLIL representation for module `\DPX9'.
Generating RTLIL representation for module `\rPLL'.
Generating RTLIL representation for module `\PLLVR'.
Generating RTLIL representation for module `\OSC'.
Generating RTLIL representation for module `\OSCZ'.
Generating RTLIL representation for module `\OSCF'.
Generating RTLIL representation for module `\OSCH'.
Generating RTLIL representation for module `\OSCW'.
Generating RTLIL representation for module `\OSCO'.
Generating RTLIL representation for module `\EMCU'.
Successfully finished Verilog frontend.

2.2. Executing Verilog-2005 frontend: /opt/homebrew/bin/../share/yosys/gowin/cells_xtra_gw5a.v
Parsing Verilog input from `/opt/homebrew/bin/../share/yosys/gowin/cells_xtra_gw5a.v' to AST representation.
Generating RTLIL representation for module `\LUT5'.
Generating RTLIL representation for module `\LUT6'.
Generating RTLIL representation for module `\LUT7'.
Generating RTLIL representation for module `\LUT8'.
Generating RTLIL representation for module `\ROM16'.
Generating RTLIL representation for module `\INV'.
Generating RTLIL representation for module `\TLVDS_IBUF'.
Generating RTLIL representation for module `\TLVDS_TBUF'.
Generating RTLIL representation for module `\TLVDS_IOBUF'.
Generating RTLIL representation for module `\ELVDS_TBUF'.
Generating RTLIL representation for module `\ELVDS_IOBUF'.
Generating RTLIL representation for module `\MIPI_IBUF'.
Generating RTLIL representation for module `\MIPI_OBUF_A'.
Generating RTLIL representation for module `\ELVDS_IOBUF_R'.
Generating RTLIL representation for module `\I3C_IOBUF'.
Generating RTLIL representation for module `\TLVDS_IBUF_ADC'.
Generating RTLIL representation for module `\MIPI_CPHY_IBUF'.
Generating RTLIL representation for module `\MIPI_CPHY_OBUF'.
Generating RTLIL representation for module `\SDPB'.
Generating RTLIL representation for module `\SDPX9B'.
Generating RTLIL representation for module `\DPB'.
Generating RTLIL representation for module `\DPX9B'.
Generating RTLIL representation for module `\pROM'.
Generating RTLIL representation for module `\pROMX9'.
Generating RTLIL representation for module `\SDP36KE'.
Generating RTLIL representation for module `\SDP136K'.
Generating RTLIL representation for module `\MULTADDALU12X12'.
Generating RTLIL representation for module `\MULTALU27X18'.
Generating RTLIL representation for module `\MULT12X12'.
Generating RTLIL representation for module `\MULT27X36'.
Generating RTLIL representation for module `\MULTACC'.
Generating RTLIL representation for module `\IDDR_MEM'.
Generating RTLIL representation for module `\ODDR_MEM'.
Replacing existing blackbox module `\IDES4_MEM' at /opt/homebrew/bin/../share/yosys/gowin/cells_xtra_gw5a.v:1033.1-1038.10.
Generating RTLIL representation for module `\IDES4_MEM'.
Generating RTLIL representation for module `\IDES8_MEM'.
Generating RTLIL representation for module `\IDES14'.
Generating RTLIL representation for module `\IDES32'.
Replacing existing blackbox module `\OSER4_MEM' at /opt/homebrew/bin/../share/yosys/gowin/cells_xtra_gw5a.v:1062.1-1070.10.
Generating RTLIL representation for module `\OSER4_MEM'.
Generating RTLIL representation for module `\OSER8_MEM'.
Generating RTLIL representation for module `\OSER14'.
Generating RTLIL representation for module `\IODELAY'.
Generating RTLIL representation for module `\OSIDES32'.
Generating RTLIL representation for module `\OSIDES64'.
Generating RTLIL representation for module `\DCE'.
Generating RTLIL representation for module `\DCS'.
Generating RTLIL representation for module `\DDRDLL'.
Generating RTLIL representation for module `\DLLDLY'.
Generating RTLIL representation for module `\CLKDIV'.
Generating RTLIL representation for module `\CLKDIV2'.
Generating RTLIL representation for module `\DHCE'.
Generating RTLIL representation for module `\OSCA'.
Generating RTLIL representation for module `\OSCB'.
Generating RTLIL representation for module `\PLL'.
Generating RTLIL representation for module `\PLLA'.
Generating RTLIL representation for module `\AE350_SOC'.
Generating RTLIL representation for module `\AE350_RAM'.
Generating RTLIL representation for module `\SAMB'.
Generating RTLIL representation for module `\OTP'.
Generating RTLIL representation for module `\CMSER'.
Generating RTLIL representation for module `\CMSERA'.
Generating RTLIL representation for module `\CMSERB'.
Generating RTLIL representation for module `\SAMBA'.
Generating RTLIL representation for module `\LICD'.
Generating RTLIL representation for module `\MIPI_DPHY'.
Generating RTLIL representation for module `\MIPI_DPHYA'.
Generating RTLIL representation for module `\MIPI_CPHY'.
Generating RTLIL representation for module `\GTR12_QUAD'.
Generating RTLIL representation for module `\GTR12_UPAR'.
Generating RTLIL representation for module `\GTR12_PMAC'.
Generating RTLIL representation for module `\GTR12_QUADA'.
Generating RTLIL representation for module `\GTR12_UPARA'.
Generating RTLIL representation for module `\GTR12_PMACA'.
Generating RTLIL representation for module `\GTR12_QUADB'.
Replacing existing blackbox module `\DQS' at /opt/homebrew/bin/../share/yosys/gowin/cells_xtra_gw5a.v:2512.1-2527.10.
Generating RTLIL representation for module `\DQS'.
Generating RTLIL representation for module `\ADCLRC'.
Generating RTLIL representation for module `\ADCULC'.
Generating RTLIL representation for module `\ADC'.
Generating RTLIL representation for module `\ADC_SAR'.
Generating RTLIL representation for module `\ADCA'.
Successfully finished Verilog frontend.

2.3. Executing HIERARCHY pass (managing design hierarchy).

2.3.1. Finding top of design hierarchy..
root of   1 design levels: top                 
Automatically selected top as design top module.

2.3.2. Analyzing design hierarchy..
Top module:  \top

2.3.3. Analyzing design hierarchy..
Top module:  \top
Removed 0 unused modules.

2.4. Executing PROC pass (convert processes to netlists).

2.4.1. Executing PROC_CLEAN pass (remove empty switches from decision trees).
Cleaned up 0 empty switches.

2.4.2. Executing PROC_RMDEAD pass (remove dead branches from decision trees).
Removed a total of 0 dead cases.

2.4.3. Executing PROC_PRUNE pass (remove redundant assignments in processes).
Removed 0 redundant assignments.
Promoted 0 assignments to connections.

2.4.4. Executing PROC_INIT pass (extract init attributes).

2.4.5. Executing PROC_ARST pass (detect async resets in processes).

2.4.6. Executing PROC_ROM pass (convert switches to ROMs).
Converted 0 switches.

2.4.7. Executing PROC_MUX pass (convert decision trees to multiplexers).

2.4.8. Executing PROC_DLATCH pass (convert process syncs to latches).

2.4.9. Executing PROC_DFF pass (convert process syncs to FFs).

2.4.10. Executing PROC_MEMWR pass (convert process memory writes to cells).

2.4.11. Executing PROC_CLEAN pass (remove empty switches from decision trees).
Cleaned up 0 empty switches.

2.4.12. Executing OPT_EXPR pass (perform const folding).
Optimizing module top.

2.5. Executing FLATTEN pass (flatten design).

2.6. Executing TRIBUF pass.

2.7. Executing DEMINOUT pass (demote inout ports to input or output).

2.8. Executing OPT_EXPR pass (perform const folding).
Optimizing module top.

2.9. Executing OPT_CLEAN pass (remove unused cells and wires).
Finding unused cells or wires in module \top..

2.10. Executing CHECK pass (checking for obvious problems).
Checking module top...
Found and reported 0 problems.

2.11. Executing OPT pass (performing simple optimizations).

2.11.1. Executing OPT_EXPR pass (perform const folding).
Optimizing module top.

2.11.2. Executing OPT_MERGE pass (detect identical cells).
Finding identical cells in module `\top'.
Computing hashes of 1 cells of `\top'.
Finding duplicate cells in `\top'.
Removed a total of 0 cells.

2.11.3. Executing OPT_MUXTREE pass (detect dead branches in mux trees).
Running muxtree optimizer on module \top..
  Creating internal representation of mux trees.
  No muxes found in this module.
Removed 0 multiplexer ports.

2.11.4. Executing OPT_REDUCE pass (consolidate $*mux and $reduce_* inputs).
  Optimizing cells in module \top.
Performed a total of 0 changes.

2.11.5. Executing OPT_MERGE pass (detect identical cells).
Finding identical cells in module `\top'.
Computing hashes of 1 cells of `\top'.
Finding duplicate cells in `\top'.
Removed a total of 0 cells.

2.11.6. Executing OPT_DFF pass (perform DFF optimizations).

2.11.7. Executing OPT_CLEAN pass (remove unused cells and wires).
Finding unused cells or wires in module \top..

2.11.8. Executing OPT_EXPR pass (perform const folding).
Optimizing module top.

2.11.9. Finished fast OPT passes. (There is nothing left to do.)

2.12. Executing FSM pass (extract and optimize FSM).

2.12.1. Executing FSM_DETECT pass (finding FSMs in design).

2.12.2. Executing FSM_EXTRACT pass (extracting FSM from design).

2.12.3. Executing FSM_OPT pass (simple optimizations of FSMs).

2.12.4. Executing OPT_CLEAN pass (remove unused cells and wires).
Finding unused cells or wires in module \top..

2.12.5. Executing FSM_OPT pass (simple optimizations of FSMs).

2.12.6. Executing FSM_RECODE pass (re-assigning FSM state encoding).

2.12.7. Executing FSM_INFO pass (dumping all available information on FSM cells).

2.12.8. Executing FSM_MAP pass (mapping FSMs to basic logic).

2.13. Executing OPT pass (performing simple optimizations).

2.13.1. Executing OPT_EXPR pass (perform const folding).
Optimizing module top.

2.13.2. Executing OPT_MERGE pass (detect identical cells).
Finding identical cells in module `\top'.
Computing hashes of 1 cells of `\top'.
Finding duplicate cells in `\top'.
Removed a total of 0 cells.

2.13.3. Executing OPT_MUXTREE pass (detect dead branches in mux trees).
Running muxtree optimizer on module \top..
  Creating internal representation of mux trees.
  No muxes found in this module.
Removed 0 multiplexer ports.

2.13.4. Executing OPT_REDUCE pass (consolidate $*mux and $reduce_* inputs).
  Optimizing cells in module \top.
Performed a total of 0 changes.

2.13.5. Executing OPT_MERGE pass (detect identical cells).
Finding identical cells in module `\top'.
Computing hashes of 1 cells of `\top'.
Finding duplicate cells in `\top'.
Removed a total of 0 cells.

2.13.6. Executing OPT_DFF pass (perform DFF optimizations).

2.13.7. Executing OPT_CLEAN pass (remove unused cells and wires).
Finding unused cells or wires in module \top..

2.13.8. Executing OPT_EXPR pass (perform const folding).
Optimizing module top.

2.13.9. Finished fast OPT passes. (There is nothing left to do.)

2.14. Executing WREDUCE pass (reducing word size of cells).

2.15. Executing PEEPOPT pass (run peephole optimizers).

2.16. Executing OPT_CLEAN pass (remove unused cells and wires).
Finding unused cells or wires in module \top..

2.17. Executing SHARE pass (SAT-based resource sharing).

2.18. Executing ALUMACC pass (create $alu and $macc cells).
Extracting $alu and $macc cells in module top:
  created 0 $alu and 0 $macc cells.

2.19. Executing OPT pass (performing simple optimizations).

2.19.1. Executing OPT_EXPR pass (perform const folding).

End of script. Logfile hash: c5f1d542cb, CPU: user 0.40s system 0.06s, MEM: 32.11 MB peak
Yosys 0.63 (git sha1 70a11c6bf0e8dd669f56c7da3587f78b405138e2, clang++ 17.0.0 -fPIC -O3)
Time spent: 42% 19x read_verilog (0 sec), 16% 1x abc9_exe (0 sec), ...
Optimizing module top.

2.19.2. Executing OPT_MERGE pass (detect identical cells).
Finding identical cells in module `\top'.
Computing hashes of 1 cells of `\top'.
Finding duplicate cells in `\top'.
Removed a total of 0 cells.

2.19.3. Executing OPT_MUXTREE pass (detect dead branches in mux trees).
Running muxtree optimizer on module \top..
  Creating internal representation of mux trees.
  No muxes found in this module.
Removed 0 multiplexer ports.

2.19.4. Executing OPT_REDUCE pass (consolidate $*mux and $reduce_* inputs).
  Optimizing cells in module \top.
Performed a total of 0 changes.

2.19.5. Executing OPT_MERGE pass (detect identical cells).
Finding identical cells in module `\top'.
Computing hashes of 1 cells of `\top'.
Finding duplicate cells in `\top'.
Removed a total of 0 cells.

2.19.6. Executing OPT_DFF pass (perform DFF optimizations).

2.19.7. Executing OPT_CLEAN pass (remove unused cells and wires).
yosys -p "read_verilog adclrc-io.v; synth_gowin -json adclrc-io-tangmega138k-synth.json -family gw5a -setundef"
Finding unused cells or wires in module \top..

2.19.8. Executing OPT_EXPR pass (perform const folding).
Optimizing module top.

2.19.9. Finished fast OPT passes. (There is nothing left to do.)

2.20. Executing MEMORY pass.

2.20.1. Executing OPT_MEM pass (optimize memories).
Performed a total of 0 transformations.

2.20.2. Executing OPT_MEM_PRIORITY pass (removing unnecessary memory write priority relations).
Performed a total of 0 transformations.

2.20.3. Executing OPT_MEM_FEEDBACK pass (finding memory read-to-write feedback paths).

2.20.4. Executing MEMORY_BMUX2ROM pass (converting muxes to ROMs).

2.20.5. Executing MEMORY_DFF pass (merging $dff cells to $memrd).

2.20.6. Executing OPT_CLEAN pass (remove unused cells and wires).
Finding unused cells or wires in module \top..

2.20.7. Executing MEMORY_SHARE pass (consolidating $memrd/$memwr cells).

2.20.8. Executing OPT_MEM_WIDEN pass (optimize memories where all ports are wide).
Performed a total of 0 transformations.

2.20.9. Executing OPT_CLEAN pass (remove unused cells and wires).
Finding unused cells or wires in module \top..

2.20.10. Executing MEMORY_COLLECT pass (generating $mem cells).

2.21. Executing OPT_CLEAN pass (remove unused cells and wires).
Finding unused cells or wires in module \top..

2.22. Executing MEMORY_LIBMAP pass (mapping memories to cells).

2.23. Executing TECHMAP pass (map to technology primitives).

2.23.1. Executing Verilog-2005 frontend: /opt/homebrew/bin/../share/yosys/gowin/lutrams_map.v

 /----------------------------------------------------------------------------\
 |  yosys -- Yosys Open SYnthesis Suite                                       |
 |  Copyright (C) 2012 - 2026  Claire Xenia Wolf <claire@yosyshq.com>         |
 |  Distributed under an ISC-like license, type "license" to see terms        |
 \----------------------------------------------------------------------------/
 Yosys 0.63 (git sha1 70a11c6bf0e8dd669f56c7da3587f78b405138e2, clang++ 17.0.0 -fPIC -O3)

-- Running command `read_verilog adclrc-io.v; synth_gowin -json adclrc-io-tangmega138k-synth.json -family gw5a -setundef' --

1. Executing Verilog-2005 frontend: adclrc-io.v
Parsing Verilog input from `adclrc-io.v' to AST representation.
Generating RTLIL representation for module `\top'.
Successfully finished Verilog frontend.

2. Executing SYNTH_GOWIN pass.

2.1. Executing Verilog-2005 frontend: /opt/homebrew/bin/../share/yosys/gowin/cells_sim.v
Parsing Verilog input from `/opt/homebrew/bin/../share/yosys/gowin/lutrams_map.v' to AST representation.
Generating RTLIL representation for module `$__GOWIN_LUTRAM_'.
Successfully finished Verilog frontend.

2.23.2. Executing Verilog-2005 frontend: /opt/homebrew/bin/../share/yosys/gowin/brams_map_gw5a.v
Parsing Verilog input from `/opt/homebrew/bin/../share/yosys/gowin/cells_xtra_gw5a.v' to AST representation.
Generating RTLIL representation for module `\LUT5'.
Generating RTLIL representation for module `\LUT6'.
Generating RTLIL representation for module `\LUT7'.
Generating RTLIL representation for module `\LUT8'.
Generating RTLIL representation for module `\ROM16'.
Generating RTLIL representation for module `\INV'.
Generating RTLIL representation for module `\TLVDS_IBUF'.
Generating RTLIL representation for module `\TLVDS_TBUF'.
Generating RTLIL representation for module `\TLVDS_IOBUF'.
Generating RTLIL representation for module `\ELVDS_TBUF'.
Generating RTLIL representation for module `\ELVDS_IOBUF'.
Generating RTLIL representation for module `\MIPI_IBUF'.
Generating RTLIL representation for module `\MIPI_OBUF_A'.
Generating RTLIL representation for module `\ELVDS_IOBUF_R'.
Generating RTLIL representation for module `\I3C_IOBUF'.
Generating RTLIL representation for module `\TLVDS_IBUF_ADC'.
Generating RTLIL representation for module `\MIPI_CPHY_IBUF'.
Generating RTLIL representation for module `\MIPI_CPHY_OBUF'.
Generating RTLIL representation for module `\SDPB'.
Generating RTLIL representation for module `\SDPX9B'.
Generating RTLIL representation for module `\DPB'.
Generating RTLIL representation for module `\DPX9B'.
Generating RTLIL representation for module `\pROM'.
Generating RTLIL representation for module `\pROMX9'.
Generating RTLIL representation for module `\SDP36KE'.
Generating RTLIL representation for module `\SDP136K'.
Generating RTLIL representation for module `\MULTADDALU12X12'.
Generating RTLIL representation for module `\MULTALU27X18'.
Generating RTLIL representation for module `\MULT12X12'.
Generating RTLIL representation for module `\MULT27X36'.
Generating RTLIL representation for module `\MULTACC'.
Generating RTLIL representation for module `\IDDR_MEM'.
Generating RTLIL representation for module `\ODDR_MEM'.
Replacing existing blackbox module `\IDES4_MEM' at /opt/homebrew/bin/../share/yosys/gowin/cells_xtra_gw5a.v:1033.1-1038.10.
Generating RTLIL representation for module `\IDES4_MEM'.
Generating RTLIL representation for module `\IDES8_MEM'.
Generating RTLIL representation for module `\IDES14'.
Generating RTLIL representation for module `\IDES32'.
Replacing existing blackbox module `\OSER4_MEM' at /opt/homebrew/bin/../share/yosys/gowin/cells_xtra_gw5a.v:1062.1-1070.10.
Generating RTLIL representation for module `\OSER4_MEM'.
Generating RTLIL representation for module `\OSER8_MEM'.
Generating RTLIL representation for module `\OSER14'.
Generating RTLIL representation for module `\IODELAY'.
Generating RTLIL representation for module `\OSIDES32'.
Generating RTLIL representation for module `\OSIDES64'.
Generating RTLIL representation for module `\DCE'.
Generating RTLIL representation for module `\DCS'.
Generating RTLIL representation for module `\DDRDLL'.
Generating RTLIL representation for module `\DLLDLY'.
Generating RTLIL representation for module `\CLKDIV'.
Generating RTLIL representation for module `\CLKDIV2'.
Generating RTLIL representation for module `\DHCE'.
Generating RTLIL representation for module `\OSCA'.
Generating RTLIL representation for module `\OSCB'.
Generating RTLIL representation for module `\PLL'.
Generating RTLIL representation for module `\PLLA'.
Generating RTLIL representation for module `\AE350_SOC'.
Generating RTLIL representation for module `\AE350_RAM'.
Generating RTLIL representation for module `\SAMB'.
Generating RTLIL representation for module `\OTP'.
Generating RTLIL representation for module `\CMSER'.
Generating RTLIL representation for module `\CMSERA'.
Generating RTLIL representation for module `\CMSERB'.
Generating RTLIL representation for module `\SAMBA'.
Generating RTLIL representation for module `\LICD'.
Generating RTLIL representation for module `\MIPI_DPHY'.
Generating RTLIL representation for module `\MIPI_DPHYA'.
Generating RTLIL representation for module `\MIPI_CPHY'.
Generating RTLIL representation for module `\GTR12_QUAD'.
Generating RTLIL representation for module `\GTR12_UPAR'.
Generating RTLIL representation for module `\GTR12_PMAC'.
Generating RTLIL representation for module `\GTR12_QUADA'.
Generating RTLIL representation for module `\GTR12_UPARA'.
Generating RTLIL representation for module `\GTR12_PMACA'.
Generating RTLIL representation for module `\GTR12_QUADB'.
Replacing existing blackbox module `\DQS' at /opt/homebrew/bin/../share/yosys/gowin/cells_xtra_gw5a.v:2512.1-2527.10.
Generating RTLIL representation for module `\DQS'.
Generating RTLIL representation for module `\ADCLRC'.
Generating RTLIL representation for module `\ADCULC'.
Generating RTLIL representation for module `\ADC'.
Generating RTLIL representation for module `\ADC_SAR'.
Generating RTLIL representation for module `\ADCA'.
Successfully finished Verilog frontend.

2.3. Executing HIERARCHY pass (managing design hierarchy).

2.3.1. Finding top of design hierarchy..
root of   1 design levels: top                 
Automatically selected top as design top module.

2.3.2. Analyzing design hierarchy..
Top module:  \top

2.3.3. Analyzing design hierarchy..
Top module:  \top
Removed 0 unused modules.

2.4. Executing PROC pass (convert processes to netlists).

2.4.1. Executing PROC_CLEAN pass (remove empty switches from decision trees).
Cleaned up 0 empty switches.

2.4.2. Executing PROC_RMDEAD pass (remove dead branches from decision trees).
Removed a total of 0 dead cases.

2.4.3. Executing PROC_PRUNE pass (remove redundant assignments in processes).
Removed 0 redundant assignments.
Promoted 0 assignments to connections.

2.4.4. Executing PROC_INIT pass (extract init attributes).

2.4.5. Executing PROC_ARST pass (detect async resets in processes).

2.4.6. Executing PROC_ROM pass (convert switches to ROMs).
Converted 0 switches.

2.4.7. Executing PROC_MUX pass (convert decision trees to multiplexers).

2.4.8. Executing PROC_DLATCH pass (convert process syncs to latches).

2.4.9. Executing PROC_DFF pass (convert process syncs to FFs).

2.4.10. Executing PROC_MEMWR pass (convert process memory writes to cells).

2.4.11. Executing PROC_CLEAN pass (remove empty switches from decision trees).
Cleaned up 0 empty switches.

2.4.12. Executing OPT_EXPR pass (perform const folding).
Optimizing module top.

2.5. Executing FLATTEN pass (flatten design).

2.6. Executing TRIBUF pass.

2.7. Executing DEMINOUT pass (demote inout ports to input or output).

2.8. Executing OPT_EXPR pass (perform const folding).
Optimizing module top.

2.9. Executing OPT_CLEAN pass (remove unused cells and wires).
Finding unused cells or wires in module \top..

2.10. Executing CHECK pass (checking for obvious problems).
Checking module top...
Found and reported 0 problems.

2.11. Executing OPT pass (performing simple optimizations).

2.11.1. Executing OPT_EXPR pass (perform const folding).
Optimizing module top.

2.11.2. Executing OPT_MERGE pass (detect identical cells).
Finding identical cells in module `\top'.
Computing hashes of 2 cells of `\top'.
Finding duplicate cells in `\top'.
Removed a total of 0 cells.

2.11.3. Executing OPT_MUXTREE pass (detect dead branches in mux trees).
Running muxtree optimizer on module \top..
  Creating internal representation of mux trees.
  No muxes found in this module.
Removed 0 multiplexer ports.

2.11.4. Executing OPT_REDUCE pass (consolidate $*mux and $reduce_* inputs).
  Optimizing cells in module \top.
Performed a total of 0 changes.

2.11.5. Executing OPT_MERGE pass (detect identical cells).
Finding identical cells in module `\top'.
Computing hashes of 2 cells of `\top'.
Finding duplicate cells in `\top'.
Removed a total of 0 cells.

2.11.6. Executing OPT_DFF pass (perform DFF optimizations).

2.11.7. Executing OPT_CLEAN pass (remove unused cells and wires).
Finding unused cells or wires in module \top..

2.11.8. Executing OPT_EXPR pass (perform const folding).
Optimizing module top.

2.11.9. Finished fast OPT passes. (There is nothing left to do.)

2.12. Executing FSM pass (extract and optimize FSM).

2.12.1. Executing FSM_DETECT pass (finding FSMs in design).

2.12.2. Executing FSM_EXTRACT pass (extracting FSM from design).

2.12.3. Executing FSM_OPT pass (simple optimizations of FSMs).

2.12.4. Executing OPT_CLEAN pass (remove unused cells and wires).
Parsing Verilog input from `/opt/homebrew/bin/../share/yosys/gowin/brams_map_gw5a.v' to AST representation.
Generating RTLIL representation for module `$__GOWIN_SP_'.
Generating RTLIL representation for module `$__GOWIN_DP_'.
Generating RTLIL representation for module `$__GOWIN_SDP_'.
Successfully finished Verilog frontend.

2.23.3. Continuing TECHMAP pass.
No more expansions possible.
<suppressed ~6 debug messages>

2.24. Executing OPT pass (performing simple optimizations).

2.24.1. Executing OPT_EXPR pass (perform const folding).
Finding unused cells or wires in module \top..

2.12.5. Executing FSM_OPT pass (simple optimizations of FSMs).

2.12.6. Executing FSM_RECODE pass (re-assigning FSM state encoding).

2.12.7. Executing FSM_INFO pass (dumping all available information on FSM cells).

2.12.8. Executing FSM_MAP pass (mapping FSMs to basic logic).

2.13. Executing OPT pass (performing simple optimizations).

2.13.1. Executing OPT_EXPR pass (perform const folding).
Optimizing module top.

2.24.2. Executing OPT_MERGE pass (detect identical cells).
Optimizing module top.
Parsing Verilog input from `/opt/homebrew/bin/../share/yosys/gowin/cells_sim.v' to AST representation.
Generating RTLIL representation for module `\LUT1'.
Generating RTLIL representation for module `\LUT2'.
Generating RTLIL representation for module `\LUT3'.
Generating RTLIL representation for module `\LUT4'.
Generating RTLIL representation for module `\__APICULA_LUT5'.
Generating RTLIL representation for module `\__APICULA_LUT6'.
Generating RTLIL representation for module `\__APICULA_LUT7'.
Generating RTLIL representation for module `\__APICULA_LUT8'.
Generating RTLIL representation for module `\MUX2'.
Generating RTLIL representation for module `\MUX2_LUT5'.
Generating RTLIL representation for module `\MUX2_LUT6'.
Generating RTLIL representation for module `\MUX2_LUT7'.
Generating RTLIL representation for module `\MUX2_LUT8'.
Generating RTLIL representation for module `\DFF'.
Generating RTLIL representation for module `\DFFE'.
Generating RTLIL representation for module `\DFFS'.
Generating RTLIL representation for module `\DFFSE'.
Generating RTLIL representation for module `\DFFR'.
Generating RTLIL representation for module `\DFFRE'.
Generating RTLIL representation for module `\DFFP'.
Generating RTLIL representation for module `\DFFPE'.
Generating RTLIL representation for module `\DFFC'.
Generating RTLIL representation for module `\DFFCE'.
Generating RTLIL representation for module `\DFFN'.
Generating RTLIL representation for module `\DFFNE'.
Generating RTLIL representation for module `\DFFNS'.
Generating RTLIL representation for module `\DFFNSE'.
Generating RTLIL representation for module `\DFFNR'.
Generating RTLIL representation for module `\DFFNRE'.
Generating RTLIL representation for module `\DFFNP'.
Generating RTLIL representation for module `\DFFNPE'.
Generating RTLIL representation for module `\DFFNC'.
Generating RTLIL representation for module `\DFFNCE'.
Generating RTLIL representation for module `\VCC'.
Generating RTLIL representation for module `\GND'.
Generating RTLIL representation for module `\IBUF'.
Generating RTLIL representation for module `\OBUF'.
Generating RTLIL representation for module `\TBUF'.
Generating RTLIL representation for module `\IOBUF'.
Generating RTLIL representation for module `\ELVDS_OBUF'.
Generating RTLIL representation for module `\TLVDS_OBUF'.
Generating RTLIL representation for module `\OSER4'.
Generating RTLIL representation for module `\OSER4_MEM'.
Generating RTLIL representation for module `\OSER8'.
Generating RTLIL representation for module `\OSER10'.
Generating RTLIL representation for module `\OVIDEO'.
Generating RTLIL representation for module `\OSER16'.
Generating RTLIL representation for module `\IDES4'.
Generating RTLIL representation for module `\IDES4_MEM'.
Generating RTLIL representation for module `\IDES8'.
Generating RTLIL representation for module `\IDES10'.
Generating RTLIL representation for module `\IVIDEO'.
Generating RTLIL representation for module `\IDES16'.
Generating RTLIL representation for module `\IDDR'.
Generating RTLIL representation for module `\IDDRC'.
Generating RTLIL representation for module `\DQS'.
Generating RTLIL representation for module `\ODDR'.
Generating RTLIL representation for module `\ODDRC'.
Generating RTLIL representation for module `\GSR'.
Generating RTLIL representation for module `\BANDGAP'.
Generating RTLIL representation for module `\ALU'.
Generating RTLIL representation for module `\RAM16S1'.
Generating RTLIL representation for module `\RAM16S2'.
Generating RTLIL representation for module `\RAM16S4'.
Generating RTLIL representation for module `\RAM16SDP1'.
Generating RTLIL representation for module `\RAM16SDP2'.
Generating RTLIL representation for module `\RAM16SDP4'.
Generating RTLIL representation for module `\SP'.
Generating RTLIL representation for module `\SPX9'.
Generating RTLIL representation for module `\SDP'.
Generating RTLIL representation for module `\SDPX9'.
Generating RTLIL representation for module `\DP'.
Generating RTLIL representation for module `\DPX9'.
Generating RTLIL representation for module `\rPLL'.
Generating
2.13.2. Executing OPT_MERGE pass (detect identical cells).
Finding identical cells in module `\top'.
Computing hashes of 2 cells of `\top'.
Finding duplicate cells in `\top'.
Removed a total of 0 cells.

2.13.3. Executing OPT_MUXTREE pass (detect dead branches in mux trees).
Running muxtree optimizer on module \top..
  Creating internal representation of mux trees.
  No muxes found in this module.
Removed 0 multiplexer ports.

2.13.4. Executing OPT_REDUCE pass (consolidate $*mux and $reduce_* inputs).
  Optimizing cells in module \top.
Performed a total of 0 changes.

2.13.5. Executing OPT_MERGE pass (detect identical cells).
Finding identical cells in module `\top'.
Computing hashes of 1 cells of `\top'.
Finding duplicate cells in `\top'.
Removed a total of 0 cells.

2.24.3. Executing OPT_DFF pass (perform DFF optimizations).
Finding identical cells in module `\top'.
Computing hashes of 2 cells of `\top'.
Finding duplicate cells in `\top'.
Removed a total of 0 cells.

2.13.6. Executing OPT_DFF pass (perform DFF optimizations).

2.24.4. Executing OPT_CLEAN pass (remove unused cells and wires).

2.13.7. Executing OPT_CLEAN pass (remove unused cells and wires).
 RTLIL representation for module `\PLLVR'.
Generating RTLIL representation for module `\OSC'.
Generating RTLIL representation for module `\OSCZ'.
Generating RTLIL representation for module `\OSCF'.
Generating RTLIL representation for module `\OSCH'.
Generating RTLIL representation for module `\OSCW'.
Generating RTLIL representation for module `\OSCO'.
Generating RTLIL representation for module `\EMCU'.
Successfully finished Verilog frontend.

2.2. Executing Verilog-2005 frontend: /opt/homebrew/bin/../share/yosys/gowin/cells_xtra_gw5a.v
Finding unused cells or wires in module \top..

2.13.8. Executing OPT_EXPR pass (perform const folding).
Finding unused cells or wires in module \top..

2.24.5. Finished fast OPT passes.

2.25. Executing MEMORY_MAP pass (converting memories to logic and flip-flops).

2.26. Executing OPT pass (performing simple optimizations).

2.26.1. Executing OPT_EXPR pass (perform const folding).
Optimizing module top.

2.26.2. Executing OPT_MERGE pass (detect identical cells).
Optimizing module top.
Finding identical cells in module `\top'.
Computing hashes of 1 cells of `\top'.
Finding duplicate cells in `\top'.
Removed a total of 0 cells.

2.26.3. Executing OPT_MUXTREE pass (detect dead branches in mux trees).
Running muxtree optimizer on module \top..
  Creating internal representation of mux trees.
  No muxes found in this module.
Removed 0 multiplexer ports.

2.26.4. Executing OPT_REDUCE pass (consolidate $*mux and $reduce_* inputs).
  Optimizing cells in module \top.
Performed a total of 0 changes.

2.26.5. Executing OPT_MERGE pass (detect identical cells).

2.13.9. Finished fast OPT passes. (There is nothing left to do.)
Finding identical cells in module `\top'.
Computing hashes of 1 cells of `\top'.
Finding duplicate cells in `\top'.
Removed a total of 0 cells.

2.26.6. Executing OPT_DFF pass (perform DFF optimizations).

2.14. Executing WREDUCE pass (reducing word size of cells).

2.26.7. Executing OPT_CLEAN pass (remove unused cells and wires).

2.15. Executing PEEPOPT pass (run peephole optimizers).

2.16. Executing OPT_CLEAN pass (remove unused cells and wires).
Finding unused cells or wires in module \top..

2.26.8. Executing OPT_EXPR pass (perform const folding).
Finding unused cells or wires in module \top..

2.17. Executing SHARE pass (SAT-based resource sharing).

2.18. Executing ALUMACC pass (create $alu and $macc cells).
Extracting $alu and $macc cells in module top:
  created 0 $alu and 0 $macc cells.

2.19. Executing OPT pass (performing simple optimizations).

2.19.1. Executing OPT_EXPR pass (perform const folding).
Optimizing module top.

2.26.9. Finished fast OPT passes. (There is nothing left to do.)
Optimizing module top.

2.19.2. Executing OPT_MERGE pass (detect identical cells).

2.27. Executing TECHMAP pass (map to technology primitives).
Finding identical cells in module `\top'.
Computing hashes of 2 cells of `\top'.
Finding duplicate cells in `\top'.
Removed a total of 0 cells.

2.19.3. Executing OPT_MUXTREE pass (detect dead branches in mux trees).

2.27.1. Executing Verilog-2005 frontend: /opt/homebrew/bin/../share/yosys/techmap.v
Running muxtree optimizer on module \top..
  Creating internal representation of mux trees.
  No muxes found in this module.
Removed 0 multiplexer ports.

2.19.4. Executing OPT_REDUCE pass (consolidate $*mux and $reduce_* inputs).
  Optimizing cells in module \top.
Performed a total of 0 changes.

2.19.5. Executing OPT_MERGE pass (detect identical cells).
Parsing Verilog input from `/opt/homebrew/bin/../share/yosys/gowin/cells_xtra_gw5a.v' to AST representation.
Generating RTLIL representation for module `\LUT5'.
Generating RTLIL representation for module `\LUT6'.
Generating RTLIL representation for module `\LUT7'.
Generating RTLIL representation for module `\LUT8'.
Generating RTLIL representation for module `\ROM16'.
Generating RTLIL representation for module `\INV'.
Generating RTLIL representation for module `\TLVDS_IBUF'.
Generating RTLIL representation for module `\TLVDS_TBUF'.
Generating RTLIL representation for module `\TLVDS_IOBUF'.
Generating RTLIL representation for module `\ELVDS_TBUF'.
Generating RTLIL representation for module `\ELVDS_IOBUF'.
Generating RTLIL representation for module `\MIPI_IBUF'.
Generating RTLIL representation for module `\MIPI_OBUF_A'.
Generating RTLIL representation for module `\ELVDS_IOBUF_R'.
Generating RTLIL representation for module `\I3C_IOBUF'.
Generating RTLIL representation for module `\TLVDS_IBUF_ADC'.
Generating RTLIL representation for module `\MIPI_CPHY_IBUF'.
Generating RTLIL representation for module `\MIPI_CPHY_OBUF'.
Generating RTLIL representation for module `\SDPB'.
Generating RTLIL representation for module `\SDPX9B'.
Generating RTLIL representation for module `\DPB'.
Generating RTLIL representation for module `\DPX9B'.
Generating RTLIL representation for module `\pROM'.
Generating RTLIL representation for module `\pROMX9'.
Generating RTLIL representation for module `\SDP36KE'.
Generating RTLIL representation for module `\SDP136K'.
Generating RTLIL representation for module `\MULTADDALU12X12'.
Generating RTLIL representation for module `\MULTALU27X18'.
Generating RTLIL representation for module `\MULT12X12'.
Generating RTLIL representation for module `\MULT27X36'.
Generating RTLIL representation for module `\MULTACC'.
Generating RTLIL representation for module `\IDDR_MEM'.
Generating RTLIL representation for module `\ODDR_MEM'.
Replacing existing blackbox module `\IDES4_MEM' at /opt/homebrew/bin/../share/yosys/gowin/cells_xtra_gw5a.v:1033.1-1038.10.
Generating RTLIL representation for module `\IDES4_MEM'.
Generating RTLIL representation for module `\IDES8_MEM'.
Generating RTLIL representation for module `\IDES14'.
Generating RTLIL representation for module `\IDES32'.
Replacing existing blackbox module `\OSER4_MEM' at /opt/homebrew/bin/../share/yosys/gowin/cells_xtra_gw5a.v:1062.1-1070.10.
Generating RTLIL representation for module `\OSER4_MEM'.
Generating RTLIL representation for module `\OSER8_MEM'.
Generating RTLIL representation for module `\OSER14'.
Generating RTLIL representation for module `\IODELAY'.
Generating RTLIL representation for module `\OSIDES32'.
Generating RTLIL representation for module `\OSIDES64'.
Generating RTLIL representation for module `\DCE'.
Generating RTLIL representation for module `\DCS'.
Generating RTLIL representation for module `\DDRDLL'.
Generating RTLIL representation for module `\DLLDLY'.
Generating RTLIL representation for module `\CLKDIV'.
Generating RTLIL representation for module `\CLKDIV2'.
Generating RTLIL representation for module `\DHCE'.
Generating RTLIL representation for module `\OSCA'.
Generating RTLIL representation for module `\OSCB'.
Generating RTLIL representation for module `\PLL'.
Generating RTLIL representation for module `\PLLA'.
Generating RTLIL representation for module `\AE350_SOC'.
Generating RTLIL representation for module `\AE350_RAM'.
Generating RTLIL representation for module `\SAMB'.
Generating RTLIL representation for module `\OTP'.
Generating RTLIL representation for module `\CMSER'.
Generating RTLIL representation for module `\CMSERA'.
Generating RTLIL representation for module `\CMSERB'.
Generating RTLIL representation for module `\SAMBA'.
Generating RTLIL representation for module `\LICD'.
Generating RTLIL representation for module `\MIPI_DPHY'.
Generating RTLIL representation for module `\MIPI_DPHYA'.
Generating RTLIL representation for module `\MIPI_CPHY'.
Generating RTLIL representation for module `\GTR12_QUAD'.
Generating RTLIL representation for module `\GTR12_UPAR'.
Generating RTLIL representation for module `\GTR12_PMAC'.
Generating RTLIL representation for module `\GTR12_QUADA'.
Generating RTLIL representation for module `\GTR12_UPARA'.
Generating RTLIL representation for module `\GTR12_PMACA'.
Generating RTLIL representation for module `\GTR12_QUADB'.
Replacing existing blackbox module `\DQS' at /opt/homebrew/bin/../share/yosys/gowin/cells_xtra_gw5a.v:2512.1-2527.10.
Generating RTLIL representation for module `\DQS'.
Generating RTLIL representation for module `\ADCLRC'.
Generating RTLIL representation for module `\ADCULC'.
Generating RTLIL representation for module `\ADC'.
Generating RTLIL representation for module `\ADC_SAR'.
Generating RTLIL representation for module `\ADCA'.
Successfully finished Verilog frontend.

2.3. Executing HIERARCHY pass (managing design hierarchy).

2.3.1. Finding top of design hierarchy..
root of   1 design levels: top                 
Automatically selected top as design top module.

2.3.2. Analyzing design hierarchy..
Top module:  \top

2.3.3. Analyzing design hierarchy..
Top module:  \top
Removed 0 unused modules.

2.4. Executing PROC pass (convert processes to netlists).

2.4.1. Executing PROC_CLEAN pass (remove empty switches from decision trees).
Cleaned up 0 empty switches.

2.4.2. Executing PROC_RMDEAD pass (remove dead branches from decision trees).
Removed a total of 0 dead cases.

2.4.3. Executing PROC_PRUNE pass (remove redundant assignments in processes).
Removed 0 redundant assignments.
Promoted 0 assignments to connections.

2.4.4. Executing PROC_INIT pass (extract init attributes).

2.4.5. Executing PROC_ARST pass (detect async resets in processes).

2.4.6. Executing PROC_ROM pass (convert switches to ROMs).
Converted 0 switches.

2.4.7. Executing PROC_MUX pass (convert decision trees to multiplexers).

2.4.8. Executing PROC_DLATCH pass (convert process syncs to latches).

2.4.9. Executing PROC_DFF pass (convert process syncs to FFs).

2.4.10. Executing PROC_MEMWR pass (convert process memory writes to cells).

2.4.11. Executing PROC_CLEAN pass (remove empty switches from decision trees).
Cleaned up 0 empty switches.

2.4.12. Executing OPT_EXPR pass (perform const folding).
Optimizing module top.

2.5. Executing FLATTEN pass (flatten design).

2.6. Executing TRIBUF pass.

2.7. Executing DEMINOUT pass (demote inout ports to input or output).

2.8. Executing OPT_EXPR pass (perform const folding).
Optimizing module top.

2.9. Executing OPT_CLEAN pass (remove unused cells and wires).
Finding unused cells or wires in module \top..
Removed 0 unused cells and 2 unused wires.
<suppressed ~1 debug messages>

2.10. Executing CHECK pass (checking for obvious problems).
Checking module top...
Found and reported 0 problems.

2.11. Executing OPT pass (performing simple optimizations).

2.11.1. Executing OPT_EXPR pass (perform const folding).
Optimizing module top.

2.11.2. Executing OPT_MERGE pass (detect identical cells).
Finding identical cells in module `\top'.
Computing hashes of 2 cells of `\top'.
Finding duplicate cells in `\top'.
Removed a total of 0 cells.

2.11.3. Executing OPT_MUXTREE pass (detect dead branches in mux trees).
Running muxtree optimizer on module \top..
  Creating internal representation of mux trees.
  No muxes found in this module.
Removed 0 multiplexer ports.

2.11.4. Executing OPT_REDUCE pass (consolidate $*mux and $reduce_* inputs).
  Optimizing cells in module \top.
Performed a total of 0 changes.

2.11.5. Executing OPT_MERGE pass (detect identical cells).
Finding identical cells in module `\top'.
Computing hashes of 2 cells of `\top'.
Finding duplicate cells in `\top'.
Removed a total of 0 cells.

2.11.6. Executing OPT_DFF pass (perform DFF optimizations).

2.11.7. Executing OPT_CLEAN pass (remove unused cells and wires).
Finding unused cells or wires in module \top..

2.11.8. Executing OPT_EXPR pass (perform const folding).
Optimizing module top.

2.11.9. Finished fast OPT passes. (There is nothing left to do.)

2.12. Executing FSM pass (extract and optimize FSM).

2.12.1. Executing FSM_DETECT pass (finding FSMs in design).

2.12.2. Executing FSM_EXTRACT pass (extracting FSM from design).
Finding identical cells in module `\top'.
Computing hashes of 2 cells of `\top'.
Finding duplicate cells in `\top'.
Removed a total of 0 cells.

2.19.6. Executing OPT_DFF pass (perform DFF optimizations).

2.19.7. Executing OPT_CLEAN pass (remove unused cells and wires).

2.12.3. Executing FSM_OPT pass (simple optimizations of FSMs).

2.12.4. Executing OPT_CLEAN pass (remove unused cells and wires).
Finding unused cells or wires in module \top..

2.19.8. Executing OPT_EXPR pass (perform const folding).
Optimizing module top.

2.19.9. Finished fast OPT passes. (There is nothing left to do.)

2.20. Executing MEMORY pass.

2.20.1. Executing OPT_MEM pass (optimize memories).
Performed a total of 0 transformations.

2.20.2. Executing OPT_MEM_PRIORITY pass (removing unnecessary memory write priority relations).
Performed a total of 0 transformations.

2.20.3. Executing OPT_MEM_FEEDBACK pass (finding memory read-to-write feedback paths).

2.20.4. Executing MEMORY_BMUX2ROM pass (converting muxes to ROMs).

2.20.5. Executing MEMORY_DFF pass (merging $dff cells to $memrd).
Parsing Verilog input from `/opt/homebrew/bin/../share/yosys/techmap.v' to AST representation.
Generating RTLIL representation for module `\_90_simplemap_bool_ops'.
Generating RTLIL representation for module `\_90_simplemap_reduce_ops'.
Generating RTLIL representation for module `\_90_simplemap_logic_ops'.
Generating RTLIL representation for module `\_90_simplemap_compare_ops'.
Generating RTLIL representation for module `\_90_simplemap_various'.
Generating RTLIL representation for module `\_90_simplemap_registers'.
Generating RTLIL representation for module `\_90_shift_ops_shr_shl_sshl_sshr'.
Generating RTLIL representation for module `\_90_shift_shiftx'.
Generating RTLIL representation for module `\_90_fa'.
Generating RTLIL representation for module `\_90_lcu_brent_kung'.
Generating RTLIL representation for module `\_90_alu'.
Generating RTLIL representation for module `\_90_macc'.
Generating RTLIL representation for module `\_90_alumacc'.
Generating RTLIL representation for module `$__div_mod_u'.
Generating RTLIL representation for module `$__div_mod_trunc'.
Generating RTLIL representation for module `\_90_div'.
Generating RTLIL representation for module `\_90_mod'.
Generating RTLIL representation for module `$__div_mod_floor'.
Generating RTLIL representation for module `\_90_divfloor'.
Generating RTLIL representation for module `\_90_modfloor'.
Generating RTLIL representation for module `\_90_pow'.
Generating RTLIL representation for module `\_90_pmux'.
Generating RTLIL representation for module `\_90_demux'.
Generating RTLIL representation for module `\_90_lut'.
Generating RTLIL representation for module `$connect'.
Generating RTLIL representation for module `$input_port'.
Successfully finished Verilog frontend.

2.27.2. Executing Verilog-2005 frontend: /opt/homebrew/bin/../share/yosys/gowin/arith_map.v

2.20.6. Executing OPT_CLEAN pass (remove unused cells and wires).
Parsing Verilog input from `/opt/homebrew/bin/../share/yosys/gowin/arith_map.v' to AST representation.
Generating RTLIL representation for module `\_80_gw1n_alu'.
Successfully finished Verilog frontend.

2.27.3. Continuing TECHMAP pass.
No more expansions possible.
Finding unused cells or wires in module \top..

2.20.7. Executing MEMORY_SHARE pass (consolidating $memrd/$memwr cells).
<suppressed ~77 debug messages>

2.28. Executing OPT pass (performing simple optimizations).

2.28.1. Executing OPT_EXPR pass (perform const folding).
Finding unused cells or wires in module \top..

2.12.5. Executing FSM_OPT pass (simple optimizations of FSMs).

2.12.6. Executing FSM_RECODE pass (re-assigning FSM state encoding).

2.12.7. Executing FSM_INFO pass (dumping all available information on FSM cells).

2.12.8. Executing FSM_MAP pass (mapping FSMs to basic logic).

2.20.8. Executing OPT_MEM_WIDEN pass (optimize memories where all ports are wide).
Performed a total of 0 transformations.

2.20.9. Executing OPT_CLEAN pass (remove unused cells and wires).
Optimizing module top.

2.28.2. Executing OPT_MERGE pass (detect identical cells).
Finding identical cells in module `\top'.
Computing hashes of 1 cells of `\top'.
Finding duplicate cells in `\top'.
Removed a total of 0 cells.

2.28.3. Executing OPT_DFF pass (perform DFF optimizations).

2.28.4. Executing OPT_CLEAN pass (remove unused cells and wires).

2.13. Executing OPT pass (performing simple optimizations).

2.13.1. Executing OPT_EXPR pass (perform const folding).
Finding unused cells or wires in module \top..

2.20.10. Executing MEMORY_COLLECT pass (generating $mem cells).

2.21. Executing OPT_CLEAN pass (remove unused cells and wires).
Finding unused cells or wires in module \top..
Finding unused cells or wires in module \top..

2.28.5. Finished fast OPT passes.

2.22. Executing MEMORY_LIBMAP pass (mapping memories to cells).

2.29. Executing IOPADMAP pass (mapping inputs/outputs to IO-PAD cells).
Mapping port top.pad_n[0] using IOBUF.
Mapping port top.pad_p[0] using IOBUF.
Mapping port top.dout using OBUF.
Mapping port top.oen using IBUF.
Mapping port top.din using IBUF.

2.30. Executing OPT_CLEAN pass (remove unused cells and wires).
Optimizing module top.

2.13.2. Executing OPT_MERGE pass (detect identical cells).
Finding identical cells in module `\top'.
Computing hashes of 2 cells of `\top'.
Finding duplicate cells in `\top'.
Removed a total of 0 cells.

2.13.3. Executing OPT_MUXTREE pass (detect dead branches in mux trees).
Running muxtree optimizer on module \top..
  Creating internal representation of mux trees.
  No muxes found in this module.
Removed 0 multiplexer ports.

2.13.4. Executing OPT_REDUCE pass (consolidate $*mux and $reduce_* inputs).
  Optimizing cells in module \top.
Performed a total of 0 changes.

2.13.5. Executing OPT_MERGE pass (detect identical cells).
Finding identical cells in module `\top'.
Computing hashes of 2 cells of `\top'.
Finding duplicate cells in `\top'.
Removed a total of 0 cells.

2.13.6. Executing OPT_DFF pass (perform DFF optimizations).

2.23. Executing TECHMAP pass (map to technology primitives).
Finding unused cells or wires in module \top..
Removed 0 unused cells and 1 unused wires.
<suppressed ~1 debug messages>

2.31. Executing DFFLEGALIZE pass (convert FFs to types supported by the target).

2.13.7. Executing OPT_CLEAN pass (remove unused cells and wires).

2.32. Executing TECHMAP pass (map to technology primitives).

2.32.1. Executing Verilog-2005 frontend: /opt/homebrew/bin/../share/yosys/gowin/cells_map.v

2.23.1. Executing Verilog-2005 frontend: /opt/homebrew/bin/../share/yosys/gowin/lutrams_map.v
Parsing Verilog input from `/opt/homebrew/bin/../share/yosys/gowin/cells_map.v' to AST representation.
Generating RTLIL representation for module `$_DFF_N_'.
Generating RTLIL representation for module `$_DFF_P_'.
Generating RTLIL representation for module `$_DFFE_PP_'.
Generating RTLIL representation for module `$_DFFE_NP_'.
Generating RTLIL representation for module `$_SDFF_PP0_'.
Generating RTLIL representation for module `$_SDFF_NP0_'.
Generating RTLIL representation for module `$_SDFFE_PP0P_'.
Generating RTLIL representation for module `$_SDFFE_NP0P_'.
Generating RTLIL representation for module `$_SDFF_PP1_'.
Generating RTLIL representation for module `$_SDFF_NP1_'.
Generating RTLIL representation for module `$_SDFFE_PP1P_'.
Generating RTLIL representation for module `$_SDFFE_NP1P_'.
Generating RTLIL representation for module `$_DFF_PP1_'.
Generating RTLIL representation for module `$_DFF_NP1_'.
Generating RTLIL representation for module `$_DFF_PP0_'.
Generating RTLIL representation for module `$_DFF_NP0_'.
Generating RTLIL representation for module `$_DFFE_PP1P_'.
Generating RTLIL representation for module `$_DFFE_NP1P_'.
Generating RTLIL representation for module `$_DFFE_PP0P_'.
Generating RTLIL representation for module `$_DFFE_NP0P_'.
Generating RTLIL representation for module `$lut'.
Successfully finished Verilog frontend.

2.32.2. Continuing TECHMAP pass.
Parsing Verilog input from `/opt/homebrew/bin/../share/yosys/gowin/lutrams_map.v' to AST representation.
Generating RTLIL representation for module `$__GOWIN_LUTRAM_'.
Successfully finished Verilog frontend.

2.23.2. Executing Verilog-2005 frontend: /opt/homebrew/bin/../share/yosys/gowin/brams_map_gw5a.v
No more expansions possible.
<suppressed ~23 debug messages>

2.33. Executing OPT_EXPR pass (perform const folding).
Finding unused cells or wires in module \top..

2.13.8. Executing OPT_EXPR pass (perform const folding).
Optimizing module top.
Optimizing module top.
<suppressed ~2 debug messages>

2.13.9. Finished fast OPT passes. (There is nothing left to do.)

2.14. Executing WREDUCE pass (reducing word size of cells).

2.15. Executing PEEPOPT pass (run peephole optimizers).

2.34. Executing SIMPLEMAP pass (map simple cells to gate primitives).

2.16. Executing OPT_CLEAN pass (remove unused cells and wires).

2.35. Executing SORT pass.

2.36. Executing Verilog-2005 frontend: /opt/homebrew/bin/../share/yosys/abc9_model.v
Parsing Verilog input from `/opt/homebrew/bin/../share/yosys/abc9_model.v' to AST representation.
Generating RTLIL representation for module `$__ABC9_DELAY'.
Generating RTLIL representation for module `$__ABC9_SCC_BREAKER'.
Generating RTLIL representation for module `$__DFF_N__$abc9_flop'.
Generating RTLIL representation for module `$__DFF_P__$abc9_flop'.
Successfully finished Verilog frontend.

2.37. Executing ABC9 pass.

2.37.1. Executing ABC9_OPS pass (helper functions for ABC9).

2.37.2. Executing ABC9_OPS pass (helper functions for ABC9).

2.37.3. Executing SCC pass (detecting logic loops).
Found 0 SCCs in module top.
Found 0 SCCs.

2.37.4. Executing ABC9_OPS pass (helper functions for ABC9).
Finding unused cells or wires in module \top..

2.17. Executing SHARE pass (SAT-based resource sharing).

2.37.5. Executing TECHMAP pass (map to technology primitives).

2.18. Executing ALUMACC pass (create $alu and $macc cells).

2.37.5.1. Executing Verilog-2005 frontend: /opt/homebrew/bin/../share/yosys/techmap.v
Extracting $alu and $macc cells in module top:
  created 0 $alu and 0 $macc cells.

2.19. Executing OPT pass (performing simple optimizations).

2.19.1. Executing OPT_EXPR pass (perform const folding).
Optimizing module top.

2.19.2. Executing OPT_MERGE pass (detect identical cells).
Finding identical cells in module `\top'.
Computing hashes of 2 cells of `\top'.
Finding duplicate cells in `\top'.
Removed a total of 0 cells.

2.19.3. Executing OPT_MUXTREE pass (detect dead branches in mux trees).
Running muxtree optimizer on module \top..
  Creating internal representation of mux trees.
  No muxes found in this module.
Removed 0 multiplexer ports.

2.19.4. Executing OPT_REDUCE pass (consolidate $*mux and $reduce_* inputs).
  Optimizing cells in module \top.
Performed a total of 0 changes.

2.19.5. Executing OPT_MERGE pass (detect identical cells).
Finding identical cells in module `\top'.
Computing hashes of 2 cells of `\top'.
Finding duplicate cells in `\top'.
Removed a total of 0 cells.

2.19.6. Executing OPT_DFF pass (perform DFF optimizations).

2.19.7. Executing OPT_CLEAN pass (remove unused cells and wires).
Finding unused cells or wires in module \top..

2.19.8. Executing OPT_EXPR pass (perform const folding).
Optimizing module top.

2.19.9. Finished fast OPT passes. (There is nothing left to do.)

2.20. Executing MEMORY pass.

2.20.1. Executing OPT_MEM pass (optimize memories).
Performed a total of 0 transformations.

2.20.2. Executing OPT_MEM_PRIORITY pass (removing unnecessary memory write priority relations).
Performed a total of 0 transformations.

2.20.3. Executing OPT_MEM_FEEDBACK pass (finding memory read-to-write feedback paths).

2.20.4. Executing MEMORY_BMUX2ROM pass (converting muxes to ROMs).

2.20.5. Executing MEMORY_DFF pass (merging $dff cells to $memrd).

2.20.6. Executing OPT_CLEAN pass (remove unused cells and wires).
Parsing Verilog input from `/opt/homebrew/bin/../share/yosys/gowin/brams_map_gw5a.v' to AST representation.
Generating RTLIL representation for module `$__GOWIN_SP_'.
Generating RTLIL representation for module `$__GOWIN_DP_'.
Generating RTLIL representation for module `$__GOWIN_SDP_'.
Successfully finished Verilog frontend.

2.23.3. Continuing TECHMAP pass.
No more expansions possible.
<suppressed ~6 debug messages>

2.24. Executing OPT pass (performing simple optimizations).

2.24.1. Executing OPT_EXPR pass (perform const folding).
Finding unused cells or wires in module \top..

2.20.7. Executing MEMORY_SHARE pass (consolidating $memrd/$memwr cells).
Optimizing module top.

2.24.2. Executing OPT_MERGE pass (detect identical cells).

2.20.8. Executing OPT_MEM_WIDEN pass (optimize memories where all ports are wide).
Performed a total of 0 transformations.

2.20.9. Executing OPT_CLEAN pass (remove unused cells and wires).
Finding identical cells in module `\top'.
Computing hashes of 2 cells of `\top'.
Finding duplicate cells in `\top'.
Removed a total of 0 cells.

2.24.3. Executing OPT_DFF pass (perform DFF optimizations).

2.24.4. Executing OPT_CLEAN pass (remove unused cells and wires).
Finding unused cells or wires in module \top..

2.20.10. Executing MEMORY_COLLECT pass (generating $mem cells).
Finding unused cells or wires in module \top..

2.21. Executing OPT_CLEAN pass (remove unused cells and wires).
Parsing Verilog input from `/opt/homebrew/bin/../share/yosys/techmap.v' to AST representation.
Generating RTLIL representation for module `\_90_simplemap_bool_ops'.
Generating RTLIL representation for module `\_90_simplemap_reduce_ops'.
Generating RTLIL representation for module `\_90_simplemap_logic_ops'.
Generating RTLIL representation for module `\_90_simplemap_compare_ops'.
Generating RTLIL representation for module `\_90_simplemap_various'.
Generating RTLIL representation for module `\_90_simplemap_registers'.
Generating RTLIL representation for module `\_90_shift_ops_shr_shl_sshl_sshr'.
Generating RTLIL representation for module `\_90_shift_shiftx'.
Generating RTLIL representation for module `\_90_fa'.
Generating RTLIL representation for module `\_90_lcu_brent_kung'.
Generating RTLIL representation for module `\_90_alu'.
Generating RTLIL representation for module `\_90_macc'.
Generating RTLIL representation for module `\_90_alumacc'.
Generating RTLIL representation for module `$__div_mod_u'.
Generating RTLIL representation for module `$__div_mod_trunc'.
Generating RTLIL representation for module `\_90_div'.
Generating RTLIL representation for module `\_90_mod'.
Generating RTLIL representation for module `$__div_mod_floor'.
Generating RTLIL representation for module `\_90_divfloor'.
Generating RTLIL representation for module `\_90_modfloor'.
Generating RTLIL representation for module `\_90_pow'.
Generating RTLIL representation for module `\_90_pmux'.
Generating RTLIL representation for module `\_90_demux'.
Generating RTLIL representation for module `\_90_lut'.
Generating RTLIL representation for module `$connect'.
Generating RTLIL representation for module `$input_port'.
Successfully finished Verilog frontend.

2.37.5.2. Continuing TECHMAP pass.

2.24.5. Finished fast OPT passes.

2.25. Executing MEMORY_MAP pass (converting memories to logic and flip-flops).

2.26. Executing OPT pass (performing simple optimizations).

2.26.1. Executing OPT_EXPR pass (perform const folding).
Finding unused cells or wires in module \top..
No more expansions possible.
<suppressed ~240 debug messages>

2.37.6. Executing OPT pass (performing simple optimizations).

2.37.6.1. Executing OPT_EXPR pass (perform const folding).

2.37.6.2. Executing OPT_MERGE pass (detect identical cells).

2.22. Executing MEMORY_LIBMAP pass (mapping memories to cells).
Removed a total of 0 cells.

2.37.6.3. Executing OPT_MUXTREE pass (detect dead branches in mux trees).
Removed 0 multiplexer ports.

2.37.6.4. Executing OPT_REDUCE pass (consolidate $*mux and $reduce_* inputs).
Performed a total of 0 changes.

2.37.6.5. Executing OPT_MERGE pass (detect identical cells).
Removed a total of 0 cells.

2.37.6.6. Executing OPT_DFF pass (perform DFF optimizations).

2.37.6.7. Executing OPT_CLEAN pass (remove unused cells and wires).

2.37.6.8. Executing OPT_EXPR pass (perform const folding).

2.37.6.9. Finished fast OPT passes. (There is nothing left to do.)
Optimizing module top.

2.26.2. Executing OPT_MERGE pass (detect identical cells).

2.23. Executing TECHMAP pass (map to technology primitives).
Finding identical cells in module `\top'.
Computing hashes of 2 cells of `\top'.
Finding duplicate cells in `\top'.
Removed a total of 0 cells.

2.26.3. Executing OPT_MUXTREE pass (detect dead branches in mux trees).
Running muxtree optimizer on module \top..
  Creating internal representation of mux trees.
  No muxes found in this module.
Removed 0 multiplexer ports.

2.26.4. Executing OPT_REDUCE pass (consolidate $*mux and $reduce_* inputs).
  Optimizing cells in module \top.
Performed a total of 0 changes.

2.26.5. Executing OPT_MERGE pass (detect identical cells).
Finding identical cells in module `\top'.
Computing hashes of 2 cells of `\top'.
Finding duplicate cells in `\top'.
Removed a total of 0 cells.

2.26.6. Executing OPT_DFF pass (perform DFF optimizations).

2.26.7. Executing OPT_CLEAN pass (remove unused cells and wires).

2.23.1. Executing Verilog-2005 frontend: /opt/homebrew/bin/../share/yosys/gowin/lutrams_map.v
Finding unused cells or wires in module \top..

2.26.8. Executing OPT_EXPR pass (perform const folding).
Optimizing module top.

2.26.9. Finished fast OPT passes. (There is nothing left to do.)

2.27. Executing TECHMAP pass (map to technology primitives).

2.27.1. Executing Verilog-2005 frontend: /opt/homebrew/bin/../share/yosys/techmap.v
Parsing Verilog input from `/opt/homebrew/bin/../share/yosys/gowin/lutrams_map.v' to AST representation.
Generating RTLIL representation for module `$__GOWIN_LUTRAM_'.
Successfully finished Verilog frontend.

2.23.2. Executing Verilog-2005 frontend: /opt/homebrew/bin/../share/yosys/gowin/brams_map_gw5a.v

2.37.7. Executing TECHMAP pass (map to technology primitives).

2.37.7.1. Executing Verilog-2005 frontend: /opt/homebrew/bin/../share/yosys/abc9_map.v
Parsing Verilog input from `/opt/homebrew/bin/../share/yosys/abc9_map.v' to AST representation.
Successfully finished Verilog frontend.

2.37.7.2. Continuing TECHMAP pass.
No more expansions possible.
<suppressed ~2 debug messages>

2.37.8. Executing Verilog-2005 frontend: /opt/homebrew/bin/../share/yosys/abc9_model.v
Parsing Verilog input from `/opt/homebrew/bin/../share/yosys/abc9_model.v' to AST representation.
Replacing existing blackbox module `$__ABC9_DELAY' at /opt/homebrew/bin/../share/yosys/abc9_model.v:2.1-7.10.
Generating RTLIL representation for module `$__ABC9_DELAY'.
Replacing existing blackbox module `$__ABC9_SCC_BREAKER' at /opt/homebrew/bin/../share/yosys/abc9_model.v:9.1-11.10.
Generating RTLIL representation for module `$__ABC9_SCC_BREAKER'.
Replacing existing module `$__DFF_N__$abc9_flop' at /opt/homebrew/bin/../share/yosys/abc9_model.v:14.1-20.10.
Generating RTLIL representation for module `$__DFF_N__$abc9_flop'.
Replacing existing module `$__DFF_P__$abc9_flop' at /opt/homebrew/bin/../share/yosys/abc9_model.v:23.1-29.10.
Generating RTLIL representation for module `$__DFF_P__$abc9_flop'.
Successfully finished Verilog frontend.

2.37.9. Executing ABC9_OPS pass (helper functions for ABC9).

2.37.10. Executing ABC9_OPS pass (helper functions for ABC9).

2.37.11. Executing ABC9_OPS pass (helper functions for ABC9).
<suppressed ~2 debug messages>

2.37.12. Executing AIGMAP pass (map logic to AIG).
Module top: replaced 0 cells with 0 new cells, skipped 6 cells.
  not replaced 4 cell types:
       2 IBUF
       1 TLVDS_IOBUF
       1 OBUF
       2 IOBUF

2.37.12.1. Executing ABC9_OPS pass (helper functions for ABC9).

2.37.12.2. Executing ABC9_OPS pass (helper functions for ABC9).

2.37.12.3. Executing XAIGER backend.
Parsing Verilog input from `/opt/homebrew/bin/../share/yosys/techmap.v' to AST representation.
Generating RTLIL representation for module `\_90_simplemap_bool_ops'.
Generating RTLIL representation for module `\_90_simplemap_reduce_ops'.
Generating RTLIL representation for module `\_90_simplemap_logic_ops'.
Generating RTLIL representation for module `\_90_simplemap_compare_ops'.
Generating RTLIL representation for module `\_90_simplemap_various'.
Generating RTLIL representation for module `\_90_simplemap_registers'.
Generating RTLIL representation for module `\_90_shift_ops_shr_shl_sshl_sshr'.
Generating RTLIL representation for module `\_90_shift_shiftx'.
Generating RTLIL representation for module `\_90_fa'.
Generating RTLIL representation for module `\_90_lcu_brent_kung'.
Generating RTLIL representation for module `\_90_alu'.
Generating RTLIL representation for module `\_90_macc'.
Generating RTLIL representation for module `\_90_alumacc'.
Generating RTLIL representation for module `$__div_mod_u'.
Generating RTLIL representation for module `$__div_mod_trunc'.
Generating RTLIL representation for module `\_90_div'.
Generating RTLIL representation for module `\_90_mod'.
Generating RTLIL representation for module `$__div_mod_floor'.
Generating RTLIL representation for module `\_90_divfloor'.
Generating RTLIL representation for module `\_90_modfloor'.
Generating RTLIL representation for module `\_90_pow'.
Generating RTLIL representation for module `\_90_pmux'.
Generating RTLIL representation for module `\_90_demux'.
Generating RTLIL representation for module `\_90_lut'.
Generating RTLIL representation for module `$connect'.
Generating RTLIL representation for module `$input_port'.
Successfully finished Verilog frontend.

2.27.2. Executing Verilog-2005 frontend: /opt/homebrew/bin/../share/yosys/gowin/arith_map.v
<suppressed ~5 debug messages>
Extracted 0 AND gates and 12 wires from module `top' to a netlist network with 10 inputs and 8 outputs.

2.37.12.4. Executing ABC9_EXE pass (technology mapping using ABC9).

2.37.12.5. Executing ABC9.
Parsing Verilog input from `/opt/homebrew/bin/../share/yosys/gowin/arith_map.v' to AST representation.
Generating RTLIL representation for module `\_80_gw1n_alu'.
Successfully finished Verilog frontend.

2.27.3. Continuing TECHMAP pass.
No more expansions possible.
<suppressed ~77 debug messages>

2.28. Executing OPT pass (performing simple optimizations).

2.28.1. Executing OPT_EXPR pass (perform const folding).
Optimizing module top.

2.28.2. Executing OPT_MERGE pass (detect identical cells).
Finding identical cells in module `\top'.
Computing hashes of 2 cells of `\top'.
Finding duplicate cells in `\top'.
Removed a total of 0 cells.

2.28.3. Executing OPT_DFF pass (perform DFF optimizations).

2.28.4. Executing OPT_CLEAN pass (remove unused cells and wires).
Finding unused cells or wires in module \top..

2.28.5. Finished fast OPT passes.

2.29. Executing IOPADMAP pass (mapping inputs/outputs to IO-PAD cells).
Mapping port top.df using OBUF.
Mapping port top.q1 using OBUF.
Mapping port top.q0 using OBUF.
Mapping port top.step7 using IBUF.
Mapping port top.step6 using IBUF.
Mapping port top.step5 using IBUF.
Mapping port top.step4 using IBUF.
Mapping port top.step3 using IBUF.
Mapping port top.step2 using IBUF.
Mapping port top.step1 using IBUF.
Mapping port top.step0 using IBUF.
Mapping port top.value using IBUF.
Mapping port top.sdtap using IBUF.
Mapping port top.clk using IBUF.
Mapping port top.din using IBUF.

2.30. Executing OPT_CLEAN pass (remove unused cells and wires).
Finding unused cells or wires in module \top..
Removed 0 unused cells and 8 unused wires.
<suppressed ~1 debug messages>

2.31. Executing DFFLEGALIZE pass (convert FFs to types supported by the target).

2.32. Executing TECHMAP pass (map to technology primitives).

2.32.1. Executing Verilog-2005 frontend: /opt/homebrew/bin/../share/yosys/gowin/cells_map.v
Parsing Verilog input from `/opt/homebrew/bin/../share/yosys/gowin/cells_map.v' to AST representation.
Generating RTLIL representation for module `$_DFF_N_'.
Generating RTLIL representation for module `$_DFF_P_'.
Generating RTLIL representation for module `$_DFFE_PP_'.
Generating RTLIL representation for module `$_DFFE_NP_'.
Generating RTLIL representation for module `$_SDFF_PP0_'.
Generating RTLIL representation for module `$_SDFF_NP0_'.
Generating RTLIL representation for module `$_SDFFE_PP0P_'.
Generating RTLIL representation for module `$_SDFFE_NP0P_'.
Generating RTLIL representation for module `$_SDFF_PP1_'.
Generating RTLIL representation for module `$_SDFF_NP1_'.
Generating RTLIL representation for module `$_SDFFE_PP1P_'.
Generating RTLIL representation for module `$_SDFFE_NP1P_'.
Generating RTLIL representation for module `$_DFF_PP1_'.
Generating RTLIL representation for module `$_DFF_NP1_'.
Generating RTLIL representation for module `$_DFF_PP0_'.
Generating RTLIL representation for module `$_DFF_NP0_'.
Generating RTLIL representation for module `$_DFFE_PP1P_'.
Generating RTLIL representation for module `$_DFFE_NP1P_'.
Generating RTLIL representation for module `$_DFFE_PP0P_'.
Generating RTLIL representation for module `$_DFFE_NP0P_'.
Generating RTLIL representation for module `$lut'.
Successfully finished Verilog frontend.

2.32.2. Continuing TECHMAP pass.
No more expansions possible.
<suppressed ~23 debug messages>

2.33. Executing OPT_EXPR pass (perform const folding).
Optimizing module top.

2.34. Executing SIMPLEMAP pass (map simple cells to gate primitives).

2.35. Executing SORT pass.

2.36. Executing Verilog-2005 frontend: /opt/homebrew/bin/../share/yosys/abc9_model.v
Parsing Verilog input from `/opt/homebrew/bin/../share/yosys/abc9_model.v' to AST representation.
Generating RTLIL representation for module `$__ABC9_DELAY'.
Generating RTLIL representation for module `$__ABC9_SCC_BREAKER'.
Generating RTLIL representation for module `$__DFF_N__$abc9_flop'.
Generating RTLIL representation for module `$__DFF_P__$abc9_flop'.
Successfully finished Verilog frontend.

2.37. Executing ABC9 pass.

2.37.1. Executing ABC9_OPS pass (helper functions for ABC9).

2.37.2. Executing ABC9_OPS pass (helper functions for ABC9).
Parsing Verilog input from `/opt/homebrew/bin/../share/yosys/gowin/brams_map_gw5a.v' to AST representation.
Generating RTLIL representation for module `$__GOWIN_SP_'.
Generating RTLIL representation for module `$__GOWIN_DP_'.
Generating RTLIL representation for module `$__GOWIN_SDP_'.
Successfully finished Verilog frontend.

2.23.3. Continuing TECHMAP pass.
No more expansions possible.
<suppressed ~6 debug messages>

2.24. Executing OPT pass (performing simple optimizations).

2.24.1. Executing OPT_EXPR pass (perform const folding).

2.37.3. Executing SCC pass (detecting logic loops).
Optimizing module top.

2.24.2. Executing OPT_MERGE pass (detect identical cells).
Found 0 SCCs in module top.
Found 0 SCCs.

2.37.4. Executing ABC9_OPS pass (helper functions for ABC9).
Finding identical cells in module `\top'.
Computing hashes of 2 cells of `\top'.
Finding duplicate cells in `\top'.
Removed a total of 0 cells.

2.24.3. Executing OPT_DFF pass (perform DFF optimizations).

2.24.4. Executing OPT_CLEAN pass (remove unused cells and wires).
Finding unused cells or wires in module \top..

2.24.5. Finished fast OPT passes.

2.25. Executing MEMORY_MAP pass (converting memories to logic and flip-flops).

2.26. Executing OPT pass (performing simple optimizations).

2.26.1. Executing OPT_EXPR pass (perform const folding).
Optimizing module top.

2.26.2. Executing OPT_MERGE pass (detect identical cells).
Finding identical cells in module `\top'.
Computing hashes of 2 cells of `\top'.
Finding duplicate cells in `\top'.
Removed a total of 0 cells.

2.26.3. Executing OPT_MUXTREE pass (detect dead branches in mux trees).
Running muxtree optimizer on module \top..
  Creating internal representation of mux trees.
  No muxes found in this module.
Removed 0 multiplexer ports.

2.26.4. Executing OPT_REDUCE pass (consolidate $*mux and $reduce_* inputs).
  Optimizing cells in module \top.
Performed a total of 0 changes.

2.26.5. Executing OPT_MERGE pass (detect identical cells).
Finding identical cells in module `\top'.
Computing hashes of 2 cells of `\top'.
Finding duplicate cells in `\top'.
Removed a total of 0 cells.

2.26.6. Executing OPT_DFF pass (perform DFF optimizations).

2.26.7. Executing OPT_CLEAN pass (remove unused cells and wires).
Finding unused cells or wires in module \top..

2.26.8. Executing OPT_EXPR pass (perform const folding).
Optimizing module top.

2.26.9. Finished fast OPT passes. (There is nothing left to do.)

2.27. Executing TECHMAP pass (map to technology primitives).

2.27.1. Executing Verilog-2005 frontend: /opt/homebrew/bin/../share/yosys/techmap.v

2.37.5. Executing TECHMAP pass (map to technology primitives).

2.37.5.1. Executing Verilog-2005 frontend: /opt/homebrew/bin/../share/yosys/techmap.v
Parsing Verilog input from `/opt/homebrew/bin/../share/yosys/techmap.v' to AST representation.
Generating RTLIL representation for module `\_90_simplemap_bool_ops'.
Generating RTLIL representation for module `\_90_simplemap_reduce_ops'.
Generating RTLIL representation for module `\_90_simplemap_logic_ops'.
Generating RTLIL representation for module `\_90_simplemap_compare_ops'.
Generating RTLIL representation for module `\_90_simplemap_various'.
Generating RTLIL representation for module `\_90_simplemap_registers'.
Generating RTLIL representation for module `\_90_shift_ops_shr_shl_sshl_sshr'.
Generating RTLIL representation for module `\_90_shift_shiftx'.
Generating RTLIL representation for module `\_90_fa'.
Generating RTLIL representation for module `\_90_lcu_brent_kung'.
Generating RTLIL representation for module `\_90_alu'.
Generating RTLIL representation for module `\_90_macc'.
Generating RTLIL representation for module `\_90_alumacc'.
Generating RTLIL representation for module `$__div_mod_u'.
Generating RTLIL representation for module `$__div_mod_trunc'.
Generating RTLIL representation for module `\_90_div'.
Generating RTLIL representation for module `\_90_mod'.
Generating RTLIL representation for module `$__div_mod_floor'.
Generating RTLIL representation for module `\_90_divfloor'.
Generating RTLIL representation for module `\_90_modfloor'.
Generating RTLIL representation for module `\_90_pow'.
Generating RTLIL representation for module `\_90_pmux'.
Generating RTLIL representation for module `\_90_demux'.
Generating RTLIL representation for module `\_90_lut'.
Generating RTLIL representation for module `$connect'.
Generating RTLIL representation for module `$input_port'.
Successfully finished Verilog frontend.

2.37.5.2. Continuing TECHMAP pass.
No more expansions possible.
<suppressed ~240 debug messages>

2.37.6. Executing OPT pass (performing simple optimizations).

2.37.6.1. Executing OPT_EXPR pass (perform const folding).

2.37.6.2. Executing OPT_MERGE pass (detect identical cells).
Removed a total of 0 cells.

2.37.6.3. Executing OPT_MUXTREE pass (detect dead branches in mux trees).
Removed 0 multiplexer ports.

2.37.6.4. Executing OPT_REDUCE pass (consolidate $*mux and $reduce_* inputs).
Performed a total of 0 changes.

2.37.6.5. Executing OPT_MERGE pass (detect identical cells).
Removed a total of 0 cells.

2.37.6.6. Executing OPT_DFF pass (perform DFF optimizations).

2.37.6.7. Executing OPT_CLEAN pass (remove unused cells and wires).

2.37.6.8. Executing OPT_EXPR pass (perform const folding).

2.37.6.9. Finished fast OPT passes. (There is nothing left to do.)
Running ABC command: "<yosys-exe-dir>/yosys-abc" -s -f <abc-temp-dir>/abc.script 2>&1
ABC: ======== ABC command line "source <abc-temp-dir>/abc.script"
ABC: + read_lut <abc-temp-dir>/input.lut 
ABC: + read_box <abc-temp-dir>/input.box 
ABC: + &read <abc-temp-dir>/input.xaig 
ABC: + &ps 
ABC: <abc-temp-dir>/input : i/o =     10/      8  and =       0  lev =    0 (0.00)  mem = 0.00 MB  box = 0  bb = 0
ABC: + &scorr 
ABC: Warning: The network is combinational.
ABC: + &sweep 
ABC: + &dc2 
ABC: + &dch -f -r 
ABC: + &ps 
ABC: <abc-temp-dir>/input : i/o =     10/      8  and =       0  lev =    0 (0.00)  mem = 0.00 MB  ch =    0  box = 0  bb = 0
ABC: cst =       0  cls =      0  lit =       0  unused =      10  proof =     0
ABC: + &if -W 500 -v 
ABC: K = 8. Memory (bytes): Truth =    0. Cut =   68. Obj =  152. Set =  708. CutMin = no
ABC: Node =       0.  Ch =     0.  Total mem =    0.00 MB. Peak cut mem =    0.00 MB.
ABC: P:  Del =    0.00.  Ar =       0.0.  Edge =        0.  Cut =        0.  T =     0.00 sec
ABC: P:  Del =    0.00.  Ar =       0.0.  Edge =        0.  Cut =        0.  T =     0.00 sec
ABC: P:  Del =    0.00.  Ar =       0.0.  Edge =        0.  Cut =        0.  T =     0.00 sec
ABC: F:  Del =    0.00.  Ar =       0.0.  Edge =        0.  Cut =        0.  T =     0.00 sec
ABC: A:  Del =    0.00.  Ar =       0.0.  Edge =        0.  Cut =        0.  T =     0.00 sec
ABC: A:  Del =    0.00.  Ar =       0.0.  Edge =        0.  Cut =        0.  T =     0.00 sec
ABC: Total time =     0.00 sec
ABC: + &write -n <abc-temp-dir>/output.aig 
ABC: + &mfs 
ABC: Timing manager is given but there is no GIA of boxes.
ABC: Error: Abc_FrameUpdateGia(): Transformation has failed.
ABC: + &ps -l 
ABC: <abc-temp-dir>/input : i/o =     10/      8  and =       0  lev =    0 (0.00)  mem = 0.00 MB  box = 0  bb = 0
ABC: Mapping (K=0)  :  lut =      0  edge =       0  lev =    0 (0.00)  mem = 0.00 MB
ABC: LUT = 0 : Ave = 0.00
ABC: + &write -n <abc-temp-dir>/output.aig 
ABC: + &verify 
ABC: Networks are equivalent.  Time =     0.00 sec
ABC: + time 
ABC: elapse: 0.02 seconds, total: 0.02 seconds

2.37.12.6. Executing AIGER frontend.
<suppressed ~44 debug messages>
Removed 0 unused cells and 18 unused wires.

2.37.12.7. Executing ABC9_OPS pass (helper functions for ABC9).
ABC RESULTS:           input signals:        2
ABC RESULTS:          output signals:        8
Removing temp directory.

2.37.13. Executing TECHMAP pass (map to technology primitives).

2.37.13.1. Executing Verilog-2005 frontend: /opt/homebrew/bin/../share/yosys/abc9_unmap.v
Parsing Verilog input from `/opt/homebrew/bin/../share/yosys/abc9_unmap.v' to AST representation.
Generating RTLIL representation for module `$__DFF_x__$abc9_flop'.
Generating RTLIL representation for module `$__ABC9_SCC_BREAKER'.
Successfully finished Verilog frontend.

2.37.13.2. Continuing TECHMAP pass.
No more expansions possible.
<suppressed ~5 debug messages>
Removed 0 unused cells and 12 unused wires.

2.38. Executing TECHMAP pass (map to technology primitives).

2.38.1. Executing Verilog-2005 frontend: /opt/homebrew/bin/../share/yosys/gowin/cells_map.v
Parsing Verilog input from `/opt/homebrew/bin/../share/yosys/gowin/cells_map.v' to AST representation.
Generating RTLIL representation for module `$_DFF_N_'.
Generating RTLIL representation for module `$_DFF_P_'.
Generating RTLIL representation for module `$_DFFE_PP_'.
Generating RTLIL representation for module `$_DFFE_NP_'.
Generating RTLIL representation for module `$_SDFF_PP0_'.
Generating RTLIL representation for module `$_SDFF_NP0_'.
Generating RTLIL representation for module `$_SDFFE_PP0P_'.
Generating RTLIL representation for module `$_SDFFE_NP0P_'.
Generating RTLIL representation for module `$_SDFF_PP1_'.
Generating RTLIL representation for module `$_SDFF_NP1_'.
Generating RTLIL representation for module `$_SDFFE_PP1P_'.
Generating RTLIL representation for module `$_SDFFE_NP1P_'.
Generating RTLIL representation for module `$_DFF_PP1_'.
Generating RTLIL representation for module `$_DFF_NP1_'.
Generating RTLIL representation for module `$_DFF_PP0_'.
Generating RTLIL representation for module `$_DFF_NP0_'.
Generating RTLIL representation for module `$_DFFE_PP1P_'.
Generating RTLIL representation for module `$_DFFE_NP1P_'.
Generating RTLIL representation for module `$_DFFE_PP0P_'.
Generating RTLIL representation for module `$_DFFE_NP0P_'.
Generating RTLIL representation for module `$lut'.
Successfully finished Verilog frontend.

2.38.2. Continuing TECHMAP pass.
No more expansions possible.

2.37.7. Executing TECHMAP pass (map to technology primitives).

2.37.7.1. Executing Verilog-2005 frontend: /opt/homebrew/bin/../share/yosys/abc9_map.v
<suppressed ~23 debug messages>

2.39. Executing OPT_LUT_INS pass (discard unused LUT inputs).
Parsing Verilog input from `/opt/homebrew/bin/../share/yosys/abc9_map.v' to AST representation.
Successfully finished Verilog frontend.

2.37.7.2. Continuing TECHMAP pass.
No more expansions possible.
Optimizing LUTs in top.

2.40. Executing SETUNDEF pass (replace undef values with defined constants).

2.41. Executing HILOMAP pass (mapping to constant drivers).

2.42. Executing AUTONAME pass.
Renamed 11 objects in module top (8 iterations).
<suppressed ~11 debug messages>

2.43. Executing HIERARCHY pass (managing design hierarchy).
Attribute `top' found on module `top'. Setting top module to top.

2.43.1. Analyzing design hierarchy..
Top module:  \top

2.43.2. Analyzing design hierarchy..
<suppressed ~2 debug messages>

2.37.8. Executing Verilog-2005 frontend: /opt/homebrew/bin/../share/yosys/abc9_model.v
Top module:  \top
Removed 0 unused modules.

2.44. Printing statistics.
Parsing Verilog input from `/opt/homebrew/bin/../share/yosys/techmap.v' to AST representation.
Generating RTLIL representation for module `\_90_simplemap_bool_ops'.
Generating RTLIL representation for module `\_90_simplemap_reduce_ops'.
Generating RTLIL representation for module `\_90_simplemap_logic_ops'.
Generating RTLIL representation for module `\_90_simplemap_compare_ops'.
Generating RTLIL representation for module `\_90_simplemap_various'.
Generating RTLIL representation for module `\_90_simplemap_registers'.
Generating RTLIL representation for module `\_90_shift_ops_shr_shl_sshl_sshr'.
Generating RTLIL representation for module `\_90_shift_shiftx'.
Generating RTLIL representation for module `\_90_fa'.
Generating RTLIL representation for module `\_90_lcu_brent_kung'.
Generating RTLIL representation for module `\_90_alu'.
Generating RTLIL representation for module `\_90_macc'.
Generating RTLIL representation for module `\_90_alumacc'.
Generating RTLIL representation for module `$__div_mod_u'.
Generating RTLIL representation for module `$__div_mod_trunc'.
Generating RTLIL representation for module `\_90_div'.
Generating RTLIL representation for module `\_90_mod'.
Generating RTLIL representation for module `$__div_mod_floor'.
Generating RTLIL representation for module `\_90_divfloor'.
Generating RTLIL representation for module `\_90_modfloor'.
Generating RTLIL representation for module `\_90_pow'.
Generating RTLIL representation for module `\_90_pmux'.
Generating RTLIL representation for module `\_90_demux'.
Generating RTLIL representation for module `\_90_lut'.
Generating RTLIL representation for module `$connect'.
Generating RTLIL representation for module `$input_port'.
Successfully finished Verilog frontend.

2.27.2. Executing Verilog-2005 frontend: /opt/homebrew/bin/../share/yosys/gowin/arith_map.v
Parsing Verilog input from `/opt/homebrew/bin/../share/yosys/gowin/arith_map.v' to AST representation.
Generating RTLIL representation for module `\_80_gw1n_alu'.
Successfully finished Verilog frontend.

2.27.3. Continuing TECHMAP pass.

=== top ===

        +----------Local Count, excluding submodules.
        | 
       11 wires
       11 wire bits
       11 public wires
       11 public wire bits
        5 ports
        5 port bits
        7 cells
        1   GND
        2   IBUF
        2   IOBUF
        1   OBUF
        1   TLVDS_IOBUF

2.45. Executing CHECK pass (checking for obvious problems).
Using extmapper simplemap for cells of type $reduce_xor.
No more expansions possible.
<suppressed ~78 debug messages>

2.28. Executing OPT pass (performing simple optimizations).

2.28.1. Executing OPT_EXPR pass (perform const folding).
Checking module top...
Found and reported 0 problems.

2.46. Executing JSON backend.
Optimizing module top.
Parsing Verilog input from `/opt/homebrew/bin/../share/yosys/abc9_model.v' to AST representation.
Replacing existing blackbox module `$__ABC9_DELAY' at /opt/homebrew/bin/../share/yosys/abc9_model.v:2.1-7.10.
Generating RTLIL representation for module `$__ABC9_DELAY'.
Replacing existing blackbox module `$__ABC9_SCC_BREAKER' at /opt/homebrew/bin/../share/yosys/abc9_model.v:9.1-11.10.
Generating RTLIL representation for module `$__ABC9_SCC_BREAKER'.
Replacing existing module `$__DFF_N__$abc9_flop' at /opt/homebrew/bin/../share/yosys/abc9_model.v:14.1-20.10.
Generating RTLIL representation for module `$__DFF_N__$abc9_flop'.
Replacing existing module `$__DFF_P__$abc9_flop' at /opt/homebrew/bin/../share/yosys/abc9_model.v:23.1-29.10.
Generating RTLIL representation for module `$__DFF_P__$abc9_flop'.
Successfully finished Verilog frontend.

2.37.9. Executing ABC9_OPS pass (helper functions for ABC9).

2.28.2. Executing OPT_MERGE pass (detect identical cells).
Finding identical cells in module `\top'.
Computing hashes of 4 cells of `\top'.
Finding duplicate cells in `\top'.
Removed a total of 0 cells.

2.28.3. Executing OPT_DFF pass (perform DFF optimizations).

2.37.10. Executing ABC9_OPS pass (helper functions for ABC9).

2.37.11. Executing ABC9_OPS pass (helper functions for ABC9).

2.28.4. Executing OPT_CLEAN pass (remove unused cells and wires).
Finding unused cells or wires in module \top..
Removed 0 unused cells and 1 unused wires.
<suppressed ~1 debug messages>

2.28.5. Finished fast OPT passes.

2.29. Executing IOPADMAP pass (mapping inputs/outputs to IO-PAD cells).
Mapping port top.q9 using OBUF.
Mapping port top.q8 using OBUF.
Mapping port top.q7 using OBUF.
Mapping port top.q6 using OBUF.
Mapping port top.q5 using OBUF.
Mapping port top.q4 using OBUF.
Mapping port top.q3 using OBUF.
Mapping port top.q2 using OBUF.
Mapping port top.q1 using OBUF.
Mapping port top.q0 using OBUF.
Mapping port top.fold using OBUF.
Mapping port top.rdy using OBUF.
Mapping port top.adcreq using IBUF.
Mapping port top.adcen using IBUF.
Mapping port top.drstn using IBUF.
Mapping port top.clk using IBUF.

2.30. Executing OPT_CLEAN pass (remove unused cells and wires).
<suppressed ~2 debug messages>

2.37.12. Executing AIGMAP pass (map logic to AIG).
Finding unused cells or wires in module \top..
Removed 0 unused cells and 10 unused wires.
Module top: replaced 0 cells with 0 new cells, skipped 17 cells.
  not replaced 4 cell types:
      12 IBUF
       1 IODELAY
       1 IDDR
       3 OBUF

2.37.12.1. Executing ABC9_OPS pass (helper functions for ABC9).
<suppressed ~1 debug messages>

2.31. Executing DFFLEGALIZE pass (convert FFs to types supported by the target).

2.37.12.2. Executing ABC9_OPS pass (helper functions for ABC9).

2.32. Executing TECHMAP pass (map to technology primitives).

2.37.12.3. Executing XAIGER backend.
<suppressed ~5 debug messages>
Extracted 0 AND gates and 33 wires from module `top' to a netlist network with 31 inputs and 19 outputs.

2.37.12.4. Executing ABC9_EXE pass (technology mapping using ABC9).

2.37.12.5. Executing ABC9.

2.32.1. Executing Verilog-2005 frontend: /opt/homebrew/bin/../share/yosys/gowin/cells_map.v
Parsing Verilog input from `/opt/homebrew/bin/../share/yosys/gowin/cells_map.v' to AST representation.
Generating RTLIL representation for module `$_DFF_N_'.
Generating RTLIL representation for module `$_DFF_P_'.
Generating RTLIL representation for module `$_DFFE_PP_'.
Generating RTLIL representation for module `$_DFFE_NP_'.
Generating RTLIL representation for module `$_SDFF_PP0_'.
Generating RTLIL representation for module `$_SDFF_NP0_'.
Generating RTLIL representation for module `$_SDFFE_PP0P_'.
Generating RTLIL representation for module `$_SDFFE_NP0P_'.
Generating RTLIL representation for module `$_SDFF_PP1_'.
Generating RTLIL representation for module `$_SDFF_NP1_'.
Generating RTLIL representation for module `$_SDFFE_PP1P_'.
Generating RTLIL representation for module `$_SDFFE_NP1P_'.
Generating RTLIL representation for module `$_DFF_PP1_'.
Generating RTLIL representation for module `$_DFF_NP1_'.
Generating RTLIL representation for module `$_DFF_PP0_'.
Generating RTLIL representation for module `$_DFF_NP0_'.
Generating RTLIL representation for module `$_DFFE_PP1P_'.
Generating RTLIL representation for module `$_DFFE_NP1P_'.
Generating RTLIL representation for module `$_DFFE_PP0P_'.
Generating RTLIL representation for module `$_DFFE_NP0P_'.
Generating RTLIL representation for module `$lut'.
Successfully finished Verilog frontend.

2.32.2. Continuing TECHMAP pass.
No more expansions possible.
<suppressed ~23 debug messages>

2.33. Executing OPT_EXPR pass (perform const folding).
Optimizing module top.

2.34. Executing SIMPLEMAP pass (map simple cells to gate primitives).

2.35. Executing SORT pass.

2.36. Executing Verilog-2005 frontend: /opt/homebrew/bin/../share/yosys/abc9_model.v
Parsing Verilog input from `/opt/homebrew/bin/../share/yosys/abc9_model.v' to AST representation.
Generating RTLIL representation for module `$__ABC9_DELAY'.
Generating RTLIL representation for module `$__ABC9_SCC_BREAKER'.
Generating RTLIL representation for module `$__DFF_N__$abc9_flop'.
Generating RTLIL representation for module `$__DFF_P__$abc9_flop'.
Successfully finished Verilog frontend.

2.37. Executing ABC9 pass.

2.37.1. Executing ABC9_OPS pass (helper functions for ABC9).

End of script. Logfile hash: 28f2ea50c4, CPU: user 0.39s system 0.06s, MEM: 32.62 MB peak
Yosys 0.63 (git sha1 70a11c6bf0e8dd669f56c7da3587f78b405138e2, clang++ 17.0.0 -fPIC -O3)
Time spent: 40% 19x read_verilog (0 sec), 17% 1x abc9_exe (0 sec), ...
nextpnr-himbaechel --timing-allow-fail -r  --json iddr-boardclk-tangmega138k-synth.json --write iddr-boardclk-tangmega138k.json --device GW5AST-LV138PG484AC1/I0 --vopt cst=tangmega138k.cst

2.37.2. Executing ABC9_OPS pass (helper functions for ABC9).

2.37.3. Executing SCC pass (detecting logic loops).
Found 0 SCCs in module top.
Found 0 SCCs.

2.37.4. Executing ABC9_OPS pass (helper functions for ABC9).
Info: Using uarch 'gowin' for device 'GW5AST-LV138PG484AC1/I0'

2.37.5. Executing TECHMAP pass (map to technology primitives).

2.37.5.1. Executing Verilog-2005 frontend: /opt/homebrew/bin/../share/yosys/techmap.v
Parsing Verilog input from `/opt/homebrew/bin/../share/yosys/techmap.v' to AST representation.
Generating RTLIL representation for module `\_90_simplemap_bool_ops'.
Generating RTLIL representation for module `\_90_simplemap_reduce_ops'.
Generating RTLIL representation for module `\_90_simplemap_logic_ops'.
Generating RTLIL representation for module `\_90_simplemap_compare_ops'.
Generating RTLIL representation for module `\_90_simplemap_various'.
Generating RTLIL representation for module `\_90_simplemap_registers'.
Generating RTLIL representation for module `\_90_shift_ops_shr_shl_sshl_sshr'.
Generating RTLIL representation for module `\_90_shift_shiftx'.
Generating RTLIL representation for module `\_90_fa'.
Generating RTLIL representation for module `\_90_lcu_brent_kung'.
Generating RTLIL representation for module `\_90_alu'.
Generating RTLIL representation for module `\_90_macc'.
Generating RTLIL representation for module `\_90_alumacc'.
Generating RTLIL representation for module `$__div_mod_u'.
Generating RTLIL representation for module `$__div_mod_trunc'.
Generating RTLIL representation for module `\_90_div'.
Generating RTLIL representation for module `\_90_mod'.
Generating RTLIL representation for module `$__div_mod_floor'.
Generating RTLIL representation for module `\_90_divfloor'.
Generating RTLIL representation for module `\_90_modfloor'.
Generating RTLIL representation for module `\_90_pow'.
Generating RTLIL representation for module `\_90_pmux'.
Generating RTLIL representation for module `\_90_demux'.
Generating RTLIL representation for module `\_90_lut'.
Generating RTLIL representation for module `$connect'.
Generating RTLIL representation for module `$input_port'.
Successfully finished Verilog frontend.

2.37.5.2. Continuing TECHMAP pass.
No more expansions possible.
<suppressed ~240 debug messages>

2.37.6. Executing OPT pass (performing simple optimizations).

2.37.6.1. Executing OPT_EXPR pass (perform const folding).

2.37.6.2. Executing OPT_MERGE pass (detect identical cells).
Removed a total of 0 cells.

2.37.6.3. Executing OPT_MUXTREE pass (detect dead branches in mux trees).
Removed 0 multiplexer ports.

2.37.6.4. Executing OPT_REDUCE pass (consolidate $*mux and $reduce_* inputs).
Performed a total of 0 changes.

2.37.6.5. Executing OPT_MERGE pass (detect identical cells).
Removed a total of 0 cells.

2.37.6.6. Executing OPT_DFF pass (perform DFF optimizations).

2.37.6.7. Executing OPT_CLEAN pass (remove unused cells and wires).

2.37.6.8. Executing OPT_EXPR pass (perform const folding).

2.37.6.9. Finished fast OPT passes. (There is nothing left to do.)

2.37.7. Executing TECHMAP pass (map to technology primitives).

2.37.7.1. Executing Verilog-2005 frontend: /opt/homebrew/bin/../share/yosys/abc9_map.v
Parsing Verilog input from `/opt/homebrew/bin/../share/yosys/abc9_map.v' to AST representation.
Successfully finished Verilog frontend.

2.37.7.2. Continuing TECHMAP pass.
No more expansions possible.
Running ABC command: "<yosys-exe-dir>/yosys-abc" -s -f <abc-temp-dir>/abc.script 2>&1
ABC: ======== ABC command line "source <abc-temp-dir>/abc.script"
ABC: + read_lut <abc-temp-dir>/input.lut 
ABC: + read_box <abc-temp-dir>/input.box 
ABC: + &read <abc-temp-dir>/input.xaig 
ABC: + &ps 
ABC: <abc-temp-dir>/input : i/o =     31/     19  and =       0  lev =    0 (0.00)  mem = 0.00 MB  box = 0  bb = 0
ABC: + &scorr 
ABC: Warning: The network is combinational.
ABC: + &sweep 
ABC: + &dc2 
ABC: + &dch -f -r 
ABC: + &ps 
ABC: <abc-temp-dir>/input : i/o =     31/     19  and =       0  lev =    0 (0.00)  mem = 0.00 MB  ch =    0  box = 0  bb = 0
ABC: cst =       0  cls =      0  lit =       0  unused =      31  proof =     0
ABC: + &if -W 500 -v 
ABC: K = 8. Memory (bytes): Truth =    0. Cut =   68. Obj =  152. Set =  708. CutMin = no
ABC: Node =       0.  Ch =     0.  Total mem =    0.01 MB. Peak cut mem =    0.00 MB.
ABC: P:  Del =    0.00.  Ar =       0.0.  Edge =        0.  Cut =        0.  T =     0.00 sec
ABC: P:  Del =    0.00.  Ar =       0.0.  Edge =        0.  Cut =        0.  T =     0.00 sec
ABC: P:  Del =    0.00.  Ar =       0.0.  Edge =        0.  Cut =        0.  T =     0.00 sec
ABC: F:  Del =    0.00.  Ar =       0.0.  Edge =        0.  Cut =        0.  T =     0.00 sec
ABC: A:  Del =    0.00.  Ar =       0.0.  Edge =        0.  Cut =        0.  T =     0.00 sec
ABC: A:  Del =    0.00.  Ar =       0.0.  Edge =        0.  Cut =        0.  T =     0.00 sec
ABC: Total time =     0.00 sec
ABC: + &write -n <abc-temp-dir>/output.aig 
ABC: + &mfs 
ABC: Timing manager is given but there is no GIA of boxes.
ABC: Error: Abc_FrameUpdateGia(): Transformation has failed.
ABC: + &ps -l 
ABC: <abc-temp-dir>/input : i/o =     31/     19  and =       0  lev =    0 (0.00)  mem = 0.00 MB  box = 0  bb = 0
ABC: Mapping (K=0)  :  lut =      0  edge =       0  lev =    0 (0.00)  mem = 0.00 MB
ABC: LUT = 0 : Ave = 0.00
ABC: + &write -n <abc-temp-dir>/output.aig 
ABC: + &verify 
ABC: Networks are equivalent.  Time =     0.00 sec
ABC: + time 
ABC: elapse: 0.01 seconds, total: 0.01 seconds

2.37.12.6. Executing AIGER frontend.
<suppressed ~108 debug messages>
Removed 0 unused cells and 50 unused wires.

2.37.12.7. Executing ABC9_OPS pass (helper functions for ABC9).
ABC RESULTS:           input signals:       12
ABC RESULTS:          output signals:       12
Removing temp directory.

2.37.13. Executing TECHMAP pass (map to technology primitives).

2.37.13.1. Executing Verilog-2005 frontend: /opt/homebrew/bin/../share/yosys/abc9_unmap.v
Parsing Verilog input from `/opt/homebrew/bin/../share/yosys/abc9_unmap.v' to AST representation.
Generating RTLIL representation for module `$__DFF_x__$abc9_flop'.
Generating RTLIL representation for module `$__ABC9_SCC_BREAKER'.
Successfully finished Verilog frontend.

2.37.13.2. Continuing TECHMAP pass.
No more expansions possible.
<suppressed ~5 debug messages>
Removed 0 unused cells and 32 unused wires.

2.38. Executing TECHMAP pass (map to technology primitives).

2.38.1. Executing Verilog-2005 frontend: /opt/homebrew/bin/../share/yosys/gowin/cells_map.v
Parsing Verilog input from `/opt/homebrew/bin/../share/yosys/gowin/cells_map.v' to AST representation.
Generating RTLIL representation for module `$_DFF_N_'.
Generating RTLIL representation for module `$_DFF_P_'.
Generating RTLIL representation for module `$_DFFE_PP_'.
Generating RTLIL representation for module `$_DFFE_NP_'.
Generating RTLIL representation for module `$_SDFF_PP0_'.
Generating RTLIL representation for module `$_SDFF_NP0_'.
Generating RTLIL representation for module `$_SDFFE_PP0P_'.
Generating RTLIL representation for module `$_SDFFE_NP0P_'.
Generating RTLIL representation for module `$_SDFF_PP1_'.
Generating RTLIL representation for module `$_SDFF_NP1_'.
Generating RTLIL representation for module `$_SDFFE_PP1P_'.
Generating RTLIL representation for module `$_SDFFE_NP1P_'.
Generating RTLIL representation for module `$_DFF_PP1_'.
Generating RTLIL representation for module `$_DFF_NP1_'.
Generating RTLIL representation for module `$_DFF_PP0_'.
Generating RTLIL representation for module `$_DFF_NP0_'.
Generating RTLIL representation for module `$_DFFE_PP1P_'.
Generating RTLIL representation for module `$_DFFE_NP1P_'.
Generating RTLIL representation for module `$_DFFE_PP0P_'.
Generating RTLIL representation for module `$_DFFE_NP0P_'.
Generating RTLIL representation for module `$lut'.
Successfully finished Verilog frontend.

2.38.2. Continuing TECHMAP pass.
No more expansions possible.
<suppressed ~23 debug messages>

2.39. Executing OPT_LUT_INS pass (discard unused LUT inputs).
Optimizing LUTs in top.

2.40. Executing SETUNDEF pass (replace undef values with defined constants).

2.41. Executing HILOMAP pass (mapping to constant drivers).

2.42. Executing AUTONAME pass.
Renamed 22 objects in module top (5 iterations).
<suppressed ~22 debug messages>

2.43. Executing HIERARCHY pass (managing design hierarchy).
Attribute `top' found on module `top'. Setting top module to top.

2.43.1. Analyzing design hierarchy..
Top module:  \top

2.43.2. Analyzing design hierarchy..
Top module:  \top
Removed 0 unused modules.

2.44. Printing statistics.

=== top ===

        +----------Local Count, excluding submodules.
        | 
       24 wires
       31 wire bits
       24 public wires
       31 public wire bits
       15 ports
       15 port bits
       17 cells
       12   IBUF
        1   IDDR
        1   IODELAY
        3   OBUF

2.45. Executing CHECK pass (checking for obvious problems).
Checking module top...
Found and reported 0 problems.

2.46. Executing JSON backend.
<suppressed ~2 debug messages>

2.37.8. Executing Verilog-2005 frontend: /opt/homebrew/bin/../share/yosys/abc9_model.v
Parsing Verilog input from `/opt/homebrew/bin/../share/yosys/abc9_model.v' to AST representation.
Replacing existing blackbox module `$__ABC9_DELAY' at /opt/homebrew/bin/../share/yosys/abc9_model.v:2.1-7.10.
Generating RTLIL representation for module `$__ABC9_DELAY'.
Replacing existing blackbox module `$__ABC9_SCC_BREAKER' at /opt/homebrew/bin/../share/yosys/abc9_model.v:9.1-11.10.
Generating RTLIL representation for module `$__ABC9_SCC_BREAKER'.
Replacing existing module `$__DFF_N__$abc9_flop' at /opt/homebrew/bin/../share/yosys/abc9_model.v:14.1-20.10.
Generating RTLIL representation for module `$__DFF_N__$abc9_flop'.
Replacing existing module `$__DFF_P__$abc9_flop' at /opt/homebrew/bin/../share/yosys/abc9_model.v:23.1-29.10.
Generating RTLIL representation for module `$__DFF_P__$abc9_flop'.
Successfully finished Verilog frontend.

2.37.9. Executing ABC9_OPS pass (helper functions for ABC9).

2.37.10. Executing ABC9_OPS pass (helper functions for ABC9).

2.37.11. Executing ABC9_OPS pass (helper functions for ABC9).
<suppressed ~2 debug messages>

2.37.12. Executing AIGMAP pass (map logic to AIG).
Module top: replaced 3 cells with 21 new cells, skipped 17 cells.
  replaced 1 cell types:
       3 $_XOR_
  not replaced 3 cell types:
       4 IBUF
       1 ADCLRC
      12 OBUF

2.37.12.1. Executing ABC9_OPS pass (helper functions for ABC9).

2.37.12.2. Executing ABC9_OPS pass (helper functions for ABC9).

2.37.12.3. Executing XAIGER backend.
Info: Generated random seed: 18400842581094107297
<suppressed ~5 debug messages>
Extracted 9 AND gates and 59 wires from module `top' to a netlist network with 35 inputs and 28 outputs.

2.37.12.4. Executing ABC9_EXE pass (technology mapping using ABC9).

2.37.12.5. Executing ABC9.

End of script. Logfile hash: 7db3610bc9, CPU: user 0.40s system 0.07s, MEM: 32.22 MB peak
Yosys 0.63 (git sha1 70a11c6bf0e8dd669f56c7da3587f78b405138e2, clang++ 17.0.0 -fPIC -O3)
Time spent: 40% 19x read_verilog (0 sec), 16% 1x abc9_exe (0 sec), ...
nextpnr-himbaechel --timing-allow-fail -r  --json oddr-io-tangmega138k-synth.json --write oddr-io-tangmega138k.json --device GW5AST-LV138PG484AC1/I0 --vopt cst=oddr-io-tangmega138k.cst
Info: Using uarch 'gowin' for device 'GW5AST-LV138PG484AC1/I0'
Running ABC command: "<yosys-exe-dir>/yosys-abc" -s -f <abc-temp-dir>/abc.script 2>&1
ABC: ======== ABC command line "source <abc-temp-dir>/abc.script"
ABC: + read_lut <abc-temp-dir>/input.lut 
ABC: + read_box <abc-temp-dir>/input.box 
ABC: + &read <abc-temp-dir>/input.xaig 
ABC: + &ps 
ABC: <abc-temp-dir>/input : i/o =     35/     28  and =       9  lev =    4 (0.14)  mem = 0.00 MB  box = 0  bb = 0
ABC: + &scorr 
ABC: Warning: The network is combinational.
ABC: + &sweep 
ABC: + &dc2 
ABC: + &dch -f -r 
ABC: + &ps 
ABC: <abc-temp-dir>/input : i/o =     35/     28  and =      18  lev =    4 (0.14)  mem = 0.00 MB  ch =    3  box = 0  bb = 0
ABC: cst =       0  cls =      3  lit =       3  unused =      47  proof =     0
ABC: + &if -W 500 -v 
ABC: K = 8. Memory (bytes): Truth =    0. Cut =   68. Obj =  152. Set =  708. CutMin = no
ABC: Node =      18.  Ch =     3.  Total mem =    0.01 MB. Peak cut mem =    0.00 MB.
ABC: P:  Del = 2083.00.  Ar =       1.0.  Edge =        4.  Cut =      250.  T =     0.00 sec
ABC: P:  Del = 2083.00.  Ar =       1.0.  Edge =        4.  Cut =      250.  T =     0.00 sec
ABC: P:  Del = 2083.00.  Ar =       1.0.  Edge =        4.  Cut =      250.  T =     0.00 sec
ABC: F:  Del = 2083.00.  Ar =       1.0.  Edge =        4.  Cut =      250.  T =     0.00 sec
ABC: A:  Del = 2083.00.  Ar =       1.0.  Edge =        4.  Cut =      250.  T =     0.00 sec
ABC: A:  Del = 2083.00.  Ar =       1.0.  Edge =        4.  Cut =      250.  T =     0.00 sec
ABC: Total time =     0.00 sec
ABC: + &write -n <abc-temp-dir>/output.aig 
ABC: + &mfs 
ABC: Timing manager is given but there is no GIA of boxes.
ABC: Error: Abc_FrameUpdateGia(): Transformation has failed.
ABC: + &ps -l 
ABC: <abc-temp-dir>/input : i/o =     35/     28  and =       9  lev =    4 (0.14)  mem = 0.00 MB  box = 0  bb = 0
ABC: Mapping (K=4)  :  lut =      1  edge =       4  lev =    1 (0.04)  mem = 0.00 MB
ABC: LUT = 1 : 2=0 0.0 %  3=0 0.0 %  4=1 100.0 %  Ave = 4.00
ABC: + &write -n <abc-temp-dir>/output.aig 
ABC: + &verify 
ABC: Networks are equivalent.  Time =     0.01 sec
ABC: + time 
ABC: elapse: 0.05 seconds, total: 0.05 seconds

2.37.12.6. Executing AIGER frontend.
<suppressed ~134 debug messages>
Removed 20 unused cells and 83 unused wires.

2.37.12.7. Executing ABC9_OPS pass (helper functions for ABC9).
ABC RESULTS:              $lut cells:        1
ABC RESULTS:           input signals:        4
ABC RESULTS:          output signals:       19
Removing temp directory.

2.37.13. Executing TECHMAP pass (map to technology primitives).

2.37.13.1. Executing Verilog-2005 frontend: /opt/homebrew/bin/../share/yosys/abc9_unmap.v
Parsing Verilog input from `/opt/homebrew/bin/../share/yosys/abc9_unmap.v' to AST representation.
Generating RTLIL representation for module `$__DFF_x__$abc9_flop'.
Generating RTLIL representation for module `$__ABC9_SCC_BREAKER'.
Successfully finished Verilog frontend.

2.37.13.2. Continuing TECHMAP pass.
No more expansions possible.
<suppressed ~5 debug messages>
Removed 1 unused cells and 60 unused wires.

2.38. Executing TECHMAP pass (map to technology primitives).

2.38.1. Executing Verilog-2005 frontend: /opt/homebrew/bin/../share/yosys/gowin/cells_map.v
Parsing Verilog input from `/opt/homebrew/bin/../share/yosys/gowin/cells_map.v' to AST representation.
Generating RTLIL representation for module `$_DFF_N_'.
Generating RTLIL representation for module `$_DFF_P_'.
Generating RTLIL representation for module `$_DFFE_PP_'.
Generating RTLIL representation for module `$_DFFE_NP_'.
Generating RTLIL representation for module `$_SDFF_PP0_'.
Generating RTLIL representation for module `$_SDFF_NP0_'.
Generating RTLIL representation for module `$_SDFFE_PP0P_'.
Generating RTLIL representation for module `$_SDFFE_NP0P_'.
Generating RTLIL representation for module `$_SDFF_PP1_'.
Generating RTLIL representation for module `$_SDFF_NP1_'.
Generating RTLIL representation for module `$_SDFFE_PP1P_'.
Generating RTLIL representation for module `$_SDFFE_NP1P_'.
Generating RTLIL representation for module `$_DFF_PP1_'.
Generating RTLIL representation for module `$_DFF_NP1_'.
Generating RTLIL representation for module `$_DFF_PP0_'.
Generating RTLIL representation for module `$_DFF_NP0_'.
Generating RTLIL representation for module `$_DFFE_PP1P_'.
Generating RTLIL representation for module `$_DFFE_NP1P_'.
Generating RTLIL representation for module `$_DFFE_PP0P_'.
Generating RTLIL representation for module `$_DFFE_NP0P_'.
Generating RTLIL representation for module `$lut'.
Successfully finished Verilog frontend.

2.38.2. Continuing TECHMAP pass.
Using template $paramod$fd904e9e35cfd343a9df248824bd3f1408724879$lut for cells of type $lut.
No more expansions possible.
<suppressed ~37 debug messages>

2.39. Executing OPT_LUT_INS pass (discard unused LUT inputs).
Optimizing LUTs in top.

2.40. Executing SETUNDEF pass (replace undef values with defined constants).

Info: Reading constraints...

2.41. Executing HILOMAP pass (mapping to constant drivers).
Removed 0 unused cells and 2 unused wires.

2.42. Executing AUTONAME pass.
Renamed 27 objects in module top (11 iterations).
<suppressed ~27 debug messages>

2.43. Executing HIERARCHY pass (managing design hierarchy).
Attribute `top' found on module `top'. Setting top module to top.

2.43.1. Analyzing design hierarchy..
Top module:  \top

2.43.2. Analyzing design hierarchy..
Top module:  \top
Removed 0 unused modules.

2.44. Printing statistics.

=== top ===

        +----------Local Count, excluding submodules.
        | 
       25 wires
       38 wire bits
       25 public wires
       38 public wire bits
       16 ports
       16 port bits
       20 cells
        1   ADCLRC
        1   GND
        4   IBUF
        1   LUT4
       12   OBUF
        1   VCC

2.45. Executing CHECK pass (checking for obvious problems).
Checking module top...
Found and reported 0 problems.

2.46. Executing JSON backend.
Info: Cell led[2] not found
Info: Cell led[2] not found
Info: Cell led[3] not found
Info: Cell led[3] not found
Info: Cell led[4] not found
Info: Cell led[4] not found
Info: Cell led[5] not found
Info: Cell led[5] not found
Info: Cell led[6] not found
Info: Cell led[6] not found
Info: Cell led[7] not found
Info: Cell led[7] not found
Info: Cell led[8] not found
Info: Cell led[8] not found
Info: Cell led[9] not found
Info: Cell led[9] not found
Info: Cell led[10] not found
Info: Cell led[10] not found
Info: Cell led[11] not found
Info: Cell led[11] not found
Info: Cell led[12] not found
Info: Cell led[12] not found
Info: Cell led[13] not found
Info: Cell led[13] not found
Info: Cell led[14] not found
Info: Cell led[14] not found
Info: Cell led[15] not found
Info: Cell led[15] not found
Info: Cell reset not found
Info: Cell reset not found
Info: Cell uart_tx not found
Info: Cell uart_tx not found
Info: Create constant nets...
Info: Modify LUTs...
Info: Pack IOBs...
Info: Pack I3C IOs...
Info: Pack MIPI IOs...
Info: Pack diff IOBs...
Info: Pack FFs into IO cells...
Info: Pack IODELAY...
Info: Pack Input Edge Monitors...
Info: Pack IO logic...
Info: Pack DESER16 logic...
Info: Pack GSR...
Info: Pack PINCFG...
Info: Pack HCLK cells...
Info: Pack DLLDLYs...
Info: Pack wide LUTs...
Info: Packed MUX2_LUT8:0, MUX2_LU7:0, MUX2_LUT6:0, MUX2_LUT5:0
Info: Pack ALUs...
Info: Pack SSRAMs...
Info: Constrained 0 LUTFF pairs.
Info: Pack PLL...
Info: Pack ADC...
Info: Pack BSRAMs...
Info: Pack DSP...
Info: Pack INV...
Info: Pack buffered nets...
Info: Pack EMCU and UserFlash cells...
Info: Pack UserFlash cells...
Info: Pack DQCE cells...
Info: Pack DCS cells...
Info: Checksum: 0xfaeb9d36

Info: Device utilisation:
Info: 	                 VCC:       1/      1   100%
Info: 	                 IOB:       4/    324     1%
Info: 	                LUT4:       0/ 138240     0%
Info: 	              OSER16:       0/    156     0%
Info: 	              IDES16:       0/    156     0%
Info: 	            IOLOGICI:       1/    326     0%
Info: 	            IOLOGICO:       0/    326     0%
Info: 	           MUX2_LUT5:       0/  69120     0%
Info: 	           MUX2_LUT6:       0/  34560     0%
Info: 	           MUX2_LUT7:       0/  17280     0%
Info: 	           MUX2_LUT8:       0/  17280     0%
Info: 	                 ALU:       0/ 103680     0%
Info: 	                 GND:       1/      1   100%
Info: 	                 DFF:       0/ 138240     0%
Info: 	           RAM16SDP4:       0/  17280     0%
Info: 	               BSRAM:       0/    340     0%
Info: 	           MULT12X12:       0/    596     0%
Info: 	        MULTALU27X18:       0/    298     0%
Info: 	     MULTADDALU12X12:       0/    298     0%
Info: 	                 GSR:       1/      1   100%
Info: 	              PINCFG:       1/      1   100%
Info: 	                 PLL:       0/     12     0%
Info: 	                BUFG:       1/     48     2%
Info: 	                DQCE:       0/     12     0%
Info: 	                 DCS:       0/      4     0%
Info: 	               DHCEN:       0/     24     0%
Info: 	              CLKDIV:       0/     24     0%
Info: 	             CLKDIV2:       0/     24     0%
Info: 	           AE350_SOC:       0/      1     0%
Info: 	              ADCLRC:       0/      1     0%
Info: 	              ADCULC:       0/      1     0%

Info: Running custom HCLK placer...

End of script. Logfile hash: 839721b2fd, CPU: user 0.40s system 0.06s, MEM: 32.61 MB peak
Yosys 0.63 (git sha1 70a11c6bf0e8dd669f56c7da3587f78b405138e2, clang++ 17.0.0 -fPIC -O3)
Time spent: 38% 19x read_verilog (0 sec), 20% 1x abc9_exe (0 sec), ...
nextpnr-himbaechel --timing-allow-fail -r  --json iddr-io-tangmega138k-synth.json --write iddr-io-tangmega138k.json --device GW5AST-LV138PG484AC1/I0 --vopt cst=iddr-io-tangmega138k.cst
Info: Generated random seed: 1938014543061359668
Info: Placed 0 cells based on constraints.
Info: Using uarch 'gowin' for device 'GW5AST-LV138PG484AC1/I0'

Info: Reading constraints...
Info: Create constant nets...
Info: Modify LUTs...
Info: Pack IOBs...
Info: Pack I3C IOs...
Info: Pack MIPI IOs...
Info: Pack diff IOBs...
Info: Pack FFs into IO cells...
Info: Pack IODELAY...
Info: Pack Input Edge Monitors...
Info: Pack IO logic...
Info: Pack DESER16 logic...
Info: Pack GSR...
Info: Pack PINCFG...
Info: Pack HCLK cells...
Info: Pack DLLDLYs...
Info: Pack wide LUTs...
Info: Packed MUX2_LUT8:0, MUX2_LU7:0, MUX2_LUT6:0, MUX2_LUT5:0
Info: Pack ALUs...
Info: Pack SSRAMs...
Info: Constrained 0 LUTFF pairs.
Info: Pack PLL...
Info: Pack ADC...
Info: Pack BSRAMs...
Info: Pack DSP...
Info: Pack INV...
Info: Pack buffered nets...
Info: Pack EMCU and UserFlash cells...
Info: Pack UserFlash cells...
Info: Pack DQCE cells...
Info: Pack DCS cells...
Info: Checksum: 0xb71f1304

Info: Device utilisation:
Info: 	                 VCC:       1/      1   100%
Info: 	                 IOB:       6/    324     1%
Info: 	                LUT4:       0/ 138240     0%
Info: 	              OSER16:       0/    156     0%
Info: 	              IDES16:       0/    156     0%
Info: 	            IOLOGICI:       0/    326     0%
Info: 	            IOLOGICO:       1/    326     0%
Info: 	           MUX2_LUT5:       0/  69120     0%
Info: 	           MUX2_LUT6:       0/  34560     0%
Info: 	           MUX2_LUT7:       0/  17280     0%
Info: 	           MUX2_LUT8:       0/  17280     0%
Info: 	                 ALU:       0/ 103680     0%
Info: 	                 GND:       1/      1   100%
Info: 	                 DFF:       0/ 138240     0%
Info: 	           RAM16SDP4:       0/  17280     0%
Info: 	               BSRAM:       0/    340     0%
Info: 	           MULT12X12:       0/    596     0%
Info: 	        MULTALU27X18:       0/    298     0%
Info: 	     MULTADDALU12X12:       0/    298     0%
Info: 	                 GSR:       1/      1   100%
Info: 	              PINCFG:       1/      1   100%
Info: 	                 PLL:       0/     12     0%
Info: 	                BUFG:       1/     48     2%
Info: 	                DQCE:       0/     12     0%
Info: 	                 DCS:       0/      4     0%
Info: 	               DHCEN:       0/     24     0%
Info: 	              CLKDIV:       0/     24     0%
Info: 	             CLKDIV2:       0/     24     0%
Info: 	           AE350_SOC:       0/      1     0%
Info: 	              ADCLRC:       0/      1     0%
Info: 	              ADCULC:       0/      1     0%

Info: Running custom HCLK placer...
Info: Generated random seed: 3160366657951198820
Info: Placed 0 cells based on constraints.

Info: Reading constraints...
Info: Create constant nets...
Info: Modify LUTs...
Info: Pack IOBs...
Info: Pack I3C IOs...
Info: Pack MIPI IOs...
Info: Pack diff IOBs...
Info: Pack FFs into IO cells...
Info: Pack IODELAY...
Info: Pack Input Edge Monitors...
Info: Pack IO logic...
Info: Pack DESER16 logic...
Info: Pack GSR...
Info: Pack PINCFG...
Info: Pack HCLK cells...
Info: Pack DLLDLYs...
Info: Pack wide LUTs...
Info: Packed MUX2_LUT8:0, MUX2_LU7:0, MUX2_LUT6:0, MUX2_LUT5:0
Info: Pack ALUs...
Info: Pack SSRAMs...
Info: Constrained 0 LUTFF pairs.
Info: Pack PLL...
Info: Pack ADC...
Info: Pack BSRAMs...
Info: Pack DSP...
Info: Pack INV...
Info: Pack buffered nets...
Info: Pack EMCU and UserFlash cells...
Info: Pack UserFlash cells...
Info: Pack DQCE cells...
Info: Pack DCS cells...
Info: Checksum: 0x7c68683f

Info: Device utilisation:
Info: 	                 VCC:       1/      1   100%
Info: 	                 IOB:       6/    324     1%
Info: 	                LUT4:       0/ 138240     0%
Info: 	              OSER16:       0/    156     0%
Info: 	              IDES16:       0/    156     0%
Info: 	            IOLOGICI:       1/    326     0%
Info: 	            IOLOGICO:       0/    326     0%
Info: 	           MUX2_LUT5:       0/  69120     0%
Info: 	           MUX2_LUT6:       0/  34560     0%
Info: 	           MUX2_LUT7:       0/  17280     0%
Info: 	           MUX2_LUT8:       0/  17280     0%
Info: 	                 ALU:       0/ 103680     0%
Info: 	                 GND:       1/      1   100%
Info: 	                 DFF:       0/ 138240     0%
Info: 	           RAM16SDP4:       0/  17280     0%
Info: 	               BSRAM:       0/    340     0%
Info: 	           MULT12X12:       0/    596     0%
Info: 	        MULTALU27X18:       0/    298     0%
Info: 	     MULTADDALU12X12:       0/    298     0%
Info: 	                 GSR:       1/      1   100%
Info: 	              PINCFG:       1/      1   100%
Info: 	                 PLL:       0/     12     0%
Info: 	                BUFG:       1/     48     2%
Info: 	                DQCE:       0/     12     0%
Info: 	                 DCS:       0/      4     0%
Info: 	               DHCEN:       0/     24     0%
Info: 	              CLKDIV:       0/     24     0%
Info: 	             CLKDIV2:       0/     24     0%
Info: 	           AE350_SOC:       0/      1     0%
Info: 	              ADCLRC:       0/      1     0%
Info: 	              ADCULC:       0/      1     0%

Info: Running custom HCLK placer...
Info: Placed 0 cells based on constraints.
Info: Creating initial analytic placement for 1 cells, random placement wirelen = 582.
Info:     at initial placer iter 0, wirelen = 569
Info:     at initial placer iter 1, wirelen = 569
Info:     at initial placer iter 2, wirelen = 569
Info: Creating initial analytic placement for 1 cells, random placement wirelen = 783.
Info:     at initial placer iter 0, wirelen = 614
Info:     at initial placer iter 1, wirelen = 614
Info:     at initial placer iter 2, wirelen = 614
Info:     at initial placer iter 3, wirelen = 614
Info: Running main analytical placer, max placement attempts per cell = 10000.
Info:     at initial placer iter 3, wirelen = 569
Info: Running main analytical placer, max placement attempts per cell = 10000.
Info:     at iteration #1, type BUFG: wirelen solved = 614, spread = 614, legal = 627; time = 0.31s
Info:     at iteration #1, type BUFG: wirelen solved = 569, spread = 569, legal = 581; time = 0.37s
Info: HeAP Placer Time: 1.89s
Info:   of which solving equations: 0.00s
Info:   of which spreading cells: 0.02s
Info:   of which strict legalisation: 0.00s
Info: HeAP Placer Time: 1.77s
Info:   of which solving equations: 0.02s
Info:   of which spreading cells: 0.01s
Info:   of which strict legalisation: 0.00s
Info: Creating initial analytic placement for 1 cells, random placement wirelen = 589.
Info:     at initial placer iter 0, wirelen = 568
Info:     at initial placer iter 1, wirelen = 568
Info:     at initial placer iter 2, wirelen = 568
Info:     at initial placer iter 3, wirelen = 568
Info: Running main analytical placer, max placement attempts per cell = 10000.

Info: Running simulated annealing placer for refinement.
Info:   at iteration #1: temp = 0.000000, timing cost = 0, wirelen = 581
Info:   at iteration #2: temp = 0.000000, timing cost = 0, wirelen = 581 
Info: SA placement time 0.00s
Info:     at iteration #1, type BUFG: wirelen solved = 568, spread = 568, legal = 590; time = 0.39s

Info: Running simulated annealing placer for refinement.
Info:   at iteration #1: temp = 0.000000, timing cost = 0, wirelen = 627
Info:   at iteration #2: temp = 0.000000, timing cost = 0, wirelen = 627 
Info: SA placement time 0.00s
Info: HeAP Placer Time: 2.66s
Info:   of which solving equations: 0.00s
Info:   of which spreading cells: 0.06s
Info:   of which strict legalisation: 0.00s

Info: No Fmax available; no interior timing paths found in design.
Info: Checksum: 0x9ceb1e28

Info: No Fmax available; no interior timing paths found in design.
Info: Checksum: 0x31dc6848
Info: Routing globals...
Info: Routing globals...
Info:     'id_CLK' net was routed.

Info: Routing..
Info: Setting up routing queue.
Info: Routing 8 arcs.
Info:            |   (re-)routed arcs  |   delta    | remaining|       time spent     |
Info:    IterCnt |  w/ripup   wo/ripup |  w/r  wo/r |      arcs| batch(sec) total(sec)|
Info:     'dut_CLK' net was routed.

Info: Routing..
Info: Setting up routing queue.
Info: Routing 12 arcs.
Info:            |   (re-)routed arcs  |   delta    | remaining|       time spent     |
Info:    IterCnt |  w/ripup   wo/ripup |  w/r  wo/r |      arcs| batch(sec) total(sec)|
Info:          8 |        0          8 |    0     8 |         0|       0.03       0.03|
Info: Routing complete.
Info: Router1 time 0.03s
Info: Checksum: 0x3e082fae

Info: No Fmax available; no interior timing paths found in design.

Info:         12 |        0         12 |    0    12 |         0|       0.02       0.02|
Info: Routing complete.
Info: Router1 time 0.02s
Info: Checksum: 0x73faecd9

Info: No Fmax available; no interior timing paths found in design.

Info: Program finished normally.
Info: Program finished normally.
nextpnr-himbaechel --timing-allow-fail -r  --json oser4-io-tangmega138k-synth.json --write oser4-io-tangmega138k.json --device GW5AST-LV138PG484AC1/I0 --vopt cst=oser4-io-tangmega138k.cst
nextpnr-himbaechel --timing-allow-fail -r  --json oser8-io-tangmega138k-synth.json --write oser8-io-tangmega138k.json --device GW5AST-LV138PG484AC1/I0 --vopt cst=oser8-io-tangmega138k.cst
Info: Using uarch 'gowin' for device 'GW5AST-LV138PG484AC1/I0'
Info: Using uarch 'gowin' for device 'GW5AST-LV138PG484AC1/I0'
Info: Generated random seed: 2757137030174765191
Info: Generated random seed: 17710716099273131525

Info: Running simulated annealing placer for refinement.
Info:   at iteration #1: temp = 0.000000, timing cost = 0, wirelen = 590
Info:   at iteration #3: temp = 0.000000, timing cost = 0, wirelen = 580 
Info: SA placement time 0.00s

Info: Reading constraints...
Info: Create constant nets...
Info: Modify LUTs...
Info: Pack IOBs...
Info: Pack I3C IOs...
Info: Pack MIPI IOs...
Info: Pack diff IOBs...
Info: Pack FFs into IO cells...
Info: Pack IODELAY...
Info: Pack Input Edge Monitors...
Info: Pack IO logic...
Info: Pack DESER16 logic...
Info: Pack GSR...
Info: Pack PINCFG...
Info: Pack HCLK cells...
Info: Pack DLLDLYs...
Info: Pack wide LUTs...
Info: Packed MUX2_LUT8:0, MUX2_LU7:0, MUX2_LUT6:0, MUX2_LUT5:0
Info: Pack ALUs...
Info: Pack SSRAMs...
Info: Constrained 0 LUTFF pairs.
Info: Pack PLL...
Info: Pack ADC...
Info: Pack BSRAMs...
Info: Pack DSP...
Info: Pack INV...
Info: Pack buffered nets...
Info: Pack EMCU and UserFlash cells...
Info: Pack UserFlash cells...
Info: Pack DQCE cells...
Info: Pack DCS cells...
Info: Checksum: 0x785a6580

Info: Device utilisation:
Info: 	                 VCC:       1/      1   100%
Info: 	                 IOB:       6/    324     1%
Info: 	                LUT4:       0/ 138240     0%
Info: 	              OSER16:       0/    156     0%
Info: 	              IDES16:       0/    156     0%
Info: 	            IOLOGICI:       0/    326     0%
Info: 	            IOLOGICO:       1/    326     0%
Info: 	           MUX2_LUT5:       0/  69120     0%
Info: 	           MUX2_LUT6:       0/  34560     0%
Info: 	           MUX2_LUT7:       0/  17280     0%
Info: 	           MUX2_LUT8:       0/  17280     0%
Info: 	                 ALU:       0/ 103680     0%
Info: 	                 GND:       1/      1   100%
Info: 	                 DFF:       0/ 138240     0%
Info: 	           RAM16SDP4:       0/  17280     0%
Info: 	               BSRAM:       0/    340     0%
Info: 	           MULT12X12:       0/    596     0%
Info: 	        MULTALU27X18:       0/    298     0%
Info: 	     MULTADDALU12X12:       0/    298     0%
Info: 	                 GSR:       1/      1   100%
Info: 	              PINCFG:       1/      1   100%
Info: 	                 PLL:       0/     12     0%
Info: 	                BUFG:       0/     48     0%
Info: 	                DQCE:       0/     12     0%
Info: 	                 DCS:       0/      4     0%
Info: 	               DHCEN:       0/     24     0%
Info: 	              CLKDIV:       1/     24     4%
Info: 	             CLKDIV2:       0/     24     0%
Info: 	           AE350_SOC:       0/      1     0%
Info: 	              ADCLRC:       0/      1     0%
Info: 	              ADCULC:       0/      1     0%

Info: Running custom HCLK placer...

Info: Reading constraints...
Info: Create constant nets...
Info: Modify LUTs...
Info: Pack IOBs...
Info: Pack I3C IOs...
Info: Pack MIPI IOs...
Info: Pack diff IOBs...
Info: Pack FFs into IO cells...
Info: Pack IODELAY...
Info: Pack Input Edge Monitors...
Info: Pack IO logic...
Info: Pack DESER16 logic...
Info: Pack GSR...
Info: Pack PINCFG...
Info: Pack HCLK cells...
Info: Pack DLLDLYs...
Info: Pack wide LUTs...
Info: Packed MUX2_LUT8:0, MUX2_LU7:0, MUX2_LUT6:0, MUX2_LUT5:0
Info: Pack ALUs...
Info: Pack SSRAMs...
Info: Constrained 0 LUTFF pairs.
Info: Pack PLL...
Info: Pack ADC...
Info: Pack BSRAMs...
Info: Pack DSP...
Info: Pack INV...
Info: Pack buffered nets...
Info: Pack EMCU and UserFlash cells...
Info: Pack UserFlash cells...
Info: Pack DQCE cells...
Info: Pack DCS cells...
Info: Checksum: 0x927b274b

Info: No Fmax available; no interior timing paths found in design.
Info: Checksum: 0x0f093bc6

Info: Device utilisation:
Info: 	                 VCC:       1/      1   100%
Info: 	                 IOB:       6/    324     1%
Info: 	                LUT4:       0/ 138240     0%
Info: 	              OSER16:       0/    156     0%
Info: 	              IDES16:       0/    156     0%
Info: 	            IOLOGICI:       0/    326     0%
Info: 	            IOLOGICO:       1/    326     0%
Info: 	           MUX2_LUT5:       0/  69120     0%
Info: 	           MUX2_LUT6:       0/  34560     0%
Info: 	           MUX2_LUT7:       0/  17280     0%
Info: 	           MUX2_LUT8:       0/  17280     0%
Info: 	                 ALU:       0/ 103680     0%
Info: 	                 GND:       1/      1   100%
Info: 	                 DFF:       0/ 138240     0%
Info: 	           RAM16SDP4:       0/  17280     0%
Info: 	               BSRAM:       0/    340     0%
Info: 	           MULT12X12:       0/    596     0%
Info: 	        MULTALU27X18:       0/    298     0%
Info: 	     MULTADDALU12X12:       0/    298     0%
Info: 	                 GSR:       1/      1   100%
Info: 	              PINCFG:       1/      1   100%
Info: 	                 PLL:       0/     12     0%
Info: 	                BUFG:       0/     48     0%
Info: 	                DQCE:       0/     12     0%
Info: 	                 DCS:       0/      4     0%
Info: 	               DHCEN:       0/     24     0%
Info: 	              CLKDIV:       1/     24     4%
Info: 	             CLKDIV2:       0/     24     0%
Info: 	           AE350_SOC:       0/      1     0%
Info: 	              ADCLRC:       0/      1     0%
Info: 	              ADCULC:       0/      1     0%

Info: Running custom HCLK placer...
Info: Placed 1 cells based on constraints.
Info: Routing globals...
Info: Placed 1 cells based on constraints.
Info:     'dut_CLK' net was routed.

Info: Routing..
Info: Setting up routing queue.
Info: Routing 11 arcs.
Info:            |   (re-)routed arcs  |   delta    | remaining|       time spent     |
Info:    IterCnt |  w/ripup   wo/ripup |  w/r  wo/r |      arcs| batch(sec) total(sec)|
Info:         11 |        0         11 |    0    11 |         0|       0.01       0.01|
Info: Routing complete.
Info: Router1 time 0.01s
Info: Checksum: 0x0133c56f

Info: No Fmax available; no interior timing paths found in design.

Info: Program finished normally.
nextpnr-himbaechel --timing-allow-fail -r  --json oser10-io-tangmega138k-synth.json --write oser10-io-tangmega138k.json --device GW5AST-LV138PG484AC1/I0 --vopt cst=oser10-io-tangmega138k.cst
Info: Using uarch 'gowin' for device 'GW5AST-LV138PG484AC1/I0'
Info: Generated random seed: 15699006816706185715

Info: Reading constraints...
Info: Create constant nets...
Info: Modify LUTs...
Info: Pack IOBs...
Info: Pack I3C IOs...
Info: Pack MIPI IOs...
Info: Pack diff IOBs...
Info: Pack FFs into IO cells...
Info: Pack IODELAY...
Info: Pack Input Edge Monitors...
Info: Pack IO logic...
Info: Pack DESER16 logic...
Info: Pack GSR...
Info: Pack PINCFG...
Info: Pack HCLK cells...
Info: Pack DLLDLYs...
Info: Pack wide LUTs...
Info: Packed MUX2_LUT8:0, MUX2_LU7:0, MUX2_LUT6:0, MUX2_LUT5:0
Info: Pack ALUs...
Info: Pack SSRAMs...
Info: Constrained 0 LUTFF pairs.
Info: Pack PLL...
Info: Pack ADC...
Info: Pack BSRAMs...
Info: Pack DSP...
Info: Pack INV...
Info: Pack buffered nets...
Info: Pack EMCU and UserFlash cells...
Info: Pack UserFlash cells...
Info: Pack DQCE cells...
Info: Pack DCS cells...
Info: Checksum: 0x06bf418a

Info: Device utilisation:
Info: 	                 VCC:       1/      1   100%
Info: 	                 IOB:       6/    324     1%
Info: 	                LUT4:       0/ 138240     0%
Info: 	              OSER16:       0/    156     0%
Info: 	              IDES16:       0/    156     0%
Info: 	            IOLOGICI:       0/    326     0%
Info: 	            IOLOGICO:       1/    326     0%
Info: 	           MUX2_LUT5:       0/  69120     0%
Info: 	           MUX2_LUT6:       0/  34560     0%
Info: 	           MUX2_LUT7:       0/  17280     0%
Info: 	           MUX2_LUT8:       0/  17280     0%
Info: 	                 ALU:       0/ 103680     0%
Info: 	                 GND:       1/      1   100%
Info: 	                 DFF:       0/ 138240     0%
Info: 	           RAM16SDP4:       0/  17280     0%
Info: 	               BSRAM:       0/    340     0%
Info: 	           MULT12X12:       0/    596     0%
Info: 	        MULTALU27X18:       0/    298     0%
Info: 	     MULTADDALU12X12:       0/    298     0%
Info: 	                 GSR:       1/      1   100%
Info: 	              PINCFG:       1/      1   100%
Info: 	                 PLL:       0/     12     0%
Info: 	                BUFG:       0/     48     0%
Info: 	                DQCE:       0/     12     0%
Info: 	                 DCS:       0/      4     0%
Info: 	               DHCEN:       0/     24     0%
Info: 	              CLKDIV:       1/     24     4%
Info: 	             CLKDIV2:       0/     24     0%
Info: 	           AE350_SOC:       0/      1     0%
Info: 	              ADCLRC:       0/      1     0%
Info: 	              ADCULC:       0/      1     0%

Info: Running custom HCLK placer...
Info: Placed 1 cells based on constraints.
Info: Creating initial analytic placement for 0 cells, random placement wirelen = 696.
Info:     at initial placer iter 0, wirelen = 696
Info:     at initial placer iter 1, wirelen = 696
Info:     at initial placer iter 2, wirelen = 696
Info:     at initial placer iter 3, wirelen = 696
Info: Running main analytical placer, max placement attempts per cell = 10000.
Info: HeAP Placer Time: 1.64s
Info:   of which solving equations: 0.00s
Info:   of which spreading cells: 0.00s
Info:   of which strict legalisation: 0.00s

Info: Running simulated annealing placer for refinement.
Info:   at iteration #1: temp = 0.000000, timing cost = 0, wirelen = 696
Info:   at iteration #2: temp = 0.000000, timing cost = 0, wirelen = 696 
Info: SA placement time 0.00s

Info: No Fmax available; no interior timing paths found in design.
Info: Checksum: 0xbbd6a840
Info: Routing globals...
Info:     'pclk' net was routed using global resources only.

Info: Routing..
Info: Setting up routing queue.
Info: Routing 17 arcs.
Info:            |   (re-)routed arcs  |   delta    | remaining|       time spent     |
Info:    IterCnt |  w/ripup   wo/ripup |  w/r  wo/r |      arcs| batch(sec) total(sec)|
Info: Creating initial analytic placement for 0 cells, random placement wirelen = 696.
Info:     at initial placer iter 0, wirelen = 696
Info:     at initial placer iter 1, wirelen = 696
Info:     at initial placer iter 2, wirelen = 696
Info:     at initial placer iter 3, wirelen = 696
Info: Running main analytical placer, max placement attempts per cell = 10000.
Info: Creating initial analytic placement for 0 cells, random placement wirelen = 696.
Info:     at initial placer iter 0, wirelen = 696
Info:     at initial placer iter 1, wirelen = 696
Info:     at initial placer iter 2, wirelen = 696
Info:     at initial placer iter 3, wirelen = 696
Info: Running main analytical placer, max placement attempts per cell = 10000.
Info: HeAP Placer Time: 2.67s
Info:   of which solving equations: 0.02s
Info:   of which spreading cells: 0.00s
Info:   of which strict legalisation: 0.00s
Info: HeAP Placer Time: 2.50s
Info:   of which solving equations: 0.00s
Info:   of which spreading cells: 0.00s
Info:   of which strict legalisation: 0.00s

Info: Running simulated annealing placer for refinement.
Info:   at iteration #1: temp = 0.000000, timing cost = 0, wirelen = 696
Info:   at iteration #2: temp = 0.000000, timing cost = 0, wirelen = 696 
Info: SA placement time 0.00s

Info: No Fmax available; no interior timing paths found in design.
Info: Checksum: 0x6a1cc175
Info: Routing globals...
Info:     'pclk' net was routed using global resources only.

Info: Routing..
Info: Setting up routing queue.
Info: Routing 22 arcs.
Info:            |   (re-)routed arcs  |   delta    | remaining|       time spent     |
Info:    IterCnt |  w/ripup   wo/ripup |  w/r  wo/r |      arcs| batch(sec) total(sec)|

Info: Running simulated annealing placer for refinement.
Info:   at iteration #1: temp = 0.000000, timing cost = 0, wirelen = 696
Info:   at iteration #2: temp = 0.000000, timing cost = 0, wirelen = 696 
Info: SA placement time 0.00s

Info: No Fmax available; no interior timing paths found in design.
Info: Checksum: 0x3b0375eb
Info: Routing globals...
Info:     'pclk' net was routed using global resources only.

Info: Routing..
Info: Setting up routing queue.
Info: Routing 24 arcs.
Info:            |   (re-)routed arcs  |   delta    | remaining|       time spent     |
Info:    IterCnt |  w/ripup   wo/ripup |  w/r  wo/r |      arcs| batch(sec) total(sec)|
nextpnr-himbaechel --timing-allow-fail -r  --json ovideo-io-tangmega138k-synth.json --write ovideo-io-tangmega138k.json --device GW5AST-LV138PG484AC1/I0 --vopt cst=ovideo-io-tangmega138k.cst
Info: Using uarch 'gowin' for device 'GW5AST-LV138PG484AC1/I0'
Info: Generated random seed: 17041587949567545252

Info: Reading constraints...
Info: Create constant nets...
Info: Modify LUTs...
Info: Pack IOBs...
Info: Pack I3C IOs...
Info: Pack MIPI IOs...
Info: Pack diff IOBs...
Info: Pack FFs into IO cells...
Info: Pack IODELAY...
Info: Pack Input Edge Monitors...
Info: Pack IO logic...
Info: Pack DESER16 logic...
Info: Pack GSR...
Info: Pack PINCFG...
Info: Pack HCLK cells...
Info: Pack DLLDLYs...
Info: Pack wide LUTs...
Info: Packed MUX2_LUT8:0, MUX2_LU7:0, MUX2_LUT6:0, MUX2_LUT5:0
Info: Pack ALUs...
Info: Pack SSRAMs...
Info: Constrained 0 LUTFF pairs.
Info: Pack PLL...
Info: Pack ADC...
Info: Pack BSRAMs...
Info: Pack DSP...
Info: Pack INV...
Info: Pack buffered nets...
Info: Pack EMCU and UserFlash cells...
Info: Pack UserFlash cells...
Info: Pack DQCE cells...
Info: Pack DCS cells...
Info: Checksum: 0xd3a37a1b

Info: Device utilisation:
Info: 	                 VCC:       1/      1   100%
Info: 	                 IOB:       6/    324     1%
Info: 	                LUT4:       0/ 138240     0%
Info: 	              OSER16:       0/    156     0%
Info: 	              IDES16:       0/    156     0%
Info: 	            IOLOGICI:       0/    326     0%
Info: 	            IOLOGICO:       1/    326     0%
Info: 	           MUX2_LUT5:       0/  69120     0%
Info: 	           MUX2_LUT6:       0/  34560     0%
Info: 	           MUX2_LUT7:       0/  17280     0%
Info: 	           MUX2_LUT8:       0/  17280     0%
Info: 	                 ALU:       0/ 103680     0%
Info: 	                 GND:       1/      1   100%
Info: 	                 DFF:       0/ 138240     0%
Info: 	           RAM16SDP4:       0/  17280     0%
Info: 	               BSRAM:       0/    340     0%
Info: 	           MULT12X12:       0/    596     0%
Info: 	        MULTALU27X18:       0/    298     0%
Info: 	     MULTADDALU12X12:       0/    298     0%
Info: 	                 GSR:       1/      1   100%
Info: 	              PINCFG:       1/      1   100%
Info: 	                 PLL:       0/     12     0%
Info: 	                BUFG:       0/     48     0%
Info: 	                DQCE:       0/     12     0%
Info: 	                 DCS:       0/      4     0%
Info: 	               DHCEN:       0/     24     0%
Info: 	              CLKDIV:       1/     24     4%
Info: 	             CLKDIV2:       0/     24     0%
Info: 	           AE350_SOC:       0/      1     0%
Info: 	              ADCLRC:       0/      1     0%
Info: 	              ADCULC:       0/      1     0%

Info: Running custom HCLK placer...
Info: Placed 1 cells based on constraints.
nextpnr-himbaechel --timing-allow-fail -r  --json ides4-io-tangmega138k-synth.json --write ides4-io-tangmega138k.json --device GW5AST-LV138PG484AC1/I0 --vopt cst=ides4-io-tangmega138k.cst
Info: Using uarch 'gowin' for device 'GW5AST-LV138PG484AC1/I0'
Info: Generated random seed: 8980152661435762799

Info: Reading constraints...
Info: Create constant nets...
Info: Modify LUTs...
Info: Pack IOBs...
Info: Pack I3C IOs...
Info: Pack MIPI IOs...
Info: Pack diff IOBs...
Info: Pack FFs into IO cells...
Info: Pack IODELAY...
Info: Pack Input Edge Monitors...
Info: Pack IO logic...
Info: Pack DESER16 logic...
Info: Pack GSR...
Info: Pack PINCFG...
Info: Pack HCLK cells...
Info: Pack DLLDLYs...
Info: Pack wide LUTs...
Info: Packed MUX2_LUT8:0, MUX2_LU7:0, MUX2_LUT6:0, MUX2_LUT5:0
Info: Pack ALUs...
Info: Pack SSRAMs...
Info: Constrained 0 LUTFF pairs.
Info: Pack PLL...
Info: Pack ADC...
Info: Pack BSRAMs...
Info: Pack DSP...
Info: Pack INV...
Info: Pack buffered nets...
Info: Pack EMCU and UserFlash cells...
Info: Pack UserFlash cells...
Info: Pack DQCE cells...
Info: Pack DCS cells...
Info: Checksum: 0x37c74bd4

Info: Device utilisation:
Info: 	                 VCC:       1/      1   100%
Info: 	                 IOB:      15/    324     4%
Info: 	                LUT4:       0/ 138240     0%
Info: 	              OSER16:       0/    156     0%
Info: 	              IDES16:       0/    156     0%
Info: 	            IOLOGICI:       1/    326     0%
Info: 	            IOLOGICO:       0/    326     0%
Info: 	           MUX2_LUT5:       0/  69120     0%
Info: 	           MUX2_LUT6:       0/  34560     0%
Info: 	           MUX2_LUT7:       0/  17280     0%
Info: 	           MUX2_LUT8:       0/  17280     0%
Info: 	                 ALU:       0/ 103680     0%
Info: 	                 GND:       1/      1   100%
Info: 	                 DFF:       0/ 138240     0%
Info: 	           RAM16SDP4:       0/  17280     0%
Info: 	               BSRAM:       0/    340     0%
Info: 	           MULT12X12:       0/    596     0%
Info: 	        MULTALU27X18:       0/    298     0%
Info: 	     MULTADDALU12X12:       0/    298     0%
Info: 	                 GSR:       1/      1   100%
Info: 	              PINCFG:       1/      1   100%
Info: 	                 PLL:       0/     12     0%
Info: 	                BUFG:       0/     48     0%
Info: 	                DQCE:       0/     12     0%
Info: 	                 DCS:       0/      4     0%
Info: 	               DHCEN:       0/     24     0%
Info: 	              CLKDIV:       1/     24     4%
Info: 	             CLKDIV2:       0/     24     0%
Info: 	           AE350_SOC:       0/      1     0%
Info: 	              ADCLRC:       0/      1     0%
Info: 	              ADCULC:       0/      1     0%

Info: Running custom HCLK placer...
Info: Placed 1 cells based on constraints.
nextpnr-himbaechel --timing-allow-fail -r  --json ides8-io-tangmega138k-synth.json --write ides8-io-tangmega138k.json --device GW5AST-LV138PG484AC1/I0 --vopt cst=ides8-io-tangmega138k.cst
Info: Using uarch 'gowin' for device 'GW5AST-LV138PG484AC1/I0'
Info: Generated random seed: 10163805386955879233

Info: Reading constraints...
Info: Create constant nets...
Info: Modify LUTs...
Info: Pack IOBs...
Info: Pack I3C IOs...
Info: Pack MIPI IOs...
Info: Pack diff IOBs...
Info: Pack FFs into IO cells...
Info: Pack IODELAY...
Info: Pack Input Edge Monitors...
Info: Pack IO logic...
Info: Pack DESER16 logic...
Info: Pack GSR...
Info: Pack PINCFG...
Info: Pack HCLK cells...
Info: Pack DLLDLYs...
Info: Pack wide LUTs...
Info: Packed MUX2_LUT8:0, MUX2_LU7:0, MUX2_LUT6:0, MUX2_LUT5:0
Info: Pack ALUs...
Info: Pack SSRAMs...
Info: Constrained 0 LUTFF pairs.
Info: Pack PLL...
Info: Pack ADC...
Info: Pack BSRAMs...
Info: Pack DSP...
Info: Pack INV...
Info: Pack buffered nets...
Info: Pack EMCU and UserFlash cells...
Info: Pack UserFlash cells...
Info: Pack DQCE cells...
Info: Pack DCS cells...
Info: Checksum: 0xde350ffc

Info: Device utilisation:
Info: 	                 VCC:       1/      1   100%
Info: 	                 IOB:      15/    324     4%
Info: 	                LUT4:       0/ 138240     0%
Info: 	              OSER16:       0/    156     0%
Info: 	              IDES16:       0/    156     0%
Info: 	            IOLOGICI:       1/    326     0%
Info: 	            IOLOGICO:       0/    326     0%
Info: 	           MUX2_LUT5:       0/  69120     0%
Info: 	           MUX2_LUT6:       0/  34560     0%
Info: 	           MUX2_LUT7:       0/  17280     0%
Info: 	           MUX2_LUT8:       0/  17280     0%
Info: 	                 ALU:       0/ 103680     0%
Info: 	                 GND:       1/      1   100%
Info: 	                 DFF:       0/ 138240     0%
Info: 	           RAM16SDP4:       0/  17280     0%
Info: 	               BSRAM:       0/    340     0%
Info: 	           MULT12X12:       0/    596     0%
Info: 	        MULTALU27X18:       0/    298     0%
Info: 	     MULTADDALU12X12:       0/    298     0%
Info: 	                 GSR:       1/      1   100%
Info: 	              PINCFG:       1/      1   100%
Info: 	                 PLL:       0/     12     0%
Info: 	                BUFG:       0/     48     0%
Info: 	                DQCE:       0/     12     0%
Info: 	                 DCS:       0/      4     0%
Info: 	               DHCEN:       0/     24     0%
Info: 	              CLKDIV:       1/     24     4%
Info: 	             CLKDIV2:       0/     24     0%
Info: 	           AE350_SOC:       0/      1     0%
Info: 	              ADCLRC:       0/      1     0%
Info: 	              ADCULC:       0/      1     0%

Info: Running custom HCLK placer...
Info: Placed 1 cells based on constraints.
nextpnr-himbaechel --timing-allow-fail -r  --json ides10-io-tangmega138k-synth.json --write ides10-io-tangmega138k.json --device GW5AST-LV138PG484AC1/I0 --vopt cst=ides10-io-tangmega138k.cst
Info: Using uarch 'gowin' for device 'GW5AST-LV138PG484AC1/I0'
Info: Generated random seed: 17230399902329195380

Info: Reading constraints...
Info: Create constant nets...
Info: Modify LUTs...
Info: Pack IOBs...
Info: Pack I3C IOs...
Info: Pack MIPI IOs...
Info: Pack diff IOBs...
Info: Pack FFs into IO cells...
Info: Pack IODELAY...
Info: Pack Input Edge Monitors...
Info: Pack IO logic...
Info: Pack DESER16 logic...
Info: Pack GSR...
Info: Pack PINCFG...
Info: Pack HCLK cells...
Info: Pack DLLDLYs...
Info: Pack wide LUTs...
Info: Packed MUX2_LUT8:0, MUX2_LU7:0, MUX2_LUT6:0, MUX2_LUT5:0
Info: Pack ALUs...
Info: Pack SSRAMs...
Info: Constrained 0 LUTFF pairs.
Info: Pack PLL...
Info: Pack ADC...
Info: Pack BSRAMs...
Info: Pack DSP...
Info: Pack INV...
Info: Pack buffered nets...
Info: Pack EMCU and UserFlash cells...
Info: Pack UserFlash cells...
Info: Pack DQCE cells...
Info: Pack DCS cells...
Info: Checksum: 0xf802e54e
Info: Creating initial analytic placement for 0 cells, random placement wirelen = 696.
Info:     at initial placer iter 0, wirelen = 696
Info:     at initial placer iter 1, wirelen = 696

Info: Device utilisation:
Info: 	                 VCC:       1/      1   100%
Info: 	                 IOB:      15/    324     4%
Info: 	                LUT4:       0/ 138240     0%
Info: 	              OSER16:       0/    156     0%
Info: 	              IDES16:       0/    156     0%
Info: 	            IOLOGICI:       1/    326     0%
Info: 	            IOLOGICO:       0/    326     0%
Info: 	           MUX2_LUT5:       0/  69120     0%
Info: 	           MUX2_LUT6:       0/  34560     0%
Info: 	           MUX2_LUT7:       0/  17280     0%
Info: 	           MUX2_LUT8:       0/  17280     0%
Info: 	                 ALU:       0/ 103680     0%
Info: 	                 GND:       1/      1   100%
Info: 	                 DFF:       0/ 138240     0%
Info: 	           RAM16SDP4:       0/  17280     0%
Info: 	               BSRAM:       0/    340     0%
Info: 	           MULT12X12:       0/    596     0%
Info: 	        MULTALU27X18:       0/    298     0%
Info: 	     MULTADDALU12X12:       0/    298     0%
Info: 	                 GSR:       1/      1   100%
Info: 	              PINCFG:       1/      1   100%
Info: 	                 PLL:       0/     12     0%
Info: 	                BUFG:       0/     48     0%
Info: 	                DQCE:       0/     12     0%
Info: 	                 DCS:       0/      4     0%
Info: 	               DHCEN:       0/     24     0%
Info: 	              CLKDIV:       1/     24     4%
Info: 	             CLKDIV2:       0/     24     0%
Info: 	           AE350_SOC:       0/      1     0%
Info: 	              ADCLRC:       0/      1     0%
Info: 	              ADCULC:       0/      1     0%

Info: Running custom HCLK placer...
Info: Placed 1 cells based on constraints.
Info:     at initial placer iter 2, wirelen = 696
Info:     at initial placer iter 3, wirelen = 696
Info: Running main analytical placer, max placement attempts per cell = 10000.
Info: Creating initial analytic placement for 0 cells, random placement wirelen = 796.
Info:     at initial placer iter 0, wirelen = 796
Info:     at initial placer iter 1, wirelen = 796
Info: HeAP Placer Time: 1.29s
Info:   of which solving equations: 0.06s
Info:   of which spreading cells: 0.00s
Info:   of which strict legalisation: 0.00s
Info:     at initial placer iter 2, wirelen = 796
Info:     at initial placer iter 3, wirelen = 796
Info: Running main analytical placer, max placement attempts per cell = 10000.
nextpnr-himbaechel --timing-allow-fail -r  --json oser16-io-tangmega138k-synth.json --write oser16-io-tangmega138k.json --device GW5AST-LV138PG484AC1/I0 --vopt cst=oser16-io-tangmega138k.cst
Info: Using uarch 'gowin' for device 'GW5AST-LV138PG484AC1/I0'
Info: HeAP Placer Time: 1.19s
Info:   of which solving equations: 0.05s
Info:   of which spreading cells: 0.00s
Info:   of which strict legalisation: 0.00s
Info: Generated random seed: 2765637741280839024

Info: Running simulated annealing placer for refinement.
Info:   at iteration #1: temp = 0.000000, timing cost = 0, wirelen = 696
Info:   at iteration #2: temp = 0.000000, timing cost = 0, wirelen = 696 
Info: SA placement time 0.00s

Info: No Fmax available; no interior timing paths found in design.
Info: Checksum: 0x29327332
Info: Routing globals...
Info:     'pclk' net was routed using global resources only.

Info: Routing..
Info: Setting up routing queue.
Info: Routing 21 arcs.
Info:            |   (re-)routed arcs  |   delta    | remaining|       time spent     |
Info:    IterCnt |  w/ripup   wo/ripup |  w/r  wo/r |      arcs| batch(sec) total(sec)|

Info: Reading constraints...
Info: Create constant nets...
Info: Modify LUTs...
Info: Pack IOBs...
Info: Pack I3C IOs...
Info: Pack MIPI IOs...
Info: Pack diff IOBs...
Info: Pack FFs into IO cells...
Info: Pack IODELAY...
Info: Pack Input Edge Monitors...
Info: Pack IO logic...
Info: Pack DESER16 logic...
Info: Pack GSR...
Info: Pack PINCFG...
Info: Pack HCLK cells...
Info: Pack DLLDLYs...
Info: Pack wide LUTs...
Info: Packed MUX2_LUT8:0, MUX2_LU7:0, MUX2_LUT6:0, MUX2_LUT5:0
Info: Pack ALUs...
Info: Pack SSRAMs...
Info: Constrained 0 LUTFF pairs.
Info: Pack PLL...
Info: Pack ADC...
Info: Pack BSRAMs...
Info: Pack DSP...
Info: Pack INV...
Info: Pack buffered nets...
Info: Pack EMCU and UserFlash cells...
Info: Pack UserFlash cells...
Info: Pack DQCE cells...
Info: Pack DCS cells...
Info: Checksum: 0x4f8dbd11

Info: Device utilisation:
Info: 	                 VCC:       1/      1   100%
Info: 	                 IOB:       6/    324     1%
Info: 	                LUT4:       0/ 138240     0%
Info: 	              OSER16:       1/    156     0%
Info: 	              IDES16:       0/    156     0%
Info: 	            IOLOGICI:       0/    326     0%
Info: 	            IOLOGICO:       0/    326     0%
Info: 	           MUX2_LUT5:       0/  69120     0%
Info: 	           MUX2_LUT6:       0/  34560     0%
Info: 	           MUX2_LUT7:       0/  17280     0%
Info: 	           MUX2_LUT8:       0/  17280     0%
Info: 	                 ALU:       0/ 103680     0%
Info: 	                 GND:       1/      1   100%
Info: 	                 DFF:       0/ 138240     0%
Info: 	           RAM16SDP4:       0/  17280     0%
Info: 	               BSRAM:       0/    340     0%
Info: 	           MULT12X12:       0/    596     0%
Info: 	        MULTALU27X18:       0/    298     0%
Info: 	     MULTADDALU12X12:       0/    298     0%
Info: 	                 GSR:       1/      1   100%
Info: 	              PINCFG:       1/      1   100%
Info: 	                 PLL:       0/     12     0%
Info: 	                BUFG:       0/     48     0%
Info: 	                DQCE:       0/     12     0%
Info: 	                 DCS:       0/      4     0%
Info: 	               DHCEN:       0/     24     0%
Info: 	              CLKDIV:       1/     24     4%
Info: 	             CLKDIV2:       0/     24     0%
Info: 	           AE350_SOC:       0/      1     0%
Info: 	              ADCLRC:       0/      1     0%
Info: 	              ADCULC:       0/      1     0%

Info: Running custom HCLK placer...
Info: Creating initial analytic placement for 0 cells, random placement wirelen = 905.
Info:     at initial placer iter 0, wirelen = 905
Info:     at initial placer iter 1, wirelen = 905
Info:     at initial placer iter 2, wirelen = 905
Info:     at initial placer iter 3, wirelen = 905
Info: Running main analytical placer, max placement attempts per cell = 10000.

Info: Running simulated annealing placer for refinement.
Info:   at iteration #1: temp = 0.000000, timing cost = 0, wirelen = 796
Info:   at iteration #2: temp = 0.000000, timing cost = 0, wirelen = 796 
Info: SA placement time 0.00s
Info: HeAP Placer Time: 1.01s
Info:   of which solving equations: 0.00s
Info:   of which spreading cells: 0.00s
Info:   of which strict legalisation: 0.00s
Info: Placed 1 cells based on constraints.

Info: No Fmax available; no interior timing paths found in design.
Info: Checksum: 0x6d3c15c7
Info: Routing globals...
Info:     'pclk' net was routed using global resources only.

Info: Routing..
Info: Setting up routing queue.
Info: Routing 25 arcs.
Info:            |   (re-)routed arcs  |   delta    | remaining|       time spent     |
Info:    IterCnt |  w/ripup   wo/ripup |  w/r  wo/r |      arcs| batch(sec) total(sec)|

Info: Running simulated annealing placer for refinement.
Info:   at iteration #1: temp = 0.000000, timing cost = 0, wirelen = 905
Info:   at iteration #2: temp = 0.000000, timing cost = 0, wirelen = 905 
Info: SA placement time 0.00s

Info: No Fmax available; no interior timing paths found in design.
Info: Checksum: 0x83a74aa4
Info: Routing globals...
Info:     'pclk' net was routed using global resources only.

Info: Routing..
Info: Setting up routing queue.
Info: Routing 26 arcs.
Info:            |   (re-)routed arcs  |   delta    | remaining|       time spent     |
Info:    IterCnt |  w/ripup   wo/ripup |  w/r  wo/r |      arcs| batch(sec) total(sec)|
Info: Creating initial analytic placement for 0 cells, random placement wirelen = 943.
Info:     at initial placer iter 0, wirelen = 943
Info:     at initial placer iter 1, wirelen = 943
Info:     at initial placer iter 2, wirelen = 943
Info:     at initial placer iter 3, wirelen = 943
Info: Running main analytical placer, max placement attempts per cell = 10000.
Info: HeAP Placer Time: 1.32s
Info:   of which solving equations: 0.00s
Info:   of which spreading cells: 0.00s
Info:   of which strict legalisation: 0.00s

Info: Running simulated annealing placer for refinement.
Info:   at iteration #1: temp = 0.000000, timing cost = 0, wirelen = 943
Info:   at iteration #2: temp = 0.000000, timing cost = 0, wirelen = 943 
Info: SA placement time 0.00s

Info: No Fmax available; no interior timing paths found in design.
Info: Checksum: 0xf48dee2c
Info: Routing globals...
Info:     'pclk' net was routed using global resources only.

Info: Routing..
Info: Setting up routing queue.
Info: Routing 26 arcs.
Info:            |   (re-)routed arcs  |   delta    | remaining|       time spent     |
Info:    IterCnt |  w/ripup   wo/ripup |  w/r  wo/r |      arcs| batch(sec) total(sec)|
Info: Creating initial analytic placement for 0 cells, random placement wirelen = 696.
Info:     at initial placer iter 0, wirelen = 696
Info:     at initial placer iter 1, wirelen = 696
Info:     at initial placer iter 2, wirelen = 696
Info:     at initial placer iter 3, wirelen = 696
Info: Running main analytical placer, max placement attempts per cell = 10000.
Info: HeAP Placer Time: 1.54s
Info:   of which solving equations: 0.00s
Info:   of which spreading cells: 0.00s
Info:   of which strict legalisation: 0.00s

Info: Running simulated annealing placer for refinement.
Info:   at iteration #1: temp = 0.000000, timing cost = 0, wirelen = 696
Info:   at iteration #2: temp = 0.000000, timing cost = 0, wirelen = 696 
Info: SA placement time 0.00s

Info: No Fmax available; no interior timing paths found in design.
Info: Checksum: 0x4f180c59
Info: Routing globals...
Info:     'pclk' net was routed using global resources only.

Info: Routing..
Info: Setting up routing queue.
Info: Routing 31 arcs.
Info:            |   (re-)routed arcs  |   delta    | remaining|       time spent     |
Info:    IterCnt |  w/ripup   wo/ripup |  w/r  wo/r |      arcs| batch(sec) total(sec)|
Info:         17 |        0         17 |    0    17 |         0|     108.27     108.27|
Info: Routing complete.
Info: Router1 time 108.27s
Info: Checksum: 0x55ba0841

Info: No Fmax available; no interior timing paths found in design.

Info: Program finished normally.
nextpnr-himbaechel --timing-allow-fail -r  --json ides16-io-tangmega138k-synth.json --write ides16-io-tangmega138k.json --device GW5AST-LV138PG484AC1/I0 --vopt cst=ides16-io-tangmega138k.cst
Info: Using uarch 'gowin' for device 'GW5AST-LV138PG484AC1/I0'
Info: Generated random seed: 14925784339456826023

Info: Reading constraints...
Info: Create constant nets...
Info: Modify LUTs...
Info: Pack IOBs...
Info: Pack I3C IOs...
Info: Pack MIPI IOs...
Info: Pack diff IOBs...
Info: Pack FFs into IO cells...
Info: Pack IODELAY...
Info: Pack Input Edge Monitors...
Info: Pack IO logic...
Info: Pack DESER16 logic...
Info: Pack GSR...
Info: Pack PINCFG...
Info: Pack HCLK cells...
Info: Pack DLLDLYs...
Info: Pack wide LUTs...
Info: Packed MUX2_LUT8:0, MUX2_LU7:0, MUX2_LUT6:0, MUX2_LUT5:0
Info: Pack ALUs...
Info: Pack SSRAMs...
Info: Constrained 0 LUTFF pairs.
Info: Pack PLL...
Info: Pack ADC...
Info: Pack BSRAMs...
Info: Pack DSP...
Info: Pack INV...
Info: Pack buffered nets...
Info: Pack EMCU and UserFlash cells...
Info: Pack UserFlash cells...
Info: Pack DQCE cells...
Info: Pack DCS cells...
Info: Checksum: 0xbacaf17c

Info: Device utilisation:
Info: 	                 VCC:       1/      1   100%
Info: 	                 IOB:      14/    324     4%
Info: 	                LUT4:       0/ 138240     0%
Info: 	              OSER16:       0/    156     0%
Info: 	              IDES16:       1/    156     0%
Info: 	            IOLOGICI:       0/    326     0%
Info: 	            IOLOGICO:       0/    326     0%
Info: 	           MUX2_LUT5:       0/  69120     0%
Info: 	           MUX2_LUT6:       0/  34560     0%
Info: 	           MUX2_LUT7:       0/  17280     0%
Info: 	           MUX2_LUT8:       0/  17280     0%
Info: 	                 ALU:       0/ 103680     0%
Info: 	                 GND:       1/      1   100%
Info: 	                 DFF:       0/ 138240     0%
Info: 	           RAM16SDP4:       0/  17280     0%
Info: 	               BSRAM:       0/    340     0%
Info: 	           MULT12X12:       0/    596     0%
Info: 	        MULTALU27X18:       0/    298     0%
Info: 	     MULTADDALU12X12:       0/    298     0%
Info: 	                 GSR:       1/      1   100%
Info: 	              PINCFG:       1/      1   100%
Info: 	                 PLL:       0/     12     0%
Info: 	                BUFG:       0/     48     0%
Info: 	                DQCE:       0/     12     0%
Info: 	                 DCS:       0/      4     0%
Info: 	               DHCEN:       0/     24     0%
Info: 	              CLKDIV:       1/     24     4%
Info: 	             CLKDIV2:       0/     24     0%
Info: 	           AE350_SOC:       0/      1     0%
Info: 	              ADCLRC:       0/      1     0%
Info: 	              ADCULC:       0/      1     0%

Info: Running custom HCLK placer...
Info: Placed 1 cells based on constraints.
Info:         22 |        0         22 |    0    22 |         0|     109.38     109.38|
Info: Routing complete.
Info: Router1 time 109.38s
Info: Checksum: 0x13db3179

Info: No Fmax available; no interior timing paths found in design.

Info: Program finished normally.
nextpnr-himbaechel --timing-allow-fail -r  --json tlvds-ibuf-io-tangmega138k-synth.json --write tlvds-ibuf-io-tangmega138k.json --device GW5AST-LV138PG484AC1/I0 --vopt cst=tlvds-ibuf-io-tangmega138k.cst
Info: Using uarch 'gowin' for device 'GW5AST-LV138PG484AC1/I0'
Info: Generated random seed: 16162960139882280165

Info: Reading constraints...
Info: Create constant nets...
Info: Modify LUTs...
Info: Pack IOBs...
Info: Pack I3C IOs...
Info: Pack MIPI IOs...
Info: Pack diff IOBs...
Info: Pack FFs into IO cells...
Info: Pack IODELAY...
Info: Pack Input Edge Monitors...
Info: Pack IO logic...
Info: Pack DESER16 logic...
Info: Pack GSR...
Info: Pack PINCFG...
Info: Pack HCLK cells...
Info: Pack DLLDLYs...
Info: Pack wide LUTs...
Info: Packed MUX2_LUT8:0, MUX2_LU7:0, MUX2_LUT6:0, MUX2_LUT5:0
Info: Pack ALUs...
Info: Pack SSRAMs...
Info: Constrained 0 LUTFF pairs.
Info: Pack PLL...
Info: Pack ADC...
Info: Pack BSRAMs...
Info: Pack DSP...
Info: Pack INV...
Info: Pack buffered nets...
Info: Pack EMCU and UserFlash cells...
Info: Pack UserFlash cells...
Info: Pack DQCE cells...
Info: Pack DCS cells...
Info: Checksum: 0xf7c9ebe8

Info: Device utilisation:
Info: 	                 VCC:       1/      1   100%
Info: 	                 IOB:       5/    324     1%
Info: 	                LUT4:       0/ 138240     0%
Info: 	              OSER16:       0/    156     0%
Info: 	              IDES16:       0/    156     0%
Info: 	            IOLOGICI:       0/    326     0%
Info: 	            IOLOGICO:       0/    326     0%
Info: 	           MUX2_LUT5:       0/  69120     0%
Info: 	           MUX2_LUT6:       0/  34560     0%
Info: 	           MUX2_LUT7:       0/  17280     0%
Info: 	           MUX2_LUT8:       0/  17280     0%
Info: 	                 ALU:       0/ 103680     0%
Info: 	                 GND:       1/      1   100%
Info: 	                 DFF:       0/ 138240     0%
Info: 	           RAM16SDP4:       0/  17280     0%
Info: 	               BSRAM:       0/    340     0%
Info: 	           MULT12X12:       0/    596     0%
Info: 	        MULTALU27X18:       0/    298     0%
Info: 	     MULTADDALU12X12:       0/    298     0%
Info: 	                 GSR:       1/      1   100%
Info: 	              PINCFG:       1/      1   100%
Info: 	                 PLL:       0/     12     0%
Info: 	                BUFG:       0/     48     0%
Info: 	                DQCE:       0/     12     0%
Info: 	                 DCS:       0/      4     0%
Info: 	               DHCEN:       0/     24     0%
Info: 	              CLKDIV:       0/     24     0%
Info: 	             CLKDIV2:       0/     24     0%
Info: 	           AE350_SOC:       0/      1     0%
Info: 	              ADCLRC:       0/      1     0%
Info: 	              ADCULC:       0/      1     0%

Info: Running custom HCLK placer...
Info: Placed 0 cells based on constraints.
Info: Creating initial analytic placement for 0 cells, random placement wirelen = 932.
Info:     at initial placer iter 0, wirelen = 932
Info:     at initial placer iter 1, wirelen = 932
Info:     at initial placer iter 2, wirelen = 932
Info:     at initial placer iter 3, wirelen = 932
Info: Running main analytical placer, max placement attempts per cell = 10000.
Info: HeAP Placer Time: 2.65s
Info:   of which solving equations: 0.00s
Info:   of which spreading cells: 0.00s
Info:   of which strict legalisation: 0.00s
Info: Creating initial analytic placement for 0 cells, random placement wirelen = 644.
Info:     at initial placer iter 0, wirelen = 644
Info:     at initial placer iter 1, wirelen = 644
Info:     at initial placer iter 2, wirelen = 644
Info:     at initial placer iter 3, wirelen = 644
Info: Running main analytical placer, max placement attempts per cell = 10000.
Info: HeAP Placer Time: 1.48s
Info:   of which solving equations: 0.00s
Info:   of which spreading cells: 0.00s
Info:   of which strict legalisation: 0.00s

Info: Running simulated annealing placer for refinement.
Info:   at iteration #1: temp = 0.000000, timing cost = 0, wirelen = 644
Info:   at iteration #2: temp = 0.000000, timing cost = 0, wirelen = 644 
Info: SA placement time 0.00s

Info: Running simulated annealing placer for refinement.
Info:   at iteration #1: temp = 0.000000, timing cost = 0, wirelen = 932
Info:   at iteration #2: temp = 0.000000, timing cost = 0, wirelen = 932 
Info: SA placement time 0.00s

Info: No Fmax available; no interior timing paths found in design.
Info: Checksum: 0xc722fbfe
Info: Routing globals...

Info: Routing..
Info: Setting up routing queue.
Info: Routing 7 arcs.
Info:            |   (re-)routed arcs  |   delta    | remaining|       time spent     |
Info:    IterCnt |  w/ripup   wo/ripup |  w/r  wo/r |      arcs| batch(sec) total(sec)|
Info:          7 |        0          7 |    0     7 |         0|       0.02       0.02|
Info: Routing complete.
Info: Router1 time 0.02s
Info: Checksum: 0x8b834d68

Info: No Fmax available; no interior timing paths found in design.


Info: No Fmax available; no interior timing paths found in design.
Info: Checksum: 0xadf73919
Info: Routing globals...
Info:     'pclk' net was routed using global resources only.

Info: Routing..
Info: Setting up routing queue.
Info: Routing 24 arcs.
Info:            |   (re-)routed arcs  |   delta    | remaining|       time spent     |
Info:    IterCnt |  w/ripup   wo/ripup |  w/r  wo/r |      arcs| batch(sec) total(sec)|
Info: Program finished normally.
nextpnr-himbaechel --timing-allow-fail -r  --json tlvds-obuf-io-tangmega138k-synth.json --write tlvds-obuf-io-tangmega138k.json --device GW5AST-LV138PG484AC1/I0 --vopt cst=tlvds-obuf-io-tangmega138k.cst
Info: Using uarch 'gowin' for device 'GW5AST-LV138PG484AC1/I0'
Info: Generated random seed: 10329994408304247781

Info: Reading constraints...
Info: Create constant nets...
Info: Modify LUTs...
Info: Pack IOBs...
Info: Pack I3C IOs...
Info: Pack MIPI IOs...
Info: Pack diff IOBs...
Info: Pack FFs into IO cells...
Info: Pack IODELAY...
Info: Pack Input Edge Monitors...
Info: Pack IO logic...
Info: Pack DESER16 logic...
Info: Pack GSR...
Info: Pack PINCFG...
Info: Pack HCLK cells...
Info: Pack DLLDLYs...
Info: Pack wide LUTs...
Info: Packed MUX2_LUT8:0, MUX2_LU7:0, MUX2_LUT6:0, MUX2_LUT5:0
Info: Pack ALUs...
Info: Pack SSRAMs...
Info: Constrained 0 LUTFF pairs.
Info: Pack PLL...
Info: Pack ADC...
Info: Pack BSRAMs...
Info: Pack DSP...
Info: Pack INV...
Info: Pack buffered nets...
Info: Pack EMCU and UserFlash cells...
Info: Pack UserFlash cells...
Info: Pack DQCE cells...
Info: Pack DCS cells...
Info: Checksum: 0xe23ff854

Info: Device utilisation:
Info: 	                 VCC:       1/      1   100%
Info: 	                 IOB:       5/    324     1%
Info: 	                LUT4:       0/ 138240     0%
Info: 	              OSER16:       0/    156     0%
Info: 	              IDES16:       0/    156     0%
Info: 	            IOLOGICI:       0/    326     0%
Info: 	            IOLOGICO:       0/    326     0%
Info: 	           MUX2_LUT5:       0/  69120     0%
Info: 	           MUX2_LUT6:       0/  34560     0%
Info: 	           MUX2_LUT7:       0/  17280     0%
Info: 	           MUX2_LUT8:       0/  17280     0%
Info: 	                 ALU:       0/ 103680     0%
Info: 	                 GND:       1/      1   100%
Info: 	                 DFF:       0/ 138240     0%
Info: 	           RAM16SDP4:       0/  17280     0%
Info: 	               BSRAM:       0/    340     0%
Info: 	           MULT12X12:       0/    596     0%
Info: 	        MULTALU27X18:       0/    298     0%
Info: 	     MULTADDALU12X12:       0/    298     0%
Info: 	                 GSR:       1/      1   100%
Info: 	              PINCFG:       1/      1   100%
Info: 	                 PLL:       0/     12     0%
Info: 	                BUFG:       0/     48     0%
Info: 	                DQCE:       0/     12     0%
Info: 	                 DCS:       0/      4     0%
Info: 	               DHCEN:       0/     24     0%
Info: 	              CLKDIV:       0/     24     0%
Info: 	             CLKDIV2:       0/     24     0%
Info: 	           AE350_SOC:       0/      1     0%
Info: 	              ADCLRC:       0/      1     0%
Info: 	              ADCULC:       0/      1     0%

Info: Running custom HCLK placer...
Info: Placed 0 cells based on constraints.
Info: Creating initial analytic placement for 0 cells, random placement wirelen = 644.
Info:     at initial placer iter 0, wirelen = 644
Info:     at initial placer iter 1, wirelen = 644
Info:     at initial placer iter 2, wirelen = 644
Info:     at initial placer iter 3, wirelen = 644
Info: Running main analytical placer, max placement attempts per cell = 10000.
Info: HeAP Placer Time: 1.15s
Info:   of which solving equations: 0.03s
Info:   of which spreading cells: 0.00s
Info:   of which strict legalisation: 0.00s

Info: Running simulated annealing placer for refinement.
Info:   at iteration #1: temp = 0.000000, timing cost = 0, wirelen = 644
Info:   at iteration #2: temp = 0.000000, timing cost = 0, wirelen = 644 
Info: SA placement time 0.00s

Info: No Fmax available; no interior timing paths found in design.
Info: Checksum: 0xe2ab8146
Info: Routing globals...

Info: Routing..
Info: Setting up routing queue.
Info: Routing 8 arcs.
Info:            |   (re-)routed arcs  |   delta    | remaining|       time spent     |
Info:    IterCnt |  w/ripup   wo/ripup |  w/r  wo/r |      arcs| batch(sec) total(sec)|
Info:          8 |        0          8 |    0     8 |         0|       0.04       0.04|
Info: Routing complete.
Info: Router1 time 0.04s
Info: Checksum: 0x76fbad00

Info: No Fmax available; no interior timing paths found in design.

Info: Program finished normally.
nextpnr-himbaechel --timing-allow-fail -r  --json tlvds-tbuf-io-tangmega138k-synth.json --write tlvds-tbuf-io-tangmega138k.json --device GW5AST-LV138PG484AC1/I0 --vopt cst=tlvds-tbuf-io-tangmega138k.cst
Info: Using uarch 'gowin' for device 'GW5AST-LV138PG484AC1/I0'
Info: Generated random seed: 7321287905390134305
Info:         24 |        0         24 |    0    24 |         0|     113.67     113.67|
Info: Routing complete.
Info: Router1 time 113.67s
Info: Checksum: 0xec2552d0

Info: No Fmax available; no interior timing paths found in design.

Info: Reading constraints...
Info: Create constant nets...
Info: Modify LUTs...
Info: Pack IOBs...
Info: Pack I3C IOs...
Info: Pack MIPI IOs...
Info: Pack diff IOBs...
Info: Pack FFs into IO cells...
Info: Pack IODELAY...
Info: Pack Input Edge Monitors...
Info: Pack IO logic...
Info: Pack DESER16 logic...
Info: Pack GSR...
Info: Pack PINCFG...
Info: Pack HCLK cells...
Info: Pack DLLDLYs...
Info: Pack wide LUTs...
Info: Packed MUX2_LUT8:0, MUX2_LU7:0, MUX2_LUT6:0, MUX2_LUT5:0
Info: Pack ALUs...
Info: Pack SSRAMs...
Info: Constrained 0 LUTFF pairs.
Info: Pack PLL...
Info: Pack ADC...
Info: Pack BSRAMs...
Info: Pack DSP...
Info: Pack INV...
Info: Pack buffered nets...
Info: Pack EMCU and UserFlash cells...
Info: Pack UserFlash cells...
Info: Pack DQCE cells...
Info: Pack DCS cells...
Info: Checksum: 0x5998a609

Info: Device utilisation:
Info: 	                 VCC:       1/      1   100%
Info: 	                 IOB:       5/    324     1%
Info: 	                LUT4:       0/ 138240     0%
Info: 	              OSER16:       0/    156     0%
Info: 	              IDES16:       0/    156     0%
Info: 	            IOLOGICI:       0/    326     0%
Info: 	            IOLOGICO:       0/    326     0%
Info: 	           MUX2_LUT5:       0/  69120     0%
Info: 	           MUX2_LUT6:       0/  34560     0%
Info: 	           MUX2_LUT7:       0/  17280     0%
Info: 	           MUX2_LUT8:       0/  17280     0%
Info: 	                 ALU:       0/ 103680     0%
Info: 	                 GND:       1/      1   100%
Info: 	                 DFF:       0/ 138240     0%
Info: 	           RAM16SDP4:       0/  17280     0%
Info: 	               BSRAM:       0/    340     0%
Info: 	           MULT12X12:       0/    596     0%
Info: 	        MULTALU27X18:       0/    298     0%
Info: 	     MULTADDALU12X12:       0/    298     0%
Info: 	                 GSR:       1/      1   100%
Info: 	              PINCFG:       1/      1   100%
Info: 	                 PLL:       0/     12     0%
Info: 	                BUFG:       0/     48     0%
Info: 	                DQCE:       0/     12     0%
Info: 	                 DCS:       0/      4     0%
Info: 	               DHCEN:       0/     24     0%
Info: 	              CLKDIV:       0/     24     0%
Info: 	             CLKDIV2:       0/     24     0%
Info: 	           AE350_SOC:       0/      1     0%
Info: 	              ADCLRC:       0/      1     0%
Info: 	              ADCULC:       0/      1     0%

Info: Running custom HCLK placer...

Info: Placed 0 cells based on constraints.
Info: Program finished normally.
nextpnr-himbaechel --timing-allow-fail -r  --json tlvds-iobuf-io-tangmega138k-synth.json --write tlvds-iobuf-io-tangmega138k.json --device GW5AST-LV138PG484AC1/I0 --vopt cst=tlvds-iobuf-io-tangmega138k.cst
Info: Using uarch 'gowin' for device 'GW5AST-LV138PG484AC1/I0'
Info: Generated random seed: 13043011726575799954

Info: Reading constraints...
Info: Create constant nets...
Info: Modify LUTs...
Info: Pack IOBs...
Info: Pack I3C IOs...
Info: Pack MIPI IOs...
Info: Pack diff IOBs...
Info: Pack FFs into IO cells...
Info: Pack IODELAY...
Info: Pack Input Edge Monitors...
Info: Pack IO logic...
Info: Pack DESER16 logic...
Info: Pack GSR...
Info: Pack PINCFG...
Info: Pack HCLK cells...
Info: Pack DLLDLYs...
Info: Pack wide LUTs...
Info: Packed MUX2_LUT8:0, MUX2_LU7:0, MUX2_LUT6:0, MUX2_LUT5:0
Info: Pack ALUs...
Info: Pack SSRAMs...
Info: Constrained 0 LUTFF pairs.
Info: Pack PLL...
Info: Pack ADC...
Info: Pack BSRAMs...
Info: Pack DSP...
Info: Pack INV...
Info: Pack buffered nets...
Info: Pack EMCU and UserFlash cells...
Info: Pack UserFlash cells...
Info: Pack DQCE cells...
Info: Pack DCS cells...
Info: Checksum: 0xdffc6fb4

Info: Device utilisation:
Info: 	                 VCC:       1/      1   100%
Info: 	                 IOB:       3/    324     0%
Info: 	                LUT4:       0/ 138240     0%
Info: 	              OSER16:       0/    156     0%
Info: 	              IDES16:       0/    156     0%
Info: 	            IOLOGICI:       0/    326     0%
Info: 	            IOLOGICO:       0/    326     0%
Info: 	           MUX2_LUT5:       0/  69120     0%
Info: 	           MUX2_LUT6:       0/  34560     0%
Info: 	           MUX2_LUT7:       0/  17280     0%
Info: 	           MUX2_LUT8:       0/  17280     0%
Info: 	                 ALU:       0/ 103680     0%
Info: 	                 GND:       1/      1   100%
Info: 	                 DFF:       0/ 138240     0%
Info: 	           RAM16SDP4:       0/  17280     0%
Info: 	               BSRAM:       0/    340     0%
Info: 	           MULT12X12:       0/    596     0%
Info: 	        MULTALU27X18:       0/    298     0%
Info: 	     MULTADDALU12X12:       0/    298     0%
Info: 	                 GSR:       1/      1   100%
Info: 	              PINCFG:       1/      1   100%
Info: 	                 PLL:       0/     12     0%
Info: 	                BUFG:       0/     48     0%
Info: 	                DQCE:       0/     12     0%
Info: 	                 DCS:       0/      4     0%
Info: 	               DHCEN:       0/     24     0%
Info: 	              CLKDIV:       0/     24     0%
Info: 	             CLKDIV2:       0/     24     0%
Info: 	           AE350_SOC:       0/      1     0%
Info: 	              ADCLRC:       0/      1     0%
Info: 	              ADCULC:       0/      1     0%

Info: Running custom HCLK placer...
Info: Placed 0 cells based on constraints.
Info: Creating initial analytic placement for 0 cells, random placement wirelen = 743.
Info:     at initial placer iter 0, wirelen = 743
Info:     at initial placer iter 1, wirelen = 743
Info:     at initial placer iter 2, wirelen = 743
Info:     at initial placer iter 3, wirelen = 743
Info: Running main analytical placer, max placement attempts per cell = 10000.
Info: HeAP Placer Time: 1.60s
Info:   of which solving equations: 0.00s
Info:   of which spreading cells: 0.00s
Info:   of which strict legalisation: 0.00s

Info: Running simulated annealing placer for refinement.
Info:   at iteration #1: temp = 0.000000, timing cost = 0, wirelen = 743
Info:   at iteration #2: temp = 0.000000, timing cost = 0, wirelen = 743 
Info: SA placement time 0.00s

Info: No Fmax available; no interior timing paths found in design.
Info: Checksum: 0xcbc57e48
Info: Routing globals...

Info: Routing..
Info: Setting up routing queue.
Info: Routing 9 arcs.
Info:            |   (re-)routed arcs  |   delta    | remaining|       time spent     |
Info:    IterCnt |  w/ripup   wo/ripup |  w/r  wo/r |      arcs| batch(sec) total(sec)|
Info:          9 |        0          9 |    0     9 |         0|       0.01       0.01|
Info: Routing complete.
Info: Router1 time 0.01s
Info: Checksum: 0x7bc80b7c

Info: No Fmax available; no interior timing paths found in design.

Info: Program finished normally.
nextpnr-himbaechel --timing-allow-fail -r  --json iodelay-static-io-tangmega138k-synth.json --write iodelay-static-io-tangmega138k.json --device GW5AST-LV138PG484AC1/I0 --vopt cst=iodelay-static-io-tangmega138k.cst
Info: Using uarch 'gowin' for device 'GW5AST-LV138PG484AC1/I0'
Info: Generated random seed: 1227597042338202675
Info: Creating initial analytic placement for 0 cells, random placement wirelen = 785.
Info:     at initial placer iter 0, wirelen = 785
Info:     at initial placer iter 1, wirelen = 785

Info: Reading constraints...
Info:     at initial placer iter 2, wirelen = 785
Info:     at initial placer iter 3, wirelen = 785
Info: Running main analytical placer, max placement attempts per cell = 10000.
Info: Create constant nets...
Info: Modify LUTs...
Info: Pack IOBs...
Info: Pack I3C IOs...
Info: Pack MIPI IOs...
Info: Pack diff IOBs...
Info: Pack FFs into IO cells...
Info: Pack IODELAY...
Info: Pack Input Edge Monitors...
Info: Pack IO logic...
Info: Pack DESER16 logic...
Info: Pack GSR...
Info: Pack PINCFG...
Info: Pack HCLK cells...
Info: Pack DLLDLYs...
Info: Pack wide LUTs...
Info: Packed MUX2_LUT8:0, MUX2_LU7:0, MUX2_LUT6:0, MUX2_LUT5:0
Info: Pack ALUs...
Info: Pack SSRAMs...
Info: Constrained 0 LUTFF pairs.
Info: Pack PLL...
Info: Pack ADC...
Info: Pack BSRAMs...
Info: Pack DSP...
Info: Pack INV...
Info: Pack buffered nets...
Info: Pack EMCU and UserFlash cells...
Info: Pack UserFlash cells...
Info: Pack DQCE cells...
Info: Pack DCS cells...
Info: Checksum: 0x84111c7a

Info: Device utilisation:
Info: 	                 VCC:       1/      1   100%
Info: 	                 IOB:      15/    324     4%
Info: 	                LUT4:       0/ 138240     0%
Info: 	              OSER16:       0/    156     0%
Info: 	              IDES16:       0/    156     0%
Info: 	            IOLOGICI:       1/    326     0%
Info: 	            IOLOGICO:       0/    326     0%
Info: 	           MUX2_LUT5:       0/  69120     0%
Info: 	           MUX2_LUT6:       0/  34560     0%
Info: 	           MUX2_LUT7:       0/  17280     0%
Info: 	           MUX2_LUT8:       0/  17280     0%
Info: 	                 ALU:       0/ 103680     0%
Info: 	                 GND:       1/      1   100%
Info: 	                 DFF:       0/ 138240     0%
Info: 	           RAM16SDP4:       0/  17280     0%
Info: 	               BSRAM:       0/    340     0%
Info: 	           MULT12X12:       0/    596     0%
Info: 	        MULTALU27X18:       0/    298     0%
Info: 	     MULTADDALU12X12:       0/    298     0%
Info: 	                 GSR:       1/      1   100%
Info: 	              PINCFG:       1/      1   100%
Info: 	                 PLL:       0/     12     0%
Info: 	                BUFG:       1/     48     2%
Info: 	                DQCE:       0/     12     0%
Info: 	                 DCS:       0/      4     0%
Info: 	               DHCEN:       0/     24     0%
Info: 	              CLKDIV:       0/     24     0%
Info: 	             CLKDIV2:       0/     24     0%
Info: 	           AE350_SOC:       0/      1     0%
Info: 	              ADCLRC:       0/      1     0%
Info: 	              ADCULC:       0/      1     0%

Info: Running custom HCLK placer...
Info: HeAP Placer Time: 1.50s
Info:   of which solving equations: 0.00s
Info:   of which spreading cells: 0.00s
Info:   of which strict legalisation: 0.00s
Info: Placed 0 cells based on constraints.

Info: Running simulated annealing placer for refinement.
Info:   at iteration #1: temp = 0.000000, timing cost = 0, wirelen = 785
Info:   at iteration #2: temp = 0.000000, timing cost = 0, wirelen = 785 
Info: SA placement time 0.00s

Info: No Fmax available; no interior timing paths found in design.
Info: Checksum: 0x0d8c212b
Info: Routing globals...

Info: Routing..
Info: Setting up routing queue.
Info: Routing 9 arcs.
Info:            |   (re-)routed arcs  |   delta    | remaining|       time spent     |
Info:    IterCnt |  w/ripup   wo/ripup |  w/r  wo/r |      arcs| batch(sec) total(sec)|
Info:          9 |        0          9 |    0     9 |         0|       0.02       0.02|
Info: Routing complete.
Info: Router1 time 0.02s
Info: Checksum: 0xd8606971

Info: No Fmax available; no interior timing paths found in design.

Info: Program finished normally.
nextpnr-himbaechel --timing-allow-fail -r  --json adclrc-io-tangmega138k-synth.json --write adclrc-io-tangmega138k.json --device GW5AST-LV138PG484AC1/I0 --vopt cst=adclrc-io-tangmega138k.cst
Info: Using uarch 'gowin' for device 'GW5AST-LV138PG484AC1/I0'
Info: Generated random seed: 3661992233672511479

Info: Reading constraints...
Info: Create constant nets...
Info: Modify LUTs...
Info: Pack IOBs...
Info: Pack I3C IOs...
Info: Pack MIPI IOs...
Info: Pack diff IOBs...
Info: Pack FFs into IO cells...
Info: Pack IODELAY...
Info: Pack Input Edge Monitors...
Info: Pack IO logic...
Info: Pack DESER16 logic...
Info: Pack GSR...
Info: Pack PINCFG...
Info: Pack HCLK cells...
Info: Pack DLLDLYs...
Info: Pack wide LUTs...
Info: Packed MUX2_LUT8:0, MUX2_LU7:0, MUX2_LUT6:0, MUX2_LUT5:0
Info: Pack ALUs...
Info: Pack SSRAMs...
Info: Constrained 0 LUTFF pairs.
Info: Pack PLL...
Info: Pack ADC...
Info: Pack BSRAMs...
Info: Pack DSP...
Info: Pack INV...
Info: Pack buffered nets...
Info: Pack EMCU and UserFlash cells...
Info: Pack UserFlash cells...
Info: Pack DQCE cells...
Info: Pack DCS cells...
Info: Checksum: 0x7c490185

Info: Device utilisation:
Info: 	                 VCC:       1/      1   100%
Info: 	                 IOB:      16/    324     4%
Info: 	                LUT4:       1/ 138240     0%
Info: 	              OSER16:       0/    156     0%
Info: 	              IDES16:       0/    156     0%
Info: 	            IOLOGICI:       0/    326     0%
Info: 	            IOLOGICO:       0/    326     0%
Info: 	           MUX2_LUT5:       0/  69120     0%
Info: 	           MUX2_LUT6:       0/  34560     0%
Info: 	           MUX2_LUT7:       0/  17280     0%
Info: 	           MUX2_LUT8:       0/  17280     0%
Info: 	                 ALU:       0/ 103680     0%
Info: 	                 GND:       1/      1   100%
Info: 	                 DFF:       0/ 138240     0%
Info: 	           RAM16SDP4:       0/  17280     0%
Info: 	               BSRAM:       0/    340     0%
Info: 	           MULT12X12:       0/    596     0%
Info: 	        MULTALU27X18:       0/    298     0%
Info: 	     MULTADDALU12X12:       0/    298     0%
Info: 	                 GSR:       1/      1   100%
Info: 	              PINCFG:       1/      1   100%
Info: 	                 PLL:       0/     12     0%
Info: 	                BUFG:       1/     48     2%
Info: 	                DQCE:       0/     12     0%
Info: 	                 DCS:       0/      4     0%
Info: 	               DHCEN:       0/     24     0%
Info: 	              CLKDIV:       0/     24     0%
Info: 	             CLKDIV2:       0/     24     0%
Info: 	           AE350_SOC:       0/      1     0%
Info: 	              ADCLRC:       1/      1   100%
Info: 	              ADCULC:       0/      1     0%

Info: Running custom HCLK placer...
Info: Placed 0 cells based on constraints.
Info: Creating initial analytic placement for 1 cells, random placement wirelen = 821.
Info:     at initial placer iter 0, wirelen = 679
Info:     at initial placer iter 1, wirelen = 679
Info:     at initial placer iter 2, wirelen = 679
Info:     at initial placer iter 3, wirelen = 679
Info: Running main analytical placer, max placement attempts per cell = 10000.
Info:     at iteration #1, type BUFG: wirelen solved = 679, spread = 679, legal = 691; time = 0.22s
Info: HeAP Placer Time: 2.09s
Info:   of which solving equations: 0.00s
Info:   of which spreading cells: 0.01s
Info:   of which strict legalisation: 0.00s
Info:         26 |        0         26 |    0    26 |         0|     111.94     111.94|
Info: Routing complete.
Info: Router1 time 111.94s
Info: Checksum: 0x5891a00a

Info: No Fmax available; no interior timing paths found in design.

Info: Program finished normally.
gowin_pack -d GW5AST-138C -o iddr-boardclk-tangmega138k.fs iddr-boardclk-tangmega138k.json

Info: Running simulated annealing placer for refinement.
Info:   at iteration #1: temp = 0.000000, timing cost = 0, wirelen = 691
Info:   at iteration #2: temp = 0.000000, timing cost = 0, wirelen = 691 
Info: SA placement time 0.00s

Info: No Fmax available; no interior timing paths found in design.
Info: Checksum: 0x84fdb730
Info: Routing globals...
Info:     'cap_CLK' net was routed.

Info: Routing..
Info: Setting up routing queue.
Info: Routing 11 arcs.
Info:            |   (re-)routed arcs  |   delta    | remaining|       time spent     |
Info:    IterCnt |  w/ripup   wo/ripup |  w/r  wo/r |      arcs| batch(sec) total(sec)|
Info:         11 |        0         11 |    0    11 |         0|       0.02       0.02|
Info: Routing complete.
Info: Router1 time 0.02s
Info: Checksum: 0x93874b82

Info: No Fmax available; no interior timing paths found in design.

Info: Program finished normally.
gowin_pack -d GW5AST-138C -o oddr-io-tangmega138k.fs oddr-io-tangmega138k.json
Info: Creating initial analytic placement for 3 cells, random placement wirelen = 2437.
Info:     at initial placer iter 0, wirelen = 668
Info:     at initial placer iter 1, wirelen = 665
Info:     at initial placer iter 2, wirelen = 665
Info:     at initial placer iter 3, wirelen = 665
Info: Running main analytical placer, max placement attempts per cell = 10000.
Info:     at iteration #1, type ALL: wirelen solved = 665, spread = 665, legal = 2481; time = 0.23s
Info:     at iteration #2, type ALL: wirelen solved = 670, spread = 670, legal = 2476; time = 0.12s
Info:     at iteration #3, type ALL: wirelen solved = 666, spread = 666, legal = 2467; time = 0.07s
Info:     at iteration #4, type ALL: wirelen solved = 668, spread = 668, legal = 2471; time = 0.04s
Info:     at iteration #5, type ALL: wirelen solved = 669, spread = 669, legal = 2471; time = 0.03s
Info:     at iteration #6, type ALL: wirelen solved = 672, spread = 672, legal = 2465; time = 0.03s
Info:     at iteration #7, type ALL: wirelen solved = 676, spread = 676, legal = 2460; time = 0.02s
Info:     at iteration #8, type ALL: wirelen solved = 673, spread = 673, legal = 2465; time = 0.13s
Info:     at iteration #9, type ALL: wirelen solved = 674, spread = 674, legal = 2461; time = 0.08s
Info:     at iteration #10, type ALL: wirelen solved = 672, spread = 672, legal = 2461; time = 0.11s
Info:     at iteration #11, type ALL: wirelen solved = 678, spread = 678, legal = 2461; time = 0.10s
Info:     at iteration #12, type ALL: wirelen solved = 678, spread = 678, legal = 2461; time = 0.09s
Info: HeAP Placer Time: 3.20s
Info:   of which solving equations: 0.00s
Info:   of which spreading cells: 0.54s
Info:   of which strict legalisation: 0.14s

Info: Running simulated annealing placer for refinement.
Info:   at iteration #1: temp = 0.000000, timing cost = 0, wirelen = 2460
Info:   at iteration #5: temp = 0.000000, timing cost = 0, wirelen = 2414
Info:   at iteration #7: temp = 0.000000, timing cost = 0, wirelen = 2398 
Info: SA placement time 0.00s

Info: No Fmax available; no interior timing paths found in design.
Info: Checksum: 0x628bf5bb
Info: Routing globals...
Info:         25 |        0         25 |    0    25 |         0|     114.96     114.96|
Info: Routing complete.
Info: Router1 time 114.96s
Info: Checksum: 0x85127937

Info: No Fmax available; no interior timing paths found in design.

Info:     'dut_CLK' net was routed.

Info: Routing..
Info: Setting up routing queue.
Info: Routing 52 arcs.
Info:            |   (re-)routed arcs  |   delta    | remaining|       time spent     |
Info:    IterCnt |  w/ripup   wo/ripup |  w/r  wo/r |      arcs| batch(sec) total(sec)|
Info: Program finished normally.
gowin_pack -d GW5AST-138C -o iddr-io-tangmega138k.fs iddr-io-tangmega138k.json
Info:         52 |        0         52 |    0    52 |         0|       0.24       0.24|
Info: Routing complete.
Info: Router1 time 0.24s
Info: Checksum: 0xf11ce17f

Info: No Fmax available; no interior timing paths found in design.

Info: Program finished normally.
gowin_pack -d GW5AST-138C -o oser4-io-tangmega138k.fs oser4-io-tangmega138k.json
Info:         21 |        0         21 |    0    21 |         0|     118.73     118.73|
Info: Routing complete.
Info: Router1 time 118.73s
Info: Checksum: 0xc5f4e3cc

Info: No Fmax available; no interior timing paths found in design.

Info: Program finished normally.
gowin_pack -d GW5AST-138C -o oser8-io-tangmega138k.fs oser8-io-tangmega138k.json
Info:         26 |        0         26 |    0    26 |         0|     120.85     120.85|
Info: Routing complete.
Info: Router1 time 120.85s
Info: Checksum: 0x07483112

Info: No Fmax available; no interior timing paths found in design.

Info: Program finished normally.
gowin_pack -d GW5AST-138C -o oser10-io-tangmega138k.fs oser10-io-tangmega138k.json
gowin_pack -d GW5AST-138C -o ovideo-io-tangmega138k.fs ovideo-io-tangmega138k.json
gowin_pack -d GW5AST-138C -o ides4-io-tangmega138k.fs ides4-io-tangmega138k.json
gowin_pack -d GW5AST-138C -o ides8-io-tangmega138k.fs ides8-io-tangmega138k.json
gowin_pack -d GW5AST-138C -o ides10-io-tangmega138k.fs ides10-io-tangmega138k.json
gowin_pack -d GW5AST-138C -o tlvds-ibuf-io-tangmega138k.fs tlvds-ibuf-io-tangmega138k.json
gowin_pack -d GW5AST-138C -o tlvds-obuf-io-tangmega138k.fs tlvds-obuf-io-tangmega138k.json
gowin_pack -d GW5AST-138C -o tlvds-tbuf-io-tangmega138k.fs tlvds-tbuf-io-tangmega138k.json
gowin_pack -d GW5AST-138C -o tlvds-iobuf-io-tangmega138k.fs tlvds-iobuf-io-tangmega138k.json
gowin_pack -d GW5AST-138C -o iodelay-static-io-tangmega138k.fs iodelay-static-io-tangmega138k.json
gowin_pack -d GW5AST-138C -o adclrc-io-tangmega138k.fs adclrc-io-tangmega138k.json
Info:         31 |        0         31 |    0    31 |         0|     201.08     201.08|
Info: Routing complete.
Info: Router1 time 201.08s
Info: Checksum: 0xcd60e669

Info: No Fmax available; no interior timing paths found in design.

Info: Program finished normally.
gowin_pack -d GW5AST-138C -o oser16-io-tangmega138k.fs oser16-io-tangmega138k.json
Info:         24 |        0         24 |    0    24 |         0|     110.13     110.13|
Info: Routing complete.
Info: Router1 time 110.13s
Info: Checksum: 0x13a510f9

Info: No Fmax available; no interior timing paths found in design.

Info: Program finished normally.
gowin_pack -d GW5AST-138C -o ides16-io-tangmega138k.fs ides16-io-tangmega138k.json
rm iddr-boardclk-tangmega138k.json
